timestamp,item_id,unit,kind,delay_days,pass,continuous,minutes,attempts
2026-09-30T17:19,b1-own,baseline,baseline,0,false,0,1.23,1
2026-09-30T17:19,b2-life,baseline,baseline,0,false,0,0.73,1
2026-09-30T17:19,b3-result,baseline,baseline,0,false,0,8.08,1
2026-09-30T17:19,b4-traits,baseline,baseline,0,false,0,2.27,1
2026-09-30T17:19,b5-iter,baseline,baseline,0,false,0,2.87,1
2026-09-30T17:19,b6-enum,baseline,baseline,0,true,1,2.15,1
2026-09-30T17:35,u01-attempt,u01-own-move-borrow,practice,0,true,1,9.62,1
2026-09-30T18:06,u01-reuse-1,u01-own-move-borrow,practice,0,true,1,4.95,1
2026-09-30T18:11,u01-reuse-2,u01-own-move-borrow,practice,0,true,1,2.68,1
2026-09-30T18:23,u01-own-move-borrow-probe-a-p1-board,u01-own-move-borrow,probe-immediate,0.0,true,1.0000,5.45,1
2026-09-30T18:24,u01-own-move-borrow-probe-a-p2-summary,u01-own-move-borrow,probe-immediate,0.0,true,1.0000,5.45,1
2026-09-30T18:24,u01-own-move-borrow-probe-a-p3-shift,u01-own-move-borrow,probe-immediate,0.0,true,1.0000,5.45,1
