timestamp,session,n,kind,item,minute,request_kind,note
2026-09-30T15:42,2026-09-30T15:40,1,present,b1-own,2.93,,
2026-09-30T16:07,2026-09-30T15:40,2,present,b1-own,27.39,,
2026-09-30T16:33,2026-09-30T15:40,3,present,b2-life,53.58,,
2026-09-30T16:42,2026-09-30T15:40,4,present,b3-result,62.76,,
2026-09-30T16:55,2026-09-30T15:40,5,present,b4-traits,75.99,,
2026-09-30T17:06,2026-09-30T15:40,6,present,b5-iter,86.30,,
2026-09-30T17:11,2026-09-30T15:40,7,present,b6-enum,91.17,,
2026-09-30T17:19,2026-09-30T15:40,8,feedback,b1-own,99.15,,
2026-09-30T17:19,2026-09-30T15:40,9,feedback,b2-life,99.15,,
2026-09-30T17:19,2026-09-30T15:40,10,feedback,b3-result,99.15,,
2026-09-30T17:19,2026-09-30T15:40,11,feedback,b4-traits,99.15,,
2026-09-30T17:19,2026-09-30T15:40,12,feedback,b5-iter,99.15,,
2026-09-30T17:19,2026-09-30T15:40,13,feedback,b6-enum,99.15,,
2026-09-30T17:19,2026-09-30T15:40,14,start,u01-own-move-borrow,99.42,,
2026-09-30T17:19,2026-09-30T15:40,15,present,u01-attempt,99.42,,
2026-09-30T17:35,2026-09-30T15:40,16,feedback,u01-attempt,115.89,,
2026-09-30T17:36,2026-09-30T15:40,17,instruction,u01-attempt,116.00,,
2026-09-30T17:36,2026-09-30T15:40,18,present,u01-reuse-1,116.00,,
2026-09-30T17:41,2026-09-30T15:40,19,instruction,u01-attempt,121.44,explain,
2026-09-30T17:43,2026-09-30T15:40,20,instruction,u01-attempt,123.39,explain,
2026-09-30T17:46,2026-09-30T15:40,21,instruction,u01-attempt,126.04,,
2026-09-30T17:48,2026-09-30T15:40,22,instruction,u01-attempt,128.05,explain,
2026-09-30T18:06,2026-09-30T15:40,23,feedback,u01-reuse-1,146.23,,
2026-09-30T18:06,2026-09-30T15:40,24,present,u01-reuse-2,146.23,,
2026-09-30T18:11,2026-09-30T15:40,25,feedback,u01-reuse-2,151.31,,
2026-09-30T18:24,2026-09-30T15:40,26,feedback,u01-probe-a,164.37,,
