team,team_local_id,canonical_id,frame_id,question_domains,source_hint
a,a-sR01-f000227-q1,m2b1-q001,f000227,embedded,distributed;embedded
a,a-sR01-f000227-q2,m2b1-q002,f000227,embedded,distributed;embedded
b,b-sR01-f000233-q1,m2b1-q003,f000233,embedded;web;distributed;other,core;distributed
b,b-sR01-f000233-q2,m2b1-q004,f000233,core,core;distributed
b,b-sR01-f000256-q1,m2b1-q005,f000256,wasm;frontend;web,wasm
b,b-sR01-f000464-q1,m2b1-q006,f000464,ml,ml
b,b-sR01-f000464-q2,m2b1-q007,f000464,ml,ml
b,b-sb01-f000493-q1,m2b1-q008,f000493,core,desktop-cli-ui
a,a-01-f000530-q1,m2b1-q009,f000530,desktop-cli-ui,desktop-cli-ui
a,a-sR01-f000538-q1,m2b1-q010,f000538,web;core,frontend
a,a-sR01-f000538-q2,m2b1-q011,f000538,web,frontend
a,a-01-f000543-q1,m2b1-q012,f000543,frontend,frontend
b,b-sb03-f000569-q1,m2b1-q013,f000569,ml,ml
b,b-sb03-f000669-q1,m2b1-q014,f000669,web,frontend
a,a-01-f000701-q1,m2b1-q015,f000701,frontend,frontend
b,b-sb03-f000715-q1,m2b1-q016,f000715,embedded,embedded
b,b-sR03-f000763-q1,m2b1-q017,f000763,desktop-cli-ui,desktop-cli-ui
b,b-sR03-f000763-q2,m2b1-q018,f000763,desktop-cli-ui,desktop-cli-ui
b,b-sR03-f000763-q3,m2b1-q019,f000763,desktop-cli-ui,desktop-cli-ui
b,b-sR03-f000889-q1,m2b1-q020,f000889,wasm,wasm
a,a-02-f000957-q1,m2b1-q021,f000957,frontend,frontend
a,a-02-f000977-q1,m2b1-q022,f000977,wasm,wasm
a,a-02-f000993-q1,m2b1-q023,f000993,ml,ml
a,a-02-f000993-q2,m2b1-q024,f000993,ml,ml
b,b-sb04-f001022-q1,m2b1-q025,f001022,desktop-cli-ui;core,desktop-cli-ui
a,a-02-f001053-q1,m2b1-q026,f001053,distributed;core,distributed
a,a-sR04-f001096-q1,m2b1-q027,f001096,ml,ml
a,a-sR04-f001096-q2,m2b1-q028,f001096,ml;core,ml
b,b-sR03-f001160-q1,m2b1-q029,f001160,wasm,wasm
b,b-sR03-f001160-q2,m2b1-q030,f001160,wasm,wasm
a,a-02-f001181-q1,m2b1-q031,f001181,wasm;embedded,wasm
a,a-02-f001231-q1,m2b1-q032,f001231,desktop-cli-ui,desktop-cli-ui
b,b-sb04-f001365-q1,m2b1-q033,f001365,web,web
b,b-sb04-f001392-q1,m2b1-q034,f001392,desktop-cli-ui;embedded;core,desktop-cli-ui
b,b-sb04-f001392-q2,m2b1-q035,f001392,core,desktop-cli-ui
b,b-sb04-f001392-q3,m2b1-q036,f001392,core,desktop-cli-ui
b,b-sR04-f001401-q1,m2b1-q037,f001401,wasm,wasm
b,b-sb05-f001512-q1,m2b1-q038,f001512,embedded,embedded
b,b-sb05-f001512-q2,m2b1-q039,f001512,embedded,embedded
b,b-sb05-f001512-q3,m2b1-q040,f001512,embedded,embedded
b,b-sb05-f001512-q4,m2b1-q041,f001512,embedded,embedded
b,b-sR04-f001515-q1,m2b1-q042,f001515,decentralized-iroh,decentralized-iroh
b,b-sb05-f001582-q1,m2b1-q043,f001582,core;wasm,wasm
b,b-sb05-f001582-q2,m2b1-q044,f001582,core,wasm
b,b-sR04-f001617-q1,m2b1-q042,f001617,desktop-cli-ui,desktop-cli-ui
b,b-sR04-f001724-q1,m2b1-q045,f001724,core,distributed
b,b-sR04-f001749-q1,m2b1-q046,f001749,desktop-cli-ui,desktop-cli-ui
b,b-sR04-f001749-q2,m2b1-q047,f001749,desktop-cli-ui,desktop-cli-ui
a,a-sa01-f001838-q1,m2b1-q048,f001838,embedded,embedded
b,b-sb06-f001838-q1,m2b1-q048,f001838,embedded,embedded
a,a-sR05-f001981-q1,m2b1-q049,f001981,distributed;decentralized-iroh,decentralized-iroh
a,a-sR05-f001981-q2,m2b1-q050,f001981,decentralized-iroh;core,decentralized-iroh
b,b-sR05-f001983-q1,m2b1-q051,f001983,wasm,wasm
a,a-sR06-f001989-q1,m2b1-q052,f001989,embedded,embedded
a,a-sR06-f002005-q1,m2b1-q053,f002005,embedded,embedded
a,a-sR06-f002005-q2,m2b1-q054,f002005,embedded,embedded
a,a-sR06-f002016-q1,m2b1-q029,f002016,ml;core,wasm
b,b-sb06-f002027-q1,m2b1-q055,f002027,embedded,embedded
b,b-sb06-f002033-q1,m2b1-q056,f002033,core,wasm
b,b-sR05-f002048-q1,m2b1-q057,f002048,ml,ml
b,b-sR05-f002048-q2,m2b1-q058,f002048,ml,ml
a,a-sa02-f002124-q1,m2b1-q059,f002124,decentralized-iroh;distributed,decentralized-iroh
a,a-sa02-f002127-q1,m2b1-q060,f002127,desktop-cli-ui,desktop-cli-ui
b,b-sb07-f002142-q1,m2b1-q061,f002142,other,desktop-cli-ui
b,b-sb07-f002142-q2,m2b1-q062,f002142,other,desktop-cli-ui
b,b-sR05-f002151-q1,m2b1-q063,f002151,wasm,frontend
b,b-sR05-f002151-q2,m2b1-q064,f002151,wasm,frontend
a,a-sR07-f002155-q1,m2b1-q025,f002155,embedded;core,embedded
b,b-sR05-f002177-q1,m2b1-q065,f002177,decentralized-iroh,decentralized-iroh
a,a-sa03-f002236-q1,m2b1-q066,f002236,cloud-workers,cloud-workers
a,a-sa03-f002243-q1,m2b1-q067,f002243,ml,ml
a,a-sR07-f002271-q1,m2b1-q068,f002271,frontend;wasm,frontend
a,a-sR07-f002271-q2,m2b1-q069,f002271,frontend,frontend
a,a-sa03-f002300-q1,m2b1-q070,f002300,frontend,frontend
b,b-sb07-f002307-q1,m2b1-q071,f002307,desktop-cli-ui;wasm,desktop-cli-ui
b,b-sR05-f002326-q1,m2b1-q072,f002326,embedded,embedded
a,a-sR07-f002341-q1,m2b1-q073,f002341,distributed;core,decentralized-iroh
b,b-sR05-f002341-q1,m2b1-q073,f002341,distributed,decentralized-iroh
a,a-sR07-f002347-q1,m2b1-q074,f002347,core,desktop-cli-ui
a,a-sa03-f002356-q1,m2b1-q075,f002356,desktop-cli-ui,desktop-cli-ui
b,b-sR05-f002453-q1,m2b1-q029,f002453,decentralized-iroh,decentralized-iroh
b,b-sR05-f002453-q2,m2b1-q076,f002453,decentralized-iroh,decentralized-iroh
a,a-sa05-f002466-q1,m2b1-q077,f002466,wasm,wasm
b,b-sR05-f002466-q1,m2b1-q078,f002466,wasm,wasm
b,b-sb08-f002517-q1,m2b1-q079,f002517,embedded,embedded
b,b-sb08-f002517-q2,m2b1-q080,f002517,embedded,embedded
b,b-sb08-f002518-q1,m2b1-q081,f002518,ml,ml
b,b-sb08-f002518-q2,m2b1-q023,f002518,ml;core,ml
b,b-sb08-f002538-q1,m2b1-q082,f002538,web,web
a,a-sa04-f002554-q1,m2b1-q083,f002554,desktop-cli-ui,desktop-cli-ui
b,b-sb09-f002567-q1,m2b1-q084,f002567,ml,ml
b,b-sb09-f002567-q2,m2b1-q085,f002567,ml,ml
b,b-sb09-f002615-q1,m2b1-q086,f002615,embedded,embedded
a,a-sa04-f002665-q1,m2b1-q087,f002665,decentralized-iroh;swift-interop,decentralized-iroh
a,a-sR08-f002685-q1,m2b1-q088,f002685,desktop-cli-ui,desktop-cli-ui
b,b-sb09-f002719-q1,m2b1-q089,f002719,desktop-cli-ui;frontend;wasm,frontend
a,a-sa04-f002865-q1,m2b1-q029,f002865,embedded,embedded
b,b-sR06-f002937-q1,m2b1-q090,f002937,wasm;core,wasm
a,a-sa05-f003025-q1,m2b1-q091,f003025,core;desktop-cli-ui,desktop-cli-ui
a,a-sa05-f003025-q2,m2b1-q092,f003025,core,desktop-cli-ui
b,b-sb09-f003030-q1,m2b1-q093,f003030,embedded,embedded
b,b-sb09-f003030-q2,m2b1-q094,f003030,embedded,embedded
a,a-sR08-f003033-q1,m2b1-q095,f003033,wasm,wasm
b,b-sb09-f003036-q1,m2b1-q096,f003036,embedded;core,embedded
b,b-sb09-f003052-q1,m2b1-q097,f003052,wasm;core,wasm
a,a-sa05-f003074-q1,m2b1-q098,f003074,wasm,wasm
a,a-sa05-f003074-q2,m2b1-q099,f003074,wasm,wasm
a,a-sR08-f003082-q1,m2b1-q100,f003082,core;wasm,wasm
a,a-sa05-f003126-q1,m2b1-q101,f003126,desktop-cli-ui;other,desktop-cli-ui
a,a-sa05-f003169-q1,m2b1-q102,f003169,embedded,embedded
b,b-sb10-f003186-q1,m2b1-q103,f003186,core;embedded,wasm
b,b-sb10-f003188-q1,m2b1-q104,f003188,distributed;decentralized-iroh,decentralized-iroh
b,b-sb10-f003188-q2,m2b1-q105,f003188,distributed;decentralized-iroh,decentralized-iroh
b,b-sb10-f003222-q1,m2b1-q105,f003222,distributed;decentralized-iroh,decentralized-iroh
b,b-sb10-f003222-q2,m2b1-q106,f003222,distributed;decentralized-iroh,decentralized-iroh
b,b-sb11-f003384-q1,m2b1-q107,f003384,wasm,wasm
b,b-sb11-f003384-q2,m2b1-q108,f003384,wasm,wasm
a,a-sa06-f003414-q1,m2b1-q109,f003414,desktop-cli-ui,desktop-cli-ui
a,a-sa06-f003414-q2,m2b1-q025,f003414,desktop-cli-ui;core,desktop-cli-ui
a,a-sa06-f003414-q3,m2b1-q110,f003414,core,desktop-cli-ui
a,a-sa06-f003414-q4,m2b1-q111,f003414,desktop-cli-ui,desktop-cli-ui
b,b-sR08-f003531-q1,m2b1-q112,f003531,desktop-cli-ui,desktop-cli-ui
b,b-sR08-f003540-q1,m2b1-q113,f003540,other,distributed
b,b-sR08-f003550-q1,m2b1-q114,f003550,ml,ml
a,a-sa06-f003558-q1,m2b1-q115,f003558,wasm,wasm
a,a-sa06-f003558-q2,m2b1-q116,f003558,wasm,wasm
a,a-sR08-f003580-q1,m2b1-q117,f003580,distributed;core,cloud-workers
b,b-sR08-f003587-q1,m2b1-q118,f003587,ml;embedded,ml
b,b-sR08-f003587-q2,m2b1-q119,f003587,ml,ml
b,b-sR08-f003587-q3,m2b1-q120,f003587,ml,ml
a,a-sa06-f003590-q1,m2b1-q121,f003590,decentralized-iroh,decentralized-iroh
a,a-sa06-f003590-q2,m2b1-q122,f003590,decentralized-iroh,decentralized-iroh
a,a-sR09-f003702-q1,m2b1-q123,f003702,decentralized-iroh;core,decentralized-iroh
b,b-sR08-f003702-q1,m2b1-q124,f003702,decentralized-iroh;ml,decentralized-iroh
a,a-sa07-f003704-q1,m2b1-q125,f003704,ml;core,ml
a,a-sa07-f003704-q2,m2b1-q126,f003704,ml;core,ml
a,a-sa07-f003704-q3,m2b1-q127,f003704,ml;core,ml
a,a-sa07-f003704-q4,m2b1-q128,f003704,ml;core,ml
a,a-sa07-f003716-q1,m2b1-q129,f003716,core,desktop-cli-ui
a,a-sa07-f003716-q2,m2b1-q130,f003716,core,desktop-cli-ui
b,b-sR08-f003731-q1,m2b1-q131,f003731,decentralized-iroh,decentralized-iroh
b,b-sR08-f003731-q2,m2b1-q132,f003731,decentralized-iroh,decentralized-iroh
b,b-sR09-f003815-q1,m2b1-q133,f003815,wasm,wasm
a,a-sa07-f003922-q1,m2b1-q134,f003922,wasm;cloud-workers;distributed,cloud-workers
b,b-sR09-f003938-q1,m2b1-q135,f003938,frontend,frontend
b,b-sR09-f003955-q1,m2b1-q136,f003955,embedded,embedded
b,b-sb13-f003963-q1,m2b1-q137,f003963,frontend,frontend
b,b-sb13-f003963-q2,m2b1-q138,f003963,frontend,frontend
a,a-sR11-f003983-q1,m2b1-q139,f003983,ml;core,ml
a,a-sR11-f003983-q2,m2b1-q140,f003983,ml;distributed,ml
a,a-sa09-f004016-q1,m2b1-q141,f004016,core;ml,ml
a,a-sa09-f004016-q2,m2b1-q142,f004016,ml,ml
a,a-sa09-f004055-q1,m2b1-q143,f004055,embedded,embedded
a,a-sa09-f004055-q2,m2b1-q144,f004055,embedded,embedded
a,a-sa09-f004055-q3,m2b1-q145,f004055,embedded;core,embedded
b,b-sb13-f004160-q1,m2b1-q146,f004160,embedded,embedded
b,b-sb13-f004160-q2,m2b1-q147,f004160,embedded,embedded
a,a-sR11-f004170-q1,m2b1-q059,f004170,distributed;decentralized-iroh,decentralized-iroh
a,a-sa11-f004265-q1,m2b1-q148,f004265,embedded,embedded
a,a-sa11-f004265-q2,m2b1-q149,f004265,embedded,embedded
a,a-sa11-f004265-q3,m2b1-q150,f004265,embedded,embedded
b,b-sb13-f004367-q1,m2b1-q151,f004367,frontend,frontend
b,b-sb14-f004398-q1,m2b1-q152,f004398,core,desktop-cli-ui
b,b-sb14-f004398-q2,m2b1-q153,f004398,core,desktop-cli-ui
b,b-sb14-f004399-q1,m2b1-q154,f004399,web;frontend;wasm,frontend
b,b-sR10-f004423-q1,m2b1-q155,f004423,decentralized-iroh;distributed;core,decentralized-iroh
b,b-sR10-f004423-q2,m2b1-q156,f004423,decentralized-iroh;distributed;core,decentralized-iroh
a,a-sa11-f004471-q1,m2b1-q157,f004471,embedded,decentralized-iroh
a,a-sa11-f004512-q1,m2b1-q158,f004512,embedded,embedded
a,a-sa11-f004512-q2,m2b1-q159,f004512,embedded,embedded
a,a-sa11-f004512-q3,m2b1-q160,f004512,embedded,embedded
a,a-sa11-f004512-q4,m2b1-q161,f004512,embedded,embedded
b,b-sR10-f004573-q1,m2b1-q162,f004573,ml;core,ml
b,b-sR10-f004573-q2,m2b1-q163,f004573,ml;core,ml
a,a-sR13-f004586-q1,m2b1-q164,f004586,decentralized-iroh;core,decentralized-iroh
a,a-sR13-f004586-q2,m2b1-q165,f004586,decentralized-iroh;core,decentralized-iroh
a,a-sR13-f004586-q3,m2b1-q166,f004586,decentralized-iroh;distributed,decentralized-iroh
a,a-sa12-f004598-q1,m2b1-q167,f004598,wasm;cloud-workers,cloud-workers
a,a-sa12-f004598-q2,m2b1-q168,f004598,wasm;cloud-workers,cloud-workers
a,a-sa12-f004637-q1,m2b1-q169,f004637,web;core,web
a,a-sR13-f004685-q1,m2b1-q170,f004685,decentralized-iroh;core,decentralized-iroh
a,a-sR13-f004685-q2,m2b1-q171,f004685,decentralized-iroh;core,decentralized-iroh
b,b-sR10-f004706-q1,m2b1-q172,f004706,web;frontend;core,frontend
b,b-sb15-f004721-q1,m2b1-q173,f004721,wasm;core,wasm
b,b-sR10-f004741-q1,m2b1-q155,f004741,decentralized-iroh;distributed;core,decentralized-iroh
b,b-sR10-f004741-q2,m2b1-q156,f004741,decentralized-iroh;distributed;core,decentralized-iroh
b,b-sR10-f004741-q3,m2b1-q174,f004741,decentralized-iroh;distributed;core,decentralized-iroh
a,a-sa13-f004772-q1,m2b1-q175,f004772,desktop-cli-ui,desktop-cli-ui
a,a-sa13-f004772-q2,m2b1-q176,f004772,desktop-cli-ui;core,desktop-cli-ui
a,a-sa13-f004772-q3,m2b1-q177,f004772,core;desktop-cli-ui,desktop-cli-ui
a,a-sa13-f004772-q4,m2b1-q092,f004772,core,desktop-cli-ui
b,b-sR10-f004804-q1,m2b1-q178,f004804,embedded;core,embedded
b,b-sR10-f004804-q2,m2b1-q179,f004804,embedded;core,embedded
b,b-sR10-f004809-q1,m2b1-q180,f004809,wasm;cloud-workers;web,cloud-workers
b,b-sR10-f004809-q2,m2b1-q181,f004809,wasm;cloud-workers,cloud-workers
a,a-sR14-f004865-q1,m2b1-q182,f004865,embedded,decentralized-iroh
a,a-sR14-f004865-q2,m2b1-q183,f004865,web;embedded,decentralized-iroh
a,a-sa14-f004947-q1,m2b1-q184,f004947,desktop-cli-ui,cloud-workers
b,b-sR11-f004947-q1,m2b1-q185,f004947,desktop-cli-ui,cloud-workers
b,b-sR11-f004960-q1,m2b1-q186,f004960,decentralized-iroh,decentralized-iroh
a,a-sa14-f004985-q1,m2b1-q187,f004985,wasm;cloud-workers,cloud-workers
a,a-sa14-f004985-q2,m2b1-q188,f004985,wasm;cloud-workers,cloud-workers
a,a-sa14-f004985-q3,m2b1-q049,f004985,wasm;cloud-workers,cloud-workers
b,b-sR11-f004993-q1,m2b1-q173,f004993,core,desktop-cli-ui
b,b-sR11-f004993-q2,m2b1-q189,f004993,core,desktop-cli-ui
b,b-sb16-f004997-q1,m2b1-q190,f004997,embedded,embedded
b,b-sb16-f005000-q1,m2b1-q191,f005000,wasm;core,wasm
b,b-sb16-f005000-q2,m2b1-q192,f005000,wasm;core,wasm
b,b-sR11-f005050-q1,m2b1-q193,f005050,wasm,cloud-workers
b,b-sR11-f005050-q2,m2b1-q194,f005050,wasm,cloud-workers
b,b-sR11-f005053-q1,m2b1-q195,f005053,wasm,cloud-workers
b,b-sR11-f005071-q1,m2b1-q196,f005071,distributed,desktop-cli-ui
a,a-sa14-f005079-q1,m2b1-q197,f005079,core,wasm
a,a-sa14-f005079-q2,m2b1-q029,f005079,core,wasm
a,a-sa14-f005079-q3,m2b1-q198,f005079,core,wasm
a,a-sa14-f005079-q4,m2b1-q036,f005079,core,wasm
a,a-sa14-f005079-q5,m2b1-q199,f005079,core,wasm
b,b-sR12-f005085-q1,m2b1-q200,f005085,ml;core,ml
b,b-sR12-f005085-q2,m2b1-q201,f005085,ml;core,ml
b,b-sb17-f005113-q1,m2b1-q202,f005113,distributed,cloud-workers
b,b-sR12-f005120-q1,m2b1-q171,f005120,ml;core,ml
b,b-sR12-f005120-q2,m2b1-q203,f005120,ml;core,ml
b,b-sb17-f005144-q1,m2b1-q204,f005144,frontend,frontend;web
a,a-sa14-f005149-q1,m2b1-q105,f005149,core,decentralized-iroh
a,a-sa14-f005149-q2,m2b1-q205,f005149,core,decentralized-iroh
a,a-sa14-f005149-q3,m2b1-q206,f005149,core,decentralized-iroh
b,b-sb17-f005159-q1,m2b1-q207,f005159,decentralized-iroh,decentralized-iroh;distributed
b,b-sb17-f005159-q2,m2b1-q155,f005159,decentralized-iroh,decentralized-iroh;distributed
b,b-sb17-f005159-q3,m2b1-q208,f005159,decentralized-iroh,decentralized-iroh;distributed
b,b-sb17-f005159-q4,m2b1-q209,f005159,decentralized-iroh,decentralized-iroh;distributed
b,b-sb17-f005159-q5,m2b1-q210,f005159,decentralized-iroh,decentralized-iroh;distributed
a,a-sa14-f005162-q1,m2b1-q211,f005162,embedded,embedded
b,b-sR12-f005169-q1,m2b1-q212,f005169,embedded;core,embedded
a,a-sR14-f005287-q1,m2b1-q213,f005287,core,core
b,b-sb18-f005307-q1,m2b1-q214,f005307,distributed;decentralized-iroh,decentralized-iroh
b,b-sb18-f005307-q2,m2b1-q215,f005307,distributed;decentralized-iroh,decentralized-iroh
b,b-sb18-f005332-q1,m2b1-q216,f005332,core;embedded,core
a,a-saL1-f005360-q1,m2b1-q217,f005360,web;distributed;core,web
a,a-saL1-f005360-q2,m2b1-q218,f005360,distributed;embedded;core,web
a,a-saL1-f005360-q3,m2b1-q219,f005360,web;cloud-workers;core,web
b,b-sR12-f005421-q1,m2b1-q162,f005421,core;embedded,embedded;ml
a,a-saL1-f005454-q1,m2b1-q220,f005454,web;core,core
a,a-saL1-f005454-q2,m2b1-q221,f005454,web;core,core
a,a-saL1-f005516-q1,m2b1-q222,f005516,core,core
a,a-saL1-f005516-q2,m2b1-q223,f005516,core,core
a,a-saL1-f005516-q3,m2b1-q224,f005516,core;embedded,core
a,a-saL1-f005516-q4,m2b1-q225,f005516,core,core
b,b-sb18-f005600-q1,m2b1-q226,f005600,core;distributed,core
a,a-sa15-f005604-q1,m2b1-q227,f005604,distributed;web,cloud-workers;web
b,b-sR12-f005668-q1,m2b1-q228,f005668,swift-interop;core,swift-interop
b,b-sR12-f005668-q2,m2b1-q229,f005668,swift-interop;core,swift-interop
b,b-sb19-f005691-q1,m2b1-q230,f005691,wasm;frontend,frontend;wasm
b,b-sb19-f005699-q1,m2b1-q005,f005699,wasm;frontend,frontend;wasm
a,a-sR14-f005702-q1,m2b1-q231,f005702,web;frontend,desktop-cli-ui;ml;web
b,b-sb19-f005743-q1,m2b1-q232,f005743,core,core
b,b-sb19-f005743-q2,m2b1-q233,f005743,core,core
b,b-sb19-f005743-q3,m2b1-q234,f005743,core,core
b,b-sb19-f005743-q4,m2b1-q235,f005743,core,core
b,b-sb19-f005743-q5,m2b1-q236,f005743,core,core
a,a-sa15-f005821-q1,m2b1-q237,f005821,core;wasm,ml
a,a-sa15-f005821-q2,m2b1-q238,f005821,core,ml
b,b-sb19-f005836-q1,m2b1-q239,f005836,core,ml
b,b-sb19-f005836-q2,m2b1-q240,f005836,core,ml
a,a-sa15-f005857-q1,m2b1-q241,f005857,desktop-cli-ui,desktop-cli-ui;frontend
b,b-sb19-f005872-q1,m2b1-q242,f005872,web,web
a,a-sa15-f005948-q1,m2b1-q243,f005948,cloud-workers;distributed,cloud-workers;web
b,b-sb19-f005948-q1,m2b1-q243,f005948,cloud-workers;distributed,cloud-workers;web
b,b-sb19-f005964-q1,m2b1-q244,f005964,web;core,web
a,a-sa15-f006797-q1,m2b1-q244,f006797,core;desktop-cli-ui,core
b,b-sb19-f007042-q1,m2b1-q245,f007042,cloud-workers,cloud-workers
a,a-sa16-f007175-q1,m2b1-q246,f007175,core,web
a,a-sa16-f007175-q2,m2b1-q247,f007175,desktop-cli-ui;core,web
b,b-sb19-f007207-q1,m2b1-q248,f007207,core,core
b,b-sb19-f007207-q2,m2b1-q249,f007207,core,core
b,b-sb19-f007207-q3,m2b1-q250,f007207,core,core
b,b-sb20-f007213-q1,m2b1-q251,f007213,core,core
b,b-sb20-f007290-q1,m2b1-q252,f007290,frontend;wasm,frontend
b,b-sb20-f007290-q2,m2b1-q253,f007290,frontend;web,frontend
b,b-sb20-f007290-q3,m2b1-q254,f007290,wasm;frontend,frontend
a,a-sR14-f007341-q1,m2b1-q255,f007341,web,frontend;wasm
b,b-sb20-f007364-q1,m2b1-q256,f007364,core,core
a,a-sa16-f007483-q1,m2b1-q257,f007483,desktop-cli-ui;embedded;wasm;core,wasm
b,b-sb20-f007608-q1,m2b1-q258,f007608,core,core
b,b-sb20-f007608-q2,m2b1-q256,f007608,core,core
b,b-sb20-f007678-q1,m2b1-q259,f007678,other,desktop-cli-ui;swift-interop;web
b,b-sb20-f007678-q2,m2b1-q260,f007678,swift-interop;other,desktop-cli-ui;swift-interop;web
a,a-sa17-f007736-q1,m2b1-q261,f007736,cloud-workers;core,cloud-workers
b,b-sb20-f007736-q1,m2b1-q261,f007736,cloud-workers,cloud-workers
b,b-sb20-f007760-q1,m2b1-q261,f007760,cloud-workers,cloud-workers
a,a-sa17-f007797-q1,m2b1-q262,f007797,cloud-workers,cloud-workers;web
b,b-sb20-f007797-q1,m2b1-q262,f007797,cloud-workers,cloud-workers;web
a,a-sa17-f007846-q1,m2b1-q226,f007846,ml;core,embedded
a,a-sa17-f007884-q1,m2b1-q127,f007884,desktop-cli-ui;core,core;frontend
b,b-sb20-f007942-q1,m2b1-q263,f007942,other,core
b,b-sR13-f007973-q1,m2b1-q264,f007973,core;desktop-cli-ui,frontend
a,a-sa17-f008217-q1,m2b1-q265,f008217,embedded,core
a,a-sa17-f008217-q2,m2b1-q266,f008217,embedded,core
a,a-sR15-f008241-q1,m2b1-q267,f008241,core;web,web
a,a-sR15-f008241-q2,m2b1-q268,f008241,core,web
a,a-sa18-f008389-q1,m2b1-q269,f008389,swift-interop,swift-interop
b,b-sb21-f008390-q1,m2b1-q270,f008390,desktop-cli-ui;frontend,frontend
b,b-sb21-f008390-q2,m2b1-q271,f008390,desktop-cli-ui,frontend
b,b-sb21-f008390-q3,m2b1-q272,f008390,desktop-cli-ui,frontend
b,b-sb21-f008390-q4,m2b1-q273,f008390,desktop-cli-ui,frontend
b,b-sb21-f008396-q1,m2b1-q274,f008396,core,distributed
a,a-sa18-f008583-q1,m2b1-q275,f008583,cloud-workers;core,cloud-workers
b,b-sb21-f008583-q1,m2b1-q275,f008583,cloud-workers;core,cloud-workers
a,a-sa18-f008651-q1,m2b1-q276,f008651,web;core,web
a,a-sa18-f008694-q1,m2b1-q277,f008694,core,core
a,a-sa18-f008787-q1,m2b1-q278,f008787,ml;embedded;desktop-cli-ui;wasm,ml
b,b-sb21-f008793-q1,m2b1-q279,f008793,swift-interop,swift-interop
b,b-sR13-f008801-q1,m2b1-q280,f008801,core,wasm;web
b,b-sb21-f008808-q1,m2b1-q281,f008808,ml,distributed
b,b-sb22-f008906-q1,m2b1-q221,f008906,cloud-workers;web,cloud-workers
b,b-sb22-f008906-q2,m2b1-q282,f008906,core;cloud-workers,cloud-workers
b,b-sb22-f008906-q3,m2b1-q220,f008906,cloud-workers;web,cloud-workers
b,b-sb22-f008906-q4,m2b1-q283,f008906,cloud-workers;distributed,cloud-workers
b,b-sb22-f008906-q5,m2b1-q284,f008906,distributed;cloud-workers,cloud-workers
b,b-sb22-f008906-q6,m2b1-q285,f008906,cloud-workers,cloud-workers
b,b-sb22-f008914-q1,m2b1-q259,f008914,other,frontend
b,b-sb22-f008914-q2,m2b1-q260,f008914,swift-interop;other,frontend
a,a-sa18-f009026-q1,m2b1-q286,f009026,distributed;web;cloud-workers,distributed
b,b-sb22-f009062-q1,m2b1-q287,f009062,wasm,wasm
b,b-sb22-f009062-q2,m2b1-q288,f009062,wasm;core,wasm
a,a-sa18-f009104-q1,m2b1-q289,f009104,core,frontend
a,a-sa18-f009104-q2,m2b1-q290,f009104,core,frontend
a,a-sa19-f009123-q1,m2b1-q291,f009123,core,core;ml
b,b-sb22-f009132-q1,m2b1-q292,f009132,core,core
a,a-sa19-f009196-q1,m2b1-q293,f009196,core,core
a,a-sa19-f009196-q2,m2b1-q294,f009196,distributed;cloud-workers;core,core
b,b-sb22-f009236-q1,m2b1-q295,f009236,core,ml
a,a-sa19-f009292-q1,m2b1-q296,f009292,core,ml
a,a-sa19-f009292-q2,m2b1-q297,f009292,core,ml
b,b-sb22-f009292-q1,m2b1-q296,f009292,core,ml
a,a-sa19-f009316-q1,m2b1-q298,f009316,core,ml
b,b-sb23-f009334-q1,m2b1-q299,f009334,core,swift-interop
b,b-sb23-f009334-q2,m2b1-q300,f009334,core,swift-interop
a,a-sa19-f009343-q1,m2b1-q301,f009343,core;desktop-cli-ui,ml
a,a-sa19-f009343-q2,m2b1-q302,f009343,core;desktop-cli-ui,ml
b,b-sb23-f009657-q1,m2b1-q303,f009657,core,core;web
a,a-sa20-f009698-q1,m2b1-q304,f009698,core,core;web
a,a-sa20-f009698-q2,m2b1-q305,f009698,core,core;web
a,a-sa20-f009698-q3,m2b1-q306,f009698,core,core;web
a,a-sa20-f009698-q4,m2b1-q307,f009698,core,core;web
b,b-sb23-f009737-q1,m2b1-q308,f009737,wasm,core;wasm;web
b,b-sR13-f009740-q1,m2b1-q173,f009740,core,core;web
a,a-sR15-f009751-q1,m2b1-q309,f009751,core,core;web
b,b-sR13-f009755-q1,m2b1-q309,f009755,core,core;web
a,a-sa21-f011069-q1,m2b1-q310,f011069,ml;other,ml
a,a-sa21-f011069-q2,m2b1-q311,f011069,core,ml
a,a-sa21-f011069-q3,m2b1-q162,f011069,core,ml
a,a-sa22-f011092-q1,m2b1-q312,f011092,cloud-workers;distributed;core,cloud-workers;embedded;web
a,a-saL2-f011092-q1,m2b1-q313,f011092,core;cloud-workers,cloud-workers;embedded;web
a,a-saL2-f011092-q2,m2b1-q314,f011092,cloud-workers;distributed;core,cloud-workers;embedded;web
a,a-saL2-f011092-q3,m2b1-q315,f011092,cloud-workers;distributed,cloud-workers;embedded;web
a,a-saL2-f011092-q4,m2b1-q316,f011092,cloud-workers;distributed,cloud-workers;embedded;web
a,a-saL2-f011092-q5,m2b1-q317,f011092,core,cloud-workers;embedded;web
a,a-saL2-f011092-q6,m2b1-q105,f011092,core,cloud-workers;embedded;web
b,b-sb23-f011133-q1,m2b1-q318,f011133,desktop-cli-ui,desktop-cli-ui;embedded
b,b-sb23-f011178-q1,m2b1-q319,f011178,distributed;decentralized-iroh,core;ml;web
a,a-sa23-f011186-q1,m2b1-q320,f011186,web,desktop-cli-ui;web
a,a-sa23-f011186-q2,m2b1-q321,f011186,web;core,desktop-cli-ui;web
a,a-sa23-f011186-q3,m2b1-q322,f011186,core,desktop-cli-ui;web
a,a-sa23-f011186-q4,m2b1-q323,f011186,web;core,desktop-cli-ui;web
a,a-sa23-f011186-q5,m2b1-q324,f011186,web;core,desktop-cli-ui;web
a,a-sa24-f011220-q1,m2b1-q262,f011220,cloud-workers;distributed,cloud-workers;web
a,a-sa24-f011220-q2,m2b1-q325,f011220,cloud-workers;distributed;core,cloud-workers;web
b,b-sb23-f011233-q1,m2b1-q326,f011233,ml;other,web
b,b-sb23-f011233-q2,m2b1-q327,f011233,core,web
b,b-sb23-f011235-q1,m2b1-q328,f011235,core,core;web
b,b-sb24-f011295-q1,m2b1-q329,f011295,web;distributed;core,core;web
b,b-sb24-f011295-q2,m2b1-q330,f011295,core,core;web
b,b-sb24-f011295-q3,m2b1-q331,f011295,distributed;web,core;web
a,a-sa26-f011305-q1,m2b1-q332,f011305,desktop-cli-ui;frontend;web;other,core;web
a,a-sa26-f011305-q2,m2b1-q333,f011305,core;web;frontend,core;web
a,a-sa26-f011305-q3,m2b1-q334,f011305,core;frontend;desktop-cli-ui,core;web
a,a-sa26-f011305-q4,m2b1-q335,f011305,core,core;web
a,a-sa26-f011305-q5,m2b1-q089,f011305,core;desktop-cli-ui;embedded,core;web
a,a-sa26-f011305-q6,m2b1-q336,f011305,desktop-cli-ui;frontend,core;web
b,b-sb24-f011306-q1,m2b1-q337,f011306,core;distributed,core;distributed;web
b,b-sb24-f011306-q2,m2b1-q338,f011306,core,core;distributed;web
b,b-sb24-f011306-q3,m2b1-q339,f011306,distributed;core,core;distributed;web
b,b-sb24-f011312-q1,m2b1-q340,f011312,core,core;swift-interop;web
b,b-sb24-f011312-q2,m2b1-q341,f011312,core,core;swift-interop;web
b,b-sb24-f011312-q3,m2b1-q342,f011312,core,core;swift-interop;web
b,b-sb24-f011312-q4,m2b1-q311,f011312,core,core;swift-interop;web
b,b-sb24-f011312-q5,m2b1-q343,f011312,core,core;swift-interop;web
b,b-sb24-f011312-q6,m2b1-q344,f011312,core,core;swift-interop;web
a,a-sa25-f011413-q1,m2b1-q345,f011413,core,web
a,a-sa25-f011413-q2,m2b1-q346,f011413,core;web,web
a,a-sa25-f011413-q3,m2b1-q347,f011413,core;desktop-cli-ui,web
a,a-sa25-f011413-q4,m2b1-q348,f011413,core,web
a,a-sa25-f011413-q5,m2b1-q349,f011413,core,web
b,b-sb24-f011413-q1,m2b1-q345,f011413,core,web
b,b-sb24-f011413-q2,m2b1-q350,f011413,core,web
b,b-sb24-f011413-q3,m2b1-q347,f011413,core,web
b,b-sb24-f011413-q4,m2b1-q348,f011413,core,web
b,b-sb25-f011435-q1,m2b1-q351,f011435,web,ml;web
b,b-sb25-f011435-q2,m2b1-q352,f011435,web;core,ml;web
a,a-sa26-f011443-q1,m2b1-q353,f011443,other,web
a,a-sa26-f011443-q2,m2b1-q354,f011443,ml;core;other,web
a,a-sa26-f011460-q1,m2b1-q005,f011460,wasm;frontend;web,wasm;web
a,a-sa26-f011460-q2,m2b1-q005,f011460,wasm;frontend,wasm;web
a,a-sa26-f011460-q3,m2b1-q355,f011460,wasm;frontend,wasm;web
a,a-sa26-f011605-q1,m2b1-q356,f011605,web,web
a,a-sa26-f011605-q2,m2b1-q357,f011605,web,web
a,a-sa26-f011684-q1,m2b1-q358,f011684,core;other,frontend
b,b-sb25-f011684-q1,m2b1-q358,f011684,core,frontend
a,a-sa26-f011993-q1,m2b1-q359,f011993,core,frontend
a,a-sa26-f012146-q1,m2b1-q332,f012146,web;frontend,web
a,a-sa27-f012237-q1,m2b1-q360,f012237,swift-interop,swift-interop
a,a-sa27-f012237-q2,m2b1-q361,f012237,swift-interop,swift-interop
a,a-sR16-f012428-q1,m2b1-q362,f012428,core;desktop-cli-ui,core
a,a-sa28-f012469-q1,m2b1-q349,f012469,core,core
a,a-sa28-f012469-q2,m2b1-q363,f012469,core,core
a,a-sa28-f012469-q3,m2b1-q364,f012469,core,core
a,a-sa28-f012469-q4,m2b1-q365,f012469,core,core
a,a-sa28-f012469-q5,m2b1-q366,f012469,core,core
a,a-sa28-f012469-q6,m2b1-q367,f012469,core;embedded,core
b,b-sb25-f012561-q1,m2b1-q368,f012561,other,core
b,b-sb25-f012561-q2,m2b1-q369,f012561,other,core
b,b-sb25-f012561-q3,m2b1-q370,f012561,other,core
a,a-sR16-f012642-q1,m2b1-q371,f012642,distributed;core,desktop-cli-ui;frontend
b,b-sb25-f012642-q1,m2b1-q372,f012642,other,desktop-cli-ui;frontend
b,b-sb26-f012849-q1,m2b1-q373,f012849,core;embedded,core
b,b-sb26-f012866-q1,m2b1-q374,f012866,web;frontend;wasm,web
a,a-sa29-f012940-q1,m2b1-q375,f012940,web;distributed;cloud-workers;core,frontend
a,a-sa29-f012940-q2,m2b1-q207,f012940,web;distributed;cloud-workers,frontend
a,a-sa29-f013113-q1,m2b1-q376,f013113,wasm,wasm
a,a-sa29-f013113-q2,m2b1-q377,f013113,wasm,wasm
b,b-sb26-f013214-q1,m2b1-q378,f013214,other,core
b,b-sb26-f013214-q2,m2b1-q379,f013214,other;embedded,core
b,b-sb26-f013214-q3,m2b1-q258,f013214,other;core,core
b,b-sb26-f013214-q4,m2b1-q380,f013214,other,core
a,a-sa29-f013224-q1,m2b1-q381,f013224,core,core
a,a-sa29-f013224-q2,m2b1-q263,f013224,core,core
a,a-sa30-f013276-q1,m2b1-q382,f013276,core;web,core
a,a-sa30-f013276-q2,m2b1-q383,f013276,core;web,core
a,a-sa30-f013276-q3,m2b1-q384,f013276,core,core
a,a-sa30-f013276-q4,m2b1-q385,f013276,core,core
