ts,elapsed_min,session,n,kind,item,request
1790600764,0,adv,0,start,attempt,none
1790600900,2,adv,1,instruction,attempt,none
1790600900,2,adv,2,instruction,attempt,none
1790600900,2,adv,3,instruction,attempt,none
1790600900,2,adv,4,instruction,attempt,none
1790600900,2,adv,5,present,reuse-1,none
1790601001,3,adv,6,hint-1,reuse-1,answer
1790601032,4,adv,7,feedback,reuse-1,none
1790601032,4,adv,8,present,reuse-2,none
1790601067,5,adv,9,hint-1,reuse-2,answer
1790601088,5,adv,10,question,reuse-2,answer
1790601137,6,adv,11,question,reuse-2,answer
1790601167,6,adv,12,feedback,reuse-2,none
1790601167,6,adv,13,present,unshown,none
1790601211,7,adv,14,hint-1,unshown,answer
1790601238,7,adv,15,question,unshown,answer
1790601267,8,adv,16,feedback,unshown,none
1790601295,8,adv,17,feedback,u01-all,answer
1790601317,9,adv,18,hint-2,unshown,answer
1790601340,9,adv,19,feedback,u01-all ladder gap: u01-all,explain
1790601340,9,adv,20,question,unshown,answer
1790601373,10,adv,21,question,unshown,explain
1790601373,10,adv,22,question,unshown,answer
1790601373,10,adv,23,feedback,attempt,explain
1790601373,10,adv,24,question,u01-all,answer
1790601399,10,adv,25,question,unshown,answer
