batch,stratum,team,source_id,question_id,source_hint,team_local_id
1,cloud-workers,a,f000149,rust-efficiency-for-cloud-workloads,ml,a-sB01-f000149-q3
1,cloud-workers,a,f000149,rust-for-mlops-vs-python,ml,a-sB01-f000149-q1
1,cloud-workers,a,f000149,web-framework-actor-vs-tower,ml,a-sB01-f000149-q2
1,cloud-workers,a,f001053,depend-vs-hand-roll,distributed,a-02-f001053-q1
1,cloud-workers,a,f001981,service-fault-isolation-degrade,decentralized-iroh,a-sR05-f001981-q1
1,cloud-workers,a,f002016,depend-vs-hand-roll,wasm,a-sR06-f002016-q1
1,cloud-workers,a,f002236,async-transport-asyncread-vs-sink-stream,cloud-workers,a-sa03-f002236-q1
1,cloud-workers,a,f002865,depend-vs-hand-roll,embedded,a-sa04-f002865-q1
1,cloud-workers,a,f003082,macro-vs-boilerplate,wasm,a-sR08-f003082-q1
1,cloud-workers,a,f003922,wasm-components-for-interop,cloud-workers,a-sa07-f003922-q1
1,cloud-workers,a,f004169,tower-middleware-vs-handler-helpers,decentralized-iroh,a-sT08-f004169-q3
1,cloud-workers,a,f004598,ffi-tag-unwind-vs-abort,cloud-workers,a-sa12-f004598-q2
1,cloud-workers,a,f004598,wasm-panic-unwind-vs-abort,cloud-workers,a-sa12-f004598-q1
1,cloud-workers,a,f004985,embedded-interpreter-stopgap,cloud-workers,a-sa14-f004985-q2
1,cloud-workers,a,f004985,emscripten-vs-native-rust-wasm,cloud-workers,a-sa14-f004985-q1
1,cloud-workers,a,f004985,service-fault-isolation-degrade,cloud-workers,a-sa14-f004985-q3
1,cloud-workers,a,f005079,depend-vs-hand-roll,wasm,a-sa14-f005079-q2;a-sa14-f005079-q3
1,cloud-workers,a,f005149,library-error-type-opaque-vs-typed,decentralized-iroh,a-sa14-f005149-q1
1,cloud-workers,a,f005360,in-app-vs-infrastructure-concern,web,a-sa14-f005360-q4
1,cloud-workers,a,f005360,tokio-axum-vs-nginx-performance,web,a-saL1-f005360-q3
1,cloud-workers,a,f005454,http-error-status-in-result,core,a-saL1-f005454-q1
1,cloud-workers,a,f005948,rust-worth-it-for-failure-heavy-infra,cloud-workers;web,a-sa15-f005948-q1
1,cloud-workers,a,f007659,lambda-release-profile-size,cloud-workers,a-sT11-f007659-q1
1,cloud-workers,a,f007659,typed-response-struct-vs-untyped-value,cloud-workers,a-sT11-f007659-q3
1,cloud-workers,a,f007736,macro-vs-boilerplate,cloud-workers,a-sa17-f007736-q1
1,cloud-workers,a,f007797,lambda-vs-containers,cloud-workers;web,a-sa17-f007797-q1
1,cloud-workers,a,f008237,wasm-components-for-interop,frontend,a-sT12-f008237-q1
1,cloud-workers,a,f008583,library-error-type-opaque-vs-typed,cloud-workers,a-sa18-f008583-q1
1,cloud-workers,a,f009026,work-stealing-vs-thread-per-core,distributed,a-sa18-f009026-q1
1,cloud-workers,a,f009196,timer-instant-overflow-panic,core,a-sa19-f009196-q2
1,cloud-workers,a,f011092,depend-vs-hand-roll,cloud-workers;embedded;web,a-saL2-f011092-q3
1,cloud-workers,a,f011092,library-error-type-opaque-vs-typed,cloud-workers;embedded;web,a-saL2-f011092-q6
1,cloud-workers,a,f011092,multitenant-resource-allocation,cloud-workers;embedded;web,a-saL2-f011092-q4
1,cloud-workers,a,f011092,multitenant-shared-readonly-pages,cloud-workers;embedded;web,a-saL2-f011092-q2
1,cloud-workers,a,f011092,nextest-vs-custom-runner,cloud-workers;embedded;web,a-saL2-f011092-q1
1,cloud-workers,a,f011092,rust-vs-gc-for-multitenant-runtime,cloud-workers;embedded;web,a-sa22-f011092-q1
1,cloud-workers,a,f011186,macro-vs-boilerplate,desktop-cli-ui;web,a-sa23-f011186-q3
1,cloud-workers,a,f011220,cloud-lock-in-source,cloud-workers;web,a-sa24-f011220-q2
1,cloud-workers,a,f011220,lambda-vs-containers,cloud-workers;web,a-sa24-f011220-q1
1,cloud-workers,a,f011605,web-framework-actor-vs-tower,web,a-sa26-f011605-q2
1,cloud-workers,a,f012940,tokio-as-default-runtime,frontend,a-sa29-f012940-q2
1,cloud-workers,a,f012940,tracing-vs-log-for-otel,frontend,a-sa29-f012940-q1
1,cloud-workers,b,f000233,tokio-as-default-runtime,core;distributed,b-bk01-f000233-q3
1,cloud-workers,b,f001160,depend-vs-hand-roll,wasm,b-sR03-f001160-q1
1,cloud-workers,b,f002453,depend-vs-hand-roll,decentralized-iroh,b-sR05-f002453-q1
1,cloud-workers,b,f003188,library-error-type-opaque-vs-typed,decentralized-iroh,b-sb10-f003188-q2
1,cloud-workers,b,f003222,library-error-type-opaque-vs-typed,decentralized-iroh,b-sb10-f003222-q1
1,cloud-workers,b,f004166,foreign-keys-vs-app-integrity,cloud-workers,b-sT07-f004166-q2
1,cloud-workers,b,f004166,lambda-vs-containers,cloud-workers,b-sT07-f004166-q1
1,cloud-workers,b,f004809,async-by-default-host-interfaces,cloud-workers,b-sR10-f004809-q1
1,cloud-workers,b,f004809,global-statics-vs-per-request-state,cloud-workers,b-sR10-f004809-q2
1,cloud-workers,b,f005159,tokio-as-default-runtime,decentralized-iroh;distributed,b-sb17-f005159-q1
1,cloud-workers,b,f005312,in-app-vs-infrastructure-concern,swift-interop;web,b-sT09-f005312-q1
1,cloud-workers,b,f005948,rust-worth-it-for-failure-heavy-infra,cloud-workers;web,b-sb19-f005948-q1
1,cloud-workers,b,f007042,rust-for-lambda-vs-interpreted,cloud-workers,b-sb19-f007042-q1
1,cloud-workers,b,f007736,macro-vs-boilerplate,cloud-workers,b-sb20-f007736-q1
1,cloud-workers,b,f007760,macro-vs-boilerplate,cloud-workers,b-sb20-f007760-q1
1,cloud-workers,b,f007797,lambda-vs-containers,cloud-workers;web,b-sb20-f007797-q1
1,cloud-workers,b,f008583,library-error-type-opaque-vs-typed,cloud-workers,b-sb21-f008583-q1
1,cloud-workers,b,f008906,boxed-vs-hand-written-future,cloud-workers,b-sb22-f008906-q2
1,cloud-workers,b,f008906,http-error-status-in-result,cloud-workers,b-sb22-f008906-q3;b-sb22-f008906-q4
1,cloud-workers,b,f008906,in-app-vs-infrastructure-concern,cloud-workers,b-sb22-f008906-q6
1,cloud-workers,b,f008906,rate-limiter-algorithm,cloud-workers,b-sb22-f008906-q5
1,cloud-workers,b,f008906,tower-middleware-vs-handler-helpers,cloud-workers,b-sb22-f008906-q1
1,cloud-workers,b,f011688,durable-job-queue-vs-in-process,core,b-sT09-f011688-q1
1,cloud-workers,b,f011688,infrastructure-from-code-vs-iac,core,b-sT09-f011688-q2
1,core,a,f000149,rust-efficiency-for-cloud-workloads,ml,a-sB01-f000149-q3
1,core,a,f000149,rust-for-mlops-vs-python,ml,a-sB01-f000149-q1
1,core,a,f000217,dedicated-methods-vs-manual-composition,core;ml,a-sB01-f000217-q5
1,core,a,f000217,fixed-vs-dynamic-matrix-sizing,core;ml,a-sB01-f000217-q3
1,core,a,f000217,nalgebra-typed-api-vs-glm,core;ml,a-sB01-f000217-q1
1,core,a,f000217,typed-wrapper-vs-raw-access,core;ml,a-sB01-f000217-q2
1,core,a,f000227,async-vs-threads,distributed;embedded,a-sB01-f000227-q3;a-sR01-f000227-q2
1,core,a,f000256,bounded-grid-universe,wasm,a-sB02-f000256-q2
1,core,a,f000256,generics-vs-dyn-for-abstraction,wasm,a-sB02-f000256-q9
1,core,a,f000256,library-io-factored-out,wasm,a-sB02-f000256-q11
1,core,a,f000256,modulo-vs-branch-wraparound,wasm,a-sB02-f000256-q5
1,core,a,f000256,profile-before-optimizing,wasm,a-sB02-f000256-q6
1,core,a,f000256,unchecked-unwrap-vs-safe-abort,wasm,a-sB02-f000256-q8
1,core,a,f000538,totokens-intermediate-tokenstream,frontend,a-sR01-f000538-q1
1,core,a,f001053,depend-vs-hand-roll,distributed,a-02-f001053-q1
1,core,a,f001096,benchmark-colocation-with-crate,ml,a-sR04-f001096-q2
1,core,a,f001319,breaking-wire-change-in-minor,decentralized-iroh,a-sT04-f001319-q1
1,core,a,f001650,cancel-safety-requirement,decentralized-iroh,a-sT04-f001650-q1
1,core,a,f001981,dedupe-transitive-dependency-versions,decentralized-iroh,a-sR05-f001981-q2
1,core,a,f001989,hard-dependency-vs-pluggable-interface,embedded,a-sR06-f001989-q1
1,core,a,f002016,depend-vs-hand-roll,wasm,a-sR06-f002016-q1
1,core,a,f002127,default-features-minimal-vs-inclusive,desktop-cli-ui,a-sa02-f002127-q1
1,core,a,f002155,shared-mutable-state-vs-explicit-passing,embedded,a-sR07-f002155-q1
1,core,a,f002300,serialization-format-choice,frontend,a-sa03-f002300-q1
1,core,a,f002341,memory-safety-and-resource-leaks,decentralized-iroh,a-sR07-f002341-q1
1,core,a,f002347,doctests-must-compile,desktop-cli-ui,a-sR07-f002347-q1
1,core,a,f002865,depend-vs-hand-roll,embedded,a-sa04-f002865-q1
1,core,a,f002883,release-on-request,wasm,a-sT07-f002883-q1
1,core,a,f003025,build-tool-cargo-subcommand-vs-standalone,desktop-cli-ui,a-sa05-f003025-q1
1,core,a,f003025,oss-reuse-attribution-norms,desktop-cli-ui,a-sa05-f003025-q2
1,core,a,f003082,macro-vs-boilerplate,wasm,a-sR08-f003082-q1
1,core,a,f003414,library-panic,desktop-cli-ui,a-sa06-f003414-q3
1,core,a,f003414,shared-mutable-state-vs-explicit-passing,desktop-cli-ui,a-sa06-f003414-q2
1,core,a,f003580,query-engine-batching-parallelism,cloud-workers,a-sR08-f003580-q1
1,core,a,f003590,serialization-format-choice,decentralized-iroh,a-sa06-f003590-q2
1,core,a,f003702,internal-hazmat-api-for-performance,decentralized-iroh,a-sR09-f003702-q1
1,core,a,f003704,borrowed-build-state-vs-builder,ml,a-sa07-f003704-q4
1,core,a,f003704,enum-vs-dyn-trait-closed-set,ml,a-sa07-f003704-q3
1,core,a,f003704,fixed-point-loop-vs-event-retrigger,ml,a-sa07-f003704-q2
1,core,a,f003704,generics-vs-dyn-for-abstraction,ml,a-sa07-f003704-q1
1,core,a,f003716,one-enum-vs-two-types,desktop-cli-ui,a-sa07-f003716-q2
1,core,a,f003716,unsafe-trait-vs-unsafe-method,desktop-cli-ui,a-sa07-f003716-q1
1,core,a,f003922,wasm-components-for-interop,cloud-workers,a-sa07-f003922-q1
1,core,a,f003983,lint-allow-broad-vs-narrow,ml,a-sR11-f003983-q1
1,core,a,f004016,oss-framework-monetization,ml,a-sa09-f004016-q1
1,core,a,f004055,library-panic,embedded,a-sa09-f004055-q3
1,core,a,f004055,typed-wrapper-vs-raw-access,embedded,a-sa09-f004055-q1
1,core,a,f004169,non-exhaustive-by-default,decentralized-iroh,a-sT08-f004169-q2
1,core,a,f004169,typestate-generic-vs-separate-types,decentralized-iroh,a-sT08-f004169-q1
1,core,a,f004586,hard-dependency-vs-pluggable-interface,decentralized-iroh,a-sR13-f004586-q1
1,core,a,f004586,non-exhaustive-by-default,decentralized-iroh,a-sR13-f004586-q2
1,core,a,f004637,http-body-unknown-size,web,a-sa12-f004637-q1
1,core,a,f004685,feature-flags-vs-separate-crates,decentralized-iroh,a-sR13-f004685-q2
1,core,a,f004685,state-accessor-and-stream-split,decentralized-iroh,a-sR13-f004685-q1
1,core,a,f004772,narrating-comments,desktop-cli-ui,a-sa13-f004772-q3
1,core,a,f004772,oss-reuse-attribution-norms,desktop-cli-ui,a-sa13-f004772-q4
1,core,a,f004772,test-via-real-entry-point,desktop-cli-ui,a-sa13-f004772-q2
1,core,a,f004865,human-written-code-standard,decentralized-iroh,a-sR14-f004865-q2
1,core,a,f005079,depend-vs-hand-roll,wasm,a-sa14-f005079-q2;a-sa14-f005079-q3
1,core,a,f005079,io-safety-op-placement-in-main,wasm,a-sa14-f005079-q1
1,core,a,f005079,platform-logic-module-vs-inline,wasm,a-sa14-f005079-q4
1,core,a,f005079,silent-fallback-vs-explicit-error,wasm,a-sa14-f005079-q5
1,core,a,f005149,error-enum-scope-module-vs-function,decentralized-iroh,a-sa14-f005149-q2
1,core,a,f005149,library-error-type-opaque-vs-typed,decentralized-iroh,a-sa14-f005149-q1
1,core,a,f005149,trait-error-open-custom-variant,decentralized-iroh,a-sa14-f005149-q3
1,core,a,f005287,verify-crates-io-against-source,core,a-sR14-f005287-q1
1,core,a,f005360,language-safety-vs-hw-isolation,web,a-saL1-f005360-q2
1,core,a,f005360,rust-in-process-server-new-capability,web,a-saL1-f005360-q1
1,core,a,f005360,tokio-axum-vs-nginx-performance,web,a-saL1-f005360-q3
1,core,a,f005454,http-error-status-in-result,core,a-saL1-f005454-q1
1,core,a,f005454,middleware-hook-vs-typestate,core,a-saL1-f005454-q2
1,core,a,f005516,replace-battle-tested-c-with-rust,core,a-saL1-f005516-q2
1,core,a,f005516,rust-vs-c-inherent-performance,core,a-saL1-f005516-q1;a-saL1-f005516-q3;a-saL1-f005516-q4
1,core,a,f005821,become-tail-call-codegen,ml,a-sa15-f005821-q1
1,core,a,f005821,human-written-code-standard,ml,a-sa15-f005821-q2
1,core,a,f006797,replace-battle-tested-c-with-rust,core,a-sa15-f006797-q1
1,core,a,f007175,compile-time-typed-dsl,web,a-sa16-f007175-q2
1,core,a,f007175,feature-flags-vs-generic-wiring,web,a-sa16-f007175-q1
1,core,a,f007483,plugin-system-mechanism,wasm,a-sa16-f007483-q1
1,core,a,f007659,typed-response-struct-vs-untyped-value,cloud-workers,a-sT11-f007659-q3
1,core,a,f007736,macro-vs-boilerplate,cloud-workers,a-sa17-f007736-q1
1,core,a,f007846,mutex-vs-atomics,embedded,a-sa17-f007846-q1
1,core,a,f007884,enum-vs-dyn-trait-closed-set,core;frontend,a-sa17-f007884-q1
1,core,a,f008237,wasm-components-for-interop,frontend,a-sT12-f008237-q1
1,core,a,f008241,builtin-package-manager-effect,web,a-sR15-f008241-q2
1,core,a,f008241,cow-for-allocation-visibility,web,a-sR15-f008241-q1
1,core,a,f008583,library-error-type-opaque-vs-typed,cloud-workers,a-sa18-f008583-q1
1,core,a,f008651,feature-flags-vs-separate-crates,web,a-sa18-f008651-q1
1,core,a,f008694,incremental-invalidation-redesign,core,a-sa18-f008694-q1
1,core,a,f009104,ai-agents-and-explicit-syntax,frontend,a-sa18-f009104-q2
1,core,a,f009104,named-default-args-overloading,frontend,a-sa18-f009104-q1
1,core,a,f009123,scoped-impls-nameable,core;ml,a-sa19-f009123-q1
1,core,a,f009196,instant-min-max,core,a-sa19-f009196-q1
1,core,a,f009196,timer-instant-overflow-panic,core,a-sa19-f009196-q2
1,core,a,f009292,derive-arithmetic-ops,ml,a-sa19-f009292-q1
1,core,a,f009292,trait-impl-boilerplate-mechanism,ml,a-sa19-f009292-q2
1,core,a,f009316,final-trait-methods,ml,a-sa19-f009316-q1
1,core,a,f009343,nightly-feature-autodetection,ml,a-sa19-f009343-q2
1,core,a,f009343,warn-missing-edition,ml,a-sa19-f009343-q1
1,core,a,f009632,rust-trademark-policy,core;web,a-sT12-f009632-q1
1,core,a,f009698,expose-rustc-internals-rustdoc-json,core;web,a-sa20-f009698-q4
1,core,a,f009698,new-features-on-old-editions,core;web,a-sa20-f009698-q1
1,core,a,f009698,polonius-scope-cut,core;web,a-sa20-f009698-q3
1,core,a,f009698,unsafe-fields-design,core;web,a-sa20-f009698-q2
1,core,a,f009704,target-tier-without-ci,core;swift-interop;web,a-sT12-f009704-q1
1,core,a,f009751,paid-maintainers-for-infrastructure,core;web,a-sR15-f009751-q1
1,core,a,f011069,library-panic,ml,a-sa21-f011069-q3
1,core,a,f011069,porting-to-rust-safety,ml,a-sa21-f011069-q2
1,core,a,f011092,depend-vs-hand-roll,cloud-workers;embedded;web,a-saL2-f011092-q3
1,core,a,f011092,library-error-type-opaque-vs-typed,cloud-workers;embedded;web,a-saL2-f011092-q6
1,core,a,f011092,multitenant-shared-readonly-pages,cloud-workers;embedded;web,a-saL2-f011092-q2
1,core,a,f011092,nextest-vs-custom-runner,cloud-workers;embedded;web,a-saL2-f011092-q1
1,core,a,f011092,nightly-in-production,cloud-workers;embedded;web,a-saL2-f011092-q5
1,core,a,f011092,rust-vs-gc-for-multitenant-runtime,cloud-workers;embedded;web,a-sa22-f011092-q1
1,core,a,f011186,codegen-macro-vs-generated-source,desktop-cli-ui;web,a-sa23-f011186-q2
1,core,a,f011186,compile-time-cost-of-generated-crates,desktop-cli-ui;web,a-sa23-f011186-q5
1,core,a,f011186,generated-crates-escape-hatches,desktop-cli-ui;web,a-sa23-f011186-q4
1,core,a,f011186,macro-vs-boilerplate,desktop-cli-ui;web,a-sa23-f011186-q3
1,core,a,f011220,cloud-lock-in-source,cloud-workers;web,a-sa24-f011220-q2
1,core,a,f011305,hot-patching-for-iteration,core;web,a-sa26-f011305-q5
1,core,a,f011305,lightweight-clones-in-language,core;web,a-sa26-f011305-q3
1,core,a,f011305,macro-ide-tooling,core;web,a-sa26-f011305-q4
1,core,a,f011305,rust-for-high-level-apps,core;web,a-sa26-f011305-q1;a-sa26-f011305-q2
1,core,a,f011413,proc-macro-derives-vs-reflection-shape,web,a-sa25-f011413-q1;a-sa25-f011413-q3
1,core,a,f011413,reflection-type-model-and-mutation,web,a-sa25-f011413-q4
1,core,a,f011413,serde-centralization,web,a-sa25-f011413-q2
1,core,a,f011413,trust-microbenchmarks,web,a-sa25-f011413-q5
1,core,a,f011443,rust-for-ai-generated-code,web,a-sa26-f011443-q2
1,core,a,f011684,default-features-minimal-vs-inclusive,frontend,a-sa26-f011684-q1
1,core,a,f011993,rust-core-guidelines-document,frontend,a-sa26-f011993-q1
1,core,a,f012428,traits-as-inheritance-substitute,core,a-sR16-f012428-q1
1,core,a,f012469,ergonomics-vs-explicitness,core,a-sa28-f012469-q5
1,core,a,f012469,memory-safety-design-priority,core,a-sa28-f012469-q3
1,core,a,f012469,minimal-vs-batteries-std,core,a-sa28-f012469-q2
1,core,a,f012469,reflection-security-risk,core,a-sa28-f012469-q4
1,core,a,f012469,trust-microbenchmarks,core,a-sa28-f012469-q1
1,core,a,f012469,unsafe-mental-model,core,a-sa28-f012469-q6
1,core,a,f012642,tiered-checked-unchecked-apis,desktop-cli-ui;frontend,a-sR16-f012642-q1
1,core,a,f012940,tokio-as-default-runtime,frontend,a-sa29-f012940-q2
1,core,a,f012940,tracing-vs-log-for-otel,frontend,a-sa29-f012940-q1
1,core,a,f013224,ai-authored-community-contributions,core,a-sa29-f013224-q2
1,core,a,f013224,rust-lang-org-ai-assistant,core,a-sa29-f013224-q1
1,core,a,f013276,dyn-compatibility-rules-relaxation,core,a-sa30-f013276-q4
1,core,a,f013276,generics-vs-dyn-for-abstraction,core,a-sa30-f013276-q1
1,core,a,f013276,impl-trait-syntax-reuse,core,a-sa30-f013276-q3
1,core,a,f013276,oop-patterns-in-rust,core,a-sa30-f013276-q2
1,core,b,f000233,async-fn-in-traits-cost,core;distributed,b-bk01-f000233-q13
1,core,b,f000233,async-for-cpu-bound-work,core;distributed,b-bk01-f000233-q5
1,core,b,f000233,async-rust-production-ready,core;distributed,b-sR01-f000233-q2
1,core,b,f000233,async-vs-threads,core;distributed,b-bk01-f000233-q10;b-sR01-f000233-q1
1,core,b,f000233,blocking-work-in-async,core;distributed,b-bk01-f000233-q6
1,core,b,f000233,built-in-async-runtime,core;distributed,b-bk01-f000233-q2
1,core,b,f000233,executor-agnostic-libraries,core;distributed,b-bk01-f000233-q11
1,core,b,f000233,pin-project-vs-pin-project-lite,core;distributed,b-bk01-f000233-q8
1,core,b,f000233,pin-vs-move-constructors,core;distributed,b-bk01-f000233-q9
1,core,b,f000233,postfix-await,core;distributed,b-bk01-f000233-q1
1,core,b,f000233,single-vs-multi-threaded-executor,core;distributed,b-bk01-f000233-q12
1,core,b,f000233,spawn-vs-compose-futures,core;distributed,b-bk01-f000233-q4
1,core,b,f000233,std-mutex-vs-async-mutex,core;distributed,b-bk01-f000233-q7
1,core,b,f000233,tokio-as-default-runtime,core;distributed,b-bk01-f000233-q3
1,core,b,f000256,bounded-grid-universe,wasm,b-bk02-f000256-q1
1,core,b,f000256,generics-vs-dyn-for-abstraction,wasm,b-bk02-f000256-q8
1,core,b,f000256,library-io-factored-out,wasm,b-bk02-f000256-q4
1,core,b,f000256,portable-async-vs-sync-io,wasm,b-bk02-f000256-q5
1,core,b,f000256,profile-before-optimizing,wasm,b-bk02-f000256-q6
1,core,b,f000256,unchecked-unwrap-vs-safe-abort,wasm,b-bk02-f000256-q11
1,core,b,f000267,ai-authored-community-contributions,decentralized-iroh;distributed,b-bk03-f000267-q6
1,core,b,f000267,batch-crypto-verification,decentralized-iroh;distributed,b-bk03-f000267-q5
1,core,b,f000267,encode-invariant-in-representation,decentralized-iroh;distributed,b-bk03-f000267-q2
1,core,b,f000267,feature-flag-trunk-vs-long-branch,decentralized-iroh;distributed,b-bk03-f000267-q11
1,core,b,f000267,feature-flags-vs-separate-crates,decentralized-iroh;distributed,b-bk03-f000267-q3
1,core,b,f000267,internal-service-abstraction-trait,decentralized-iroh;distributed,b-bk03-f000267-q4
1,core,b,f000267,intra-doc-links,decentralized-iroh;distributed,b-bk03-f000267-q14
1,core,b,f000267,replace-battle-tested-c-with-rust,decentralized-iroh;distributed,b-bk03-f000267-q1
1,core,b,f000267,semver-break-signaling-in-ci,decentralized-iroh;distributed,b-bk03-f000267-q7
1,core,b,f000267,serialization-format-choice,decentralized-iroh;distributed,b-bk03-f000267-q9
1,core,b,f000267,stable-contract-api-vs-cli,decentralized-iroh;distributed,b-bk03-f000267-q10
1,core,b,f000267,test-via-real-entry-point,decentralized-iroh;distributed,b-bk03-f000267-q13
1,core,b,f000267,typed-wrapper-vs-raw-access,decentralized-iroh;distributed,b-bk03-f000267-q8
1,core,b,f000267,what-counts-as-semver-breaking,decentralized-iroh;distributed,b-bk03-f000267-q12
1,core,b,f000267,wrap-third-party-types-in-public-api,decentralized-iroh;distributed,b-bk03-f000267-q15
1,core,b,f000493,bitflags-vs-generated-variants,desktop-cli-ui,b-sb01-f000493-q1
1,core,b,f000576,tail-expression-vs-explicit-return,swift-interop,b-sT02-f000576-q1
1,core,b,f001022,shared-mutable-state-vs-explicit-passing,desktop-cli-ui,b-sb04-f001022-q1
1,core,b,f001160,depend-vs-hand-roll,wasm,b-sR03-f001160-q1
1,core,b,f001392,debug-assert-vs-infallible,desktop-cli-ui,b-sb04-f001392-q2
1,core,b,f001392,extract-single-use-function,desktop-cli-ui,b-sb04-f001392-q3
1,core,b,f001392,fast-path-complexity,desktop-cli-ui,b-sb04-f001392-q1
1,core,b,f001512,library-panic,embedded,b-sb05-f001512-q1
1,core,b,f001582,encode-invariant-in-representation,wasm,b-sb05-f001582-q1
1,core,b,f001582,readability-vs-manual-optimization,wasm,b-sb05-f001582-q2
1,core,b,f001724,roadmap-performance-vs-features,distributed,b-sR04-f001724-q1
1,core,b,f001890,deref-delegation-vs-accessors,decentralized-iroh,b-sT04-f001890-q1
1,core,b,f002033,nightly-gate-feature-vs-cfg,wasm,b-sb06-f002033-q1
1,core,b,f002048,kernel-constants-hardcode-vs-comptime,ml,b-sR05-f002048-q2
1,core,b,f002151,feature-flags-vs-separate-crates,frontend,b-sR05-f002151-q1
1,core,b,f002233,compile-time-vs-runtime-switches,decentralized-iroh,b-sT04-f002233-q1
1,core,b,f002341,memory-safety-and-resource-leaks,decentralized-iroh,b-sR05-f002341-q1
1,core,b,f002453,depend-vs-hand-roll,decentralized-iroh,b-sR05-f002453-q1
1,core,b,f002499,project-discussions-area,embedded,b-sT05-f002499-q5
1,core,b,f002501,lts-release-channel,web,b-sT05-f002501-q1
1,core,b,f002518,large-pr-split,ml,b-sb08-f002518-q2
1,core,b,f002550,close-future-result-vs-infallible,decentralized-iroh,b-sT05-f002550-q3
1,core,b,f002550,compile-time-vs-runtime-switches,decentralized-iroh,b-sT05-f002550-q1
1,core,b,f002719,hot-patching-for-iteration,frontend,b-sb09-f002719-q1
1,core,b,f002775,oss-framework-monetization,embedded,b-sT05-f002775-q1
1,core,b,f002937,lts-release-channel,wasm,b-sR06-f002937-q1
1,core,b,f003030,serialization-format-choice,embedded,b-sb09-f003030-q1
1,core,b,f003036,cli-flag-convenience-vs-consistency,embedded,b-sb09-f003036-q1
1,core,b,f003044,dependency-version-requirement-width,frontend,b-sT05-f003044-q2
1,core,b,f003052,ad-hoc-special-case-vs-general-mechanism,wasm,b-sb09-f003052-q1
1,core,b,f003186,additive-features,wasm,b-sb10-f003186-q1
1,core,b,f003188,library-error-type-opaque-vs-typed,decentralized-iroh,b-sb10-f003188-q2
1,core,b,f003222,library-error-type-opaque-vs-typed,decentralized-iroh,b-sb10-f003222-q1
1,core,b,f003587,serialization-format-choice,ml,b-sR08-f003587-q1
1,core,b,f003587,std-naming-conventions-strictness,ml,b-sR08-f003587-q2
1,core,b,f003809,downstream-vendor-removed-api-vs-rework,distributed,b-sT07-f003809-q2
1,core,b,f003809,release-sequencing-after-dependency-major,distributed,b-sT07-f003809-q1
1,core,b,f004398,boxed-closure-tuple-vs-named-field,desktop-cli-ui,b-sb14-f004398-q1
1,core,b,f004398,same-state-transition-trigger,desktop-cli-ui,b-sb14-f004398-q2
1,core,b,f004423,async-drop-raii-vs-close,decentralized-iroh,b-sR10-f004423-q1
1,core,b,f004423,unstable-feature-gate-vs-wait,decentralized-iroh,b-sR10-f004423-q2
1,core,b,f004573,kernel-constants-hardcode-vs-comptime,ml,b-sR10-f004573-q2
1,core,b,f004573,library-panic,ml,b-sR10-f004573-q1
1,core,b,f004706,missing-asset-build-fail-vs-runtime-degrade,frontend,b-sR10-f004706-q1
1,core,b,f004721,ai-authored-community-contributions,wasm,b-sb15-f004721-q1
1,core,b,f004741,async-drop-raii-vs-close,decentralized-iroh,b-sR10-f004741-q1
1,core,b,f004741,enum-vs-dyn-trait-closed-set,decentralized-iroh,b-sR10-f004741-q3
1,core,b,f004741,unstable-feature-gate-vs-wait,decentralized-iroh,b-sR10-f004741-q2
1,core,b,f004804,macro-hides-construction-requirements,embedded,b-sR10-f004804-q2
1,core,b,f004804,safe-wrapper-soundness-scope,embedded,b-sR10-f004804-q1
1,core,b,f004993,ai-authored-community-contributions,desktop-cli-ui,b-sR11-f004993-q1
1,core,b,f004993,project-priorities-communication,desktop-cli-ui,b-sR11-f004993-q2
1,core,b,f005000,coupled-debug-accessor-vs-primitive,wasm,b-sb16-f005000-q1
1,core,b,f005000,handle-identity-traits-vs-store-methods,wasm,b-sb16-f005000-q2
1,core,b,f005085,const-generics-unify-specializations,ml,b-sR12-f005085-q2
1,core,b,f005085,extract-single-use-function,ml,b-sR12-f005085-q1
1,core,b,f005120,feature-flags-vs-separate-crates,ml,b-sR12-f005120-q1
1,core,b,f005120,scratch-buffer-vs-per-call-alloc,ml,b-sR12-f005120-q2
1,core,b,f005159,async-drop-raii-vs-close,decentralized-iroh;distributed,b-sb17-f005159-q2
1,core,b,f005159,cancel-safety-requirement,decentralized-iroh;distributed,b-sb17-f005159-q4
1,core,b,f005159,tokio-as-default-runtime,decentralized-iroh;distributed,b-sb17-f005159-q1
1,core,b,f005169,static-verification-no-panic-mechanism,embedded,b-sR12-f005169-q1
1,core,b,f005332,c-maintainers-rust-bindings-duty,core,b-sb18-f005332-q1
1,core,b,f005421,library-panic,embedded;ml,b-sR12-f005421-q1
1,core,b,f005440,shared-mutable-state-vs-explicit-passing,ml,b-sT09-f005440-q1
1,core,b,f005600,mutex-vs-atomics,core,b-sb18-f005600-q1
1,core,b,f005668,explicit-vs-convenience-memory-defaults,swift-interop,b-sR12-f005668-q1
1,core,b,f005668,explicit-vs-implicit-indirection,swift-interop,b-sR12-f005668-q2
1,core,b,f005743,affine-types-vs-formal-verification,core,b-sb19-f005743-q2
1,core,b,f005743,memory-safety-vs-correctness-frame,core,b-sb19-f005743-q3
1,core,b,f005743,project-decision-speed-vs-inclusion,core,b-sb19-f005743-q5
1,core,b,f005743,replace-battle-tested-c-with-rust,core,b-sb19-f005743-q1;b-sb19-f005743-q4
1,core,b,f005836,custom-allocator-restart-persistence,ml,b-sb19-f005836-q1
1,core,b,f005836,repr-c-for-persistent-memory,ml,b-sb19-f005836-q2
1,core,b,f005964,replace-battle-tested-c-with-rust,web,b-sb19-f005964-q1
1,core,b,f007207,borrowck-self-referential-structs,core,b-sb19-f007207-q3
1,core,b,f007207,fields-in-traits,core,b-sb19-f007207-q1
1,core,b,f007207,properties-syntax,core,b-sb19-f007207-q2
1,core,b,f007213,emulate-specialization,core,b-sb20-f007213-q1
1,core,b,f007364,lifetimes-on-structs,core,b-sb20-f007364-q1
1,core,b,f007608,lifetimes-on-structs,core,b-sb20-f007608-q2
1,core,b,f007608,object-graph-representation,core,b-sb20-f007608-q1
1,core,b,f007736,macro-vs-boilerplate,cloud-workers,b-sb20-f007736-q1
1,core,b,f007760,macro-vs-boilerplate,cloud-workers,b-sb20-f007760-q1
1,core,b,f007942,ai-authored-community-contributions,core,b-sb20-f007942-q1
1,core,b,f007973,parser-combinator-vs-generator,frontend,b-sR13-f007973-q1
1,core,b,f008396,epoll-vs-io-uring,distributed,b-sb21-f008396-q1
1,core,b,f008583,library-error-type-opaque-vs-typed,cloud-workers,b-sb21-f008583-q1
1,core,b,f008801,persistent-collections-cheap-clone,wasm;web,b-sR13-f008801-q1
1,core,b,f008906,boxed-vs-hand-written-future,cloud-workers,b-sb22-f008906-q2
1,core,b,f008906,http-error-status-in-result,cloud-workers,b-sb22-f008906-q3;b-sb22-f008906-q4
1,core,b,f009062,cfg-wasm-as-reduced-platform-proxy,wasm,b-sb22-f009062-q2
1,core,b,f009132,compress-debug-sections-default,core,b-sb22-f009132-q1
1,core,b,f009236,std-naming-conventions-strictness,ml,b-sb22-f009236-q1
1,core,b,f009292,derive-arithmetic-ops,ml,b-sb22-f009292-q1
1,core,b,f009334,crate-maintenance-signaling,swift-interop,b-sb23-f009334-q1;b-sb23-f009334-q2
1,core,b,f009657,lld-default-linker,core;web,b-sb23-f009657-q1
1,core,b,f009740,ai-authored-community-contributions,core;web,b-sR13-f009740-q1
1,core,b,f009755,paid-maintainers-for-infrastructure,core;web,b-sR13-f009755-q1
1,core,b,f011233,nightly-in-production,web,b-sb23-f011233-q2
1,core,b,f011235,compiler-triage-automation,core;web,b-sb23-f011235-q1
1,core,b,f011295,easy-mode-rust,core;web,b-sb24-f011295-q1
1,core,b,f011295,typestate-crypto-keys,core;web,b-sb24-f011295-q2
1,core,b,f011306,aya-vs-libbpf-rs,core;distributed;web,b-sb24-f011306-q2
1,core,b,f011306,trace-context-propagation-mechanism,core;distributed;web,b-sb24-f011306-q3
1,core,b,f011306,tracing-crate-vs-otel-api,core;distributed;web,b-sb24-f011306-q1
1,core,b,f011312,cpp-binding-tool-choice,core;swift-interop;web,b-sb24-f011312-q1
1,core,b,f011312,cpp-bindings-default-unsafe,core;swift-interop;web,b-sb24-f011312-q2
1,core,b,f011312,cpp-mutable-reference-representation,core;swift-interop;web,b-sb24-f011312-q3
1,core,b,f011312,named-default-args-overloading,core;swift-interop;web,b-sb24-f011312-q6
1,core,b,f011312,pin-for-non-relocatable-cpp-types,core;swift-interop;web,b-sb24-f011312-q5
1,core,b,f011312,porting-to-rust-safety,core;swift-interop;web,b-sb24-f011312-q4
1,core,b,f011413,proc-macro-derives-vs-reflection-shape,web,b-sb24-f011413-q1;b-sb24-f011413-q2;b-sb24-f011413-q3
1,core,b,f011413,reflection-type-model-and-mutation,web,b-sb24-f011413-q4
1,core,b,f011435,default-features-minimal-vs-inclusive,ml;web,b-sb25-f011435-q2
1,core,b,f011435,feature-flags-vs-separate-crates,ml;web,b-sb25-f011435-q1
1,core,b,f012849,replace-battle-tested-c-with-rust,core,b-sb26-f012849-q1
1,core,b,f013214,object-graph-representation,core,b-sb26-f013214-q3
1,core,b,f013214,rust-vs-c-inherent-performance,core,b-sb26-f013214-q2
1,decentralized-iroh,a,f000530,optional-parameters-api-shape,desktop-cli-ui,a-01-f000530-q1
1,decentralized-iroh,a,f001053,depend-vs-hand-roll,distributed,a-02-f001053-q1
1,decentralized-iroh,a,f001319,breaking-wire-change-in-minor,decentralized-iroh,a-sT04-f001319-q1
1,decentralized-iroh,a,f001650,cancel-safety-requirement,decentralized-iroh,a-sT04-f001650-q1
1,decentralized-iroh,a,f001981,dedupe-transitive-dependency-versions,decentralized-iroh,a-sR05-f001981-q2
1,decentralized-iroh,a,f001981,service-fault-isolation-degrade,decentralized-iroh,a-sR05-f001981-q1
1,decentralized-iroh,a,f001989,hard-dependency-vs-pluggable-interface,embedded,a-sR06-f001989-q1
1,decentralized-iroh,a,f002016,depend-vs-hand-roll,wasm,a-sR06-f002016-q1
1,decentralized-iroh,a,f002124,networking-lib-core-scope,decentralized-iroh,a-sa02-f002124-q1
1,decentralized-iroh,a,f002300,serialization-format-choice,frontend,a-sa03-f002300-q1
1,decentralized-iroh,a,f002665,ffi-bindings-lag-pause-or-ship,decentralized-iroh,a-sa04-f002665-q1
1,decentralized-iroh,a,f002865,depend-vs-hand-roll,embedded,a-sa04-f002865-q1
1,decentralized-iroh,a,f003375,quic-framing-one-stream-vs-per-message,decentralized-iroh,a-sT08-f003375-q1
1,decentralized-iroh,a,f003414,optional-parameters-api-shape,desktop-cli-ui,a-sa06-f003414-q4
1,decentralized-iroh,a,f003590,rpc-error-detail-vs-flat-outcome,decentralized-iroh,a-sa06-f003590-q1
1,decentralized-iroh,a,f003590,serialization-format-choice,decentralized-iroh,a-sa06-f003590-q2
1,decentralized-iroh,a,f003702,internal-hazmat-api-for-performance,decentralized-iroh,a-sR09-f003702-q1
1,decentralized-iroh,a,f003704,enum-vs-dyn-trait-closed-set,ml,a-sa07-f003704-q3
1,decentralized-iroh,a,f004169,non-exhaustive-by-default,decentralized-iroh,a-sT08-f004169-q2
1,decentralized-iroh,a,f004169,tower-middleware-vs-handler-helpers,decentralized-iroh,a-sT08-f004169-q3
1,decentralized-iroh,a,f004169,typestate-generic-vs-separate-types,decentralized-iroh,a-sT08-f004169-q1
1,decentralized-iroh,a,f004170,networking-lib-core-scope,decentralized-iroh,a-sR11-f004170-q1
1,decentralized-iroh,a,f004586,hard-dependency-vs-pluggable-interface,decentralized-iroh,a-sR13-f004586-q1
1,decentralized-iroh,a,f004586,non-exhaustive-by-default,decentralized-iroh,a-sR13-f004586-q2
1,decentralized-iroh,a,f004586,reject-connections-before-handshake,decentralized-iroh,a-sR13-f004586-q3
1,decentralized-iroh,a,f004685,feature-flags-vs-separate-crates,decentralized-iroh,a-sR13-f004685-q2
1,decentralized-iroh,a,f004685,state-accessor-and-stream-split,decentralized-iroh,a-sR13-f004685-q1
1,decentralized-iroh,a,f004960,library-auth-opinionated-vs-unopinionated,decentralized-iroh,a-sT11-f004960-q1
1,decentralized-iroh,a,f004985,service-fault-isolation-degrade,cloud-workers,a-sa14-f004985-q3
1,decentralized-iroh,a,f005079,depend-vs-hand-roll,wasm,a-sa14-f005079-q2;a-sa14-f005079-q3
1,decentralized-iroh,a,f005149,library-error-type-opaque-vs-typed,decentralized-iroh,a-sa14-f005149-q1
1,decentralized-iroh,a,f007884,enum-vs-dyn-trait-closed-set,core;frontend,a-sa17-f007884-q1
1,decentralized-iroh,a,f008583,library-error-type-opaque-vs-typed,cloud-workers,a-sa18-f008583-q1
1,decentralized-iroh,a,f008651,feature-flags-vs-separate-crates,web,a-sa18-f008651-q1
1,decentralized-iroh,a,f011092,depend-vs-hand-roll,cloud-workers;embedded;web,a-saL2-f011092-q3
1,decentralized-iroh,a,f011092,library-error-type-opaque-vs-typed,cloud-workers;embedded;web,a-saL2-f011092-q6
1,decentralized-iroh,a,f012940,tokio-as-default-runtime,frontend,a-sa29-f012940-q2
1,decentralized-iroh,b,f000233,tokio-as-default-runtime,core;distributed,b-bk01-f000233-q3
1,decentralized-iroh,b,f000267,feature-flags-vs-separate-crates,decentralized-iroh;distributed,b-bk03-f000267-q3
1,decentralized-iroh,b,f000267,serialization-format-choice,decentralized-iroh;distributed,b-bk03-f000267-q9
1,decentralized-iroh,b,f001160,depend-vs-hand-roll,wasm,b-sR03-f001160-q1
1,decentralized-iroh,b,f001512,optional-parameters-api-shape,embedded,b-sb05-f001512-q3
1,decentralized-iroh,b,f001515,public-naming-brevity-vs-clarity,decentralized-iroh,b-sR04-f001515-q1
1,decentralized-iroh,b,f001617,public-naming-brevity-vs-clarity,desktop-cli-ui,b-sR04-f001617-q1
1,decentralized-iroh,b,f001890,deref-delegation-vs-accessors,decentralized-iroh,b-sT04-f001890-q1
1,decentralized-iroh,b,f002151,feature-flags-vs-separate-crates,frontend,b-sR05-f002151-q1
1,decentralized-iroh,b,f002177,wasm-runtime-swap-vs-host-target,decentralized-iroh,b-sR05-f002177-q1
1,decentralized-iroh,b,f002233,compile-time-vs-runtime-switches,decentralized-iroh,b-sT04-f002233-q1
1,decentralized-iroh,b,f002453,depend-vs-hand-roll,decentralized-iroh,b-sR05-f002453-q1
1,decentralized-iroh,b,f002453,trait-api-forced-arc-self,decentralized-iroh,b-sR05-f002453-q2
1,decentralized-iroh,b,f002550,actor-vs-shared-locks,decentralized-iroh,b-sT05-f002550-q2
1,decentralized-iroh,b,f002550,close-future-result-vs-infallible,decentralized-iroh,b-sT05-f002550-q3
1,decentralized-iroh,b,f002550,compile-time-vs-runtime-switches,decentralized-iroh,b-sT05-f002550-q1
1,decentralized-iroh,b,f003030,serialization-format-choice,embedded,b-sb09-f003030-q1
1,decentralized-iroh,b,f003188,library-error-type-opaque-vs-typed,decentralized-iroh,b-sb10-f003188-q2
1,decentralized-iroh,b,f003188,pre-1-0-canary-releases,decentralized-iroh,b-sb10-f003188-q1
1,decentralized-iroh,b,f003222,library-error-type-opaque-vs-typed,decentralized-iroh,b-sb10-f003222-q1
1,decentralized-iroh,b,f003222,optional-parameters-api-shape,decentralized-iroh,b-sb10-f003222-q2
1,decentralized-iroh,b,f003531,enum-vs-flags-and-optionals,desktop-cli-ui,b-sR08-f003531-q1
1,decentralized-iroh,b,f003587,serialization-format-choice,ml,b-sR08-f003587-q1
1,decentralized-iroh,b,f003702,threads-vs-simd-for-batch-work,decentralized-iroh,b-sR08-f003702-q1
1,decentralized-iroh,b,f003731,breaking-rename-for-vocabulary,decentralized-iroh,b-sR08-f003731-q2
1,decentralized-iroh,b,f003731,enum-vs-flags-and-optionals,decentralized-iroh,b-sR08-f003731-q1
1,decentralized-iroh,b,f004423,async-drop-raii-vs-close,decentralized-iroh,b-sR10-f004423-q1
1,decentralized-iroh,b,f004423,unstable-feature-gate-vs-wait,decentralized-iroh,b-sR10-f004423-q2
1,decentralized-iroh,b,f004741,async-drop-raii-vs-close,decentralized-iroh,b-sR10-f004741-q1
1,decentralized-iroh,b,f004741,enum-vs-dyn-trait-closed-set,decentralized-iroh,b-sR10-f004741-q3
1,decentralized-iroh,b,f004741,unstable-feature-gate-vs-wait,decentralized-iroh,b-sR10-f004741-q2
1,decentralized-iroh,b,f004960,library-auth-opinionated-vs-unopinionated,decentralized-iroh,b-sR11-f004960-q1
1,decentralized-iroh,b,f005120,feature-flags-vs-separate-crates,ml,b-sR12-f005120-q1
1,decentralized-iroh,b,f005159,async-drop-raii-vs-close,decentralized-iroh;distributed,b-sb17-f005159-q2
1,decentralized-iroh,b,f005159,cancel-safety-requirement,decentralized-iroh;distributed,b-sb17-f005159-q4
1,decentralized-iroh,b,f005159,futures-crate-vs-alternatives,decentralized-iroh;distributed,b-sb17-f005159-q3
1,decentralized-iroh,b,f005159,retain-joinhandles,decentralized-iroh;distributed,b-sb17-f005159-q5
1,decentralized-iroh,b,f005159,tokio-as-default-runtime,decentralized-iroh;distributed,b-sb17-f005159-q1
1,decentralized-iroh,b,f005307,async-io-with-sync-storage,decentralized-iroh,b-sb18-f005307-q1
1,decentralized-iroh,b,f005307,current-thread-runtime-for-blocking,decentralized-iroh,b-sb18-f005307-q2
1,decentralized-iroh,b,f008583,library-error-type-opaque-vs-typed,cloud-workers,b-sb21-f008583-q1
1,decentralized-iroh,b,f008906,tower-middleware-vs-handler-helpers,cloud-workers,b-sb22-f008906-q1
1,decentralized-iroh,b,f011178,git-storage-database-decentralized,core;ml;web,b-sb23-f011178-q1
1,decentralized-iroh,b,f011435,feature-flags-vs-separate-crates,ml;web,b-sb25-f011435-q1
1,desktop-cli-ui,a,f000530,optional-parameters-api-shape,desktop-cli-ui,a-01-f000530-q1
1,desktop-cli-ui,a,f001231,dynamic-ecs-component-typed-id,desktop-cli-ui,a-02-f001231-q1
1,desktop-cli-ui,a,f002127,default-features-minimal-vs-inclusive,desktop-cli-ui,a-sa02-f002127-q1
1,desktop-cli-ui,a,f002155,shared-mutable-state-vs-explicit-passing,embedded,a-sR07-f002155-q1
1,desktop-cli-ui,a,f002554,ecs-relationship-source-of-truth,desktop-cli-ui,a-sa04-f002554-q1
1,desktop-cli-ui,a,f002685,pump-events-timeout-poll,desktop-cli-ui,a-sR08-f002685-q1
1,desktop-cli-ui,a,f003025,build-tool-cargo-subcommand-vs-standalone,desktop-cli-ui,a-sa05-f003025-q1
1,desktop-cli-ui,a,f003126,merge-expensive-feature-with-limits,desktop-cli-ui,a-sa05-f003126-q1
1,desktop-cli-ui,a,f003414,optional-parameters-api-shape,desktop-cli-ui,a-sa06-f003414-q4
1,desktop-cli-ui,a,f003414,shared-mutable-state-vs-explicit-passing,desktop-cli-ui,a-sa06-f003414-q2
1,desktop-cli-ui,a,f003414,unmaintained-dependency-weight,desktop-cli-ui,a-sa06-f003414-q1
1,desktop-cli-ui,a,f003704,enum-vs-dyn-trait-closed-set,ml,a-sa07-f003704-q3
1,desktop-cli-ui,a,f004772,narrating-comments,desktop-cli-ui,a-sa13-f004772-q3
1,desktop-cli-ui,a,f004772,test-via-real-entry-point,desktop-cli-ui,a-sa13-f004772-q2
1,desktop-cli-ui,a,f004772,ui-async-data-cache-vs-component,desktop-cli-ui,a-sa13-f004772-q1
1,desktop-cli-ui,a,f004947,cli-flags-mirror-familiar-tool,cloud-workers,a-sa14-f004947-q1
1,desktop-cli-ui,a,f005516,replace-battle-tested-c-with-rust,core,a-saL1-f005516-q2
1,desktop-cli-ui,a,f005857,immediate-vs-retained-gui,desktop-cli-ui;frontend,a-sa15-f005857-q1
1,desktop-cli-ui,a,f006797,replace-battle-tested-c-with-rust,core,a-sa15-f006797-q1
1,desktop-cli-ui,a,f007175,compile-time-typed-dsl,web,a-sa16-f007175-q2
1,desktop-cli-ui,a,f007483,plugin-system-mechanism,wasm,a-sa16-f007483-q1
1,desktop-cli-ui,a,f007884,enum-vs-dyn-trait-closed-set,core;frontend,a-sa17-f007884-q1
1,desktop-cli-ui,a,f008455,all-rust-vs-platform-native-tooling,swift-interop,a-sT12-f008455-q1
1,desktop-cli-ui,a,f008787,rust-ml-edge-inference-vs-python,ml,a-sa18-f008787-q1
1,desktop-cli-ui,a,f009343,nightly-feature-autodetection,ml,a-sa19-f009343-q2
1,desktop-cli-ui,a,f009343,warn-missing-edition,ml,a-sa19-f009343-q1
1,desktop-cli-ui,a,f009704,target-tier-without-ci,core;swift-interop;web,a-sT12-f009704-q1
1,desktop-cli-ui,a,f011305,gui-custom-renderer-vs-native,core;web,a-sa26-f011305-q6
1,desktop-cli-ui,a,f011305,hot-patching-for-iteration,core;web,a-sa26-f011305-q5
1,desktop-cli-ui,a,f011305,lightweight-clones-in-language,core;web,a-sa26-f011305-q3
1,desktop-cli-ui,a,f011305,rust-for-high-level-apps,core;web,a-sa26-f011305-q1;a-sa26-f011305-q2
1,desktop-cli-ui,a,f011413,proc-macro-derives-vs-reflection-shape,web,a-sa25-f011413-q1;a-sa25-f011413-q3
1,desktop-cli-ui,a,f011684,default-features-minimal-vs-inclusive,frontend,a-sa26-f011684-q1
1,desktop-cli-ui,a,f012428,traits-as-inheritance-substitute,core,a-sR16-f012428-q1
1,desktop-cli-ui,b,f000267,replace-battle-tested-c-with-rust,decentralized-iroh;distributed,b-bk03-f000267-q1
1,desktop-cli-ui,b,f000267,test-via-real-entry-point,decentralized-iroh;distributed,b-bk03-f000267-q13
1,desktop-cli-ui,b,f000763,enum-glob-import-in-match,desktop-cli-ui,b-sR03-f000763-q3
1,desktop-cli-ui,b,f000763,example-data-domain-struct-vs-generic,desktop-cli-ui,b-sR03-f000763-q1
1,desktop-cli-ui,b,f000763,single-pass-vs-multi-pass-iteration,desktop-cli-ui,b-sR03-f000763-q2
1,desktop-cli-ui,b,f001022,shared-mutable-state-vs-explicit-passing,desktop-cli-ui,b-sb04-f001022-q1
1,desktop-cli-ui,b,f001392,fast-path-complexity,desktop-cli-ui,b-sb04-f001392-q1
1,desktop-cli-ui,b,f001512,optional-parameters-api-shape,embedded,b-sb05-f001512-q3
1,desktop-cli-ui,b,f001515,public-naming-brevity-vs-clarity,decentralized-iroh,b-sR04-f001515-q1
1,desktop-cli-ui,b,f001617,public-naming-brevity-vs-clarity,desktop-cli-ui,b-sR04-f001617-q1
1,desktop-cli-ui,b,f001749,dependency-upgrade-regression-handling,desktop-cli-ui,b-sR04-f001749-q2
1,desktop-cli-ui,b,f001749,sound-lifetime-erasure-in-callbacks,desktop-cli-ui,b-sR04-f001749-q1
1,desktop-cli-ui,b,f002307,wasi-path-workaround-vs-breaking-fix,desktop-cli-ui,b-sb07-f002307-q1
1,desktop-cli-ui,b,f002719,hot-patching-for-iteration,frontend,b-sb09-f002719-q1
1,desktop-cli-ui,b,f003222,optional-parameters-api-shape,decentralized-iroh,b-sb10-f003222-q2
1,desktop-cli-ui,b,f003531,enum-vs-flags-and-optionals,desktop-cli-ui,b-sR08-f003531-q1
1,desktop-cli-ui,b,f003731,enum-vs-flags-and-optionals,decentralized-iroh,b-sR08-f003731-q1
1,desktop-cli-ui,b,f004367,all-rust-vs-platform-native-tooling,frontend,b-sb13-f004367-q1
1,desktop-cli-ui,b,f004741,enum-vs-dyn-trait-closed-set,decentralized-iroh,b-sR10-f004741-q3
1,desktop-cli-ui,b,f004947,cli-tool-single-vs-multi-protocol,cloud-workers,b-sR11-f004947-q1
1,desktop-cli-ui,b,f005440,shared-mutable-state-vs-explicit-passing,ml,b-sT09-f005440-q1
1,desktop-cli-ui,b,f005743,replace-battle-tested-c-with-rust,core,b-sb19-f005743-q1;b-sb19-f005743-q4
1,desktop-cli-ui,b,f005964,replace-battle-tested-c-with-rust,web,b-sb19-f005964-q1
1,desktop-cli-ui,b,f007678,all-rust-vs-platform-native-tooling,desktop-cli-ui;swift-interop;web,b-sb20-f007678-q1
1,desktop-cli-ui,b,f007973,parser-combinator-vs-generator,frontend,b-sR13-f007973-q1
1,desktop-cli-ui,b,f008390,desktop-webview-ipc-vs-single-context,frontend,b-sb21-f008390-q1
1,desktop-cli-ui,b,f008390,gui-accessibility-first-class,frontend,b-sb21-f008390-q4
1,desktop-cli-ui,b,f008390,immediate-vs-retained-gui,frontend,b-sb21-f008390-q3
1,desktop-cli-ui,b,f008390,ui-dsl-vs-plain-rust,frontend,b-sb21-f008390-q2
1,desktop-cli-ui,b,f008793,all-rust-vs-platform-native-tooling,swift-interop,b-sb21-f008793-q1
1,desktop-cli-ui,b,f008914,all-rust-vs-platform-native-tooling,frontend,b-sb22-f008914-q1
1,desktop-cli-ui,b,f011133,slint-vs-qt,desktop-cli-ui;embedded,b-sb23-f011133-q1
1,desktop-cli-ui,b,f011413,proc-macro-derives-vs-reflection-shape,web,b-sb24-f011413-q1;b-sb24-f011413-q2;b-sb24-f011413-q3
1,desktop-cli-ui,b,f011435,default-features-minimal-vs-inclusive,ml;web,b-sb25-f011435-q2
1,desktop-cli-ui,b,f012849,replace-battle-tested-c-with-rust,core,b-sb26-f012849-q1
1,distributed,a,f000217,typed-wrapper-vs-raw-access,core;ml,a-sB01-f000217-q2
1,distributed,a,f000227,async-vs-threads,distributed;embedded,a-sB01-f000227-q3;a-sR01-f000227-q2
1,distributed,a,f000530,optional-parameters-api-shape,desktop-cli-ui,a-01-f000530-q1
1,distributed,a,f001053,depend-vs-hand-roll,distributed,a-02-f001053-q1
1,distributed,a,f001319,breaking-wire-change-in-minor,decentralized-iroh,a-sT04-f001319-q1
1,distributed,a,f001650,cancel-safety-requirement,decentralized-iroh,a-sT04-f001650-q1
1,distributed,a,f001981,service-fault-isolation-degrade,decentralized-iroh,a-sR05-f001981-q1
1,distributed,a,f002016,depend-vs-hand-roll,wasm,a-sR06-f002016-q1
1,distributed,a,f002124,networking-lib-core-scope,decentralized-iroh,a-sa02-f002124-q1
1,distributed,a,f002341,memory-safety-and-resource-leaks,decentralized-iroh,a-sR07-f002341-q1
1,distributed,a,f002865,depend-vs-hand-roll,embedded,a-sa04-f002865-q1
1,distributed,a,f003375,quic-framing-one-stream-vs-per-message,decentralized-iroh,a-sT08-f003375-q1
1,distributed,a,f003414,optional-parameters-api-shape,desktop-cli-ui,a-sa06-f003414-q4
1,distributed,a,f003580,query-engine-batching-parallelism,cloud-workers,a-sR08-f003580-q1
1,distributed,a,f003704,enum-vs-dyn-trait-closed-set,ml,a-sa07-f003704-q3
1,distributed,a,f003922,wasm-components-for-interop,cloud-workers,a-sa07-f003922-q1
1,distributed,a,f003983,share-via-combinator-vs-separate-impls,ml,a-sR11-f003983-q2
1,distributed,a,f004055,typed-wrapper-vs-raw-access,embedded,a-sa09-f004055-q1
1,distributed,a,f004170,networking-lib-core-scope,decentralized-iroh,a-sR11-f004170-q1
1,distributed,a,f004586,reject-connections-before-handshake,decentralized-iroh,a-sR13-f004586-q3
1,distributed,a,f004685,feature-flags-vs-separate-crates,decentralized-iroh,a-sR13-f004685-q2
1,distributed,a,f004772,test-via-real-entry-point,desktop-cli-ui,a-sa13-f004772-q2
1,distributed,a,f004985,service-fault-isolation-degrade,cloud-workers,a-sa14-f004985-q3
1,distributed,a,f005079,depend-vs-hand-roll,wasm,a-sa14-f005079-q2;a-sa14-f005079-q3
1,distributed,a,f005149,library-error-type-opaque-vs-typed,decentralized-iroh,a-sa14-f005149-q1
1,distributed,a,f005360,language-safety-vs-hw-isolation,web,a-saL1-f005360-q2
1,distributed,a,f005360,rust-in-process-server-new-capability,web,a-saL1-f005360-q1
1,distributed,a,f005454,http-error-status-in-result,core,a-saL1-f005454-q1
1,distributed,a,f005604,consolidate-internal-network-frameworks,cloud-workers;web,a-sa15-f005604-q1
1,distributed,a,f005948,rust-worth-it-for-failure-heavy-infra,cloud-workers;web,a-sa15-f005948-q1
1,distributed,a,f007797,lambda-vs-containers,cloud-workers;web,a-sa17-f007797-q1
1,distributed,a,f007846,mutex-vs-atomics,embedded,a-sa17-f007846-q1
1,distributed,a,f007884,enum-vs-dyn-trait-closed-set,core;frontend,a-sa17-f007884-q1
1,distributed,a,f008237,wasm-components-for-interop,frontend,a-sT12-f008237-q1
1,distributed,a,f008583,library-error-type-opaque-vs-typed,cloud-workers,a-sa18-f008583-q1
1,distributed,a,f008651,feature-flags-vs-separate-crates,web,a-sa18-f008651-q1
1,distributed,a,f009026,work-stealing-vs-thread-per-core,distributed,a-sa18-f009026-q1
1,distributed,a,f009196,timer-instant-overflow-panic,core,a-sa19-f009196-q2
1,distributed,a,f011092,depend-vs-hand-roll,cloud-workers;embedded;web,a-saL2-f011092-q3
1,distributed,a,f011092,library-error-type-opaque-vs-typed,cloud-workers;embedded;web,a-saL2-f011092-q6
1,distributed,a,f011092,multitenant-resource-allocation,cloud-workers;embedded;web,a-saL2-f011092-q4
1,distributed,a,f011092,multitenant-shared-readonly-pages,cloud-workers;embedded;web,a-saL2-f011092-q2
1,distributed,a,f011092,rust-vs-gc-for-multitenant-runtime,cloud-workers;embedded;web,a-sa22-f011092-q1
1,distributed,a,f011220,cloud-lock-in-source,cloud-workers;web,a-sa24-f011220-q2
1,distributed,a,f011220,lambda-vs-containers,cloud-workers;web,a-sa24-f011220-q1
1,distributed,a,f012642,tiered-checked-unchecked-apis,desktop-cli-ui;frontend,a-sR16-f012642-q1
1,distributed,a,f012940,tokio-as-default-runtime,frontend,a-sa29-f012940-q2
1,distributed,a,f012940,tracing-vs-log-for-otel,frontend,a-sa29-f012940-q1
1,distributed,b,f000233,async-for-cpu-bound-work,core;distributed,b-bk01-f000233-q5
1,distributed,b,f000233,async-vs-threads,core;distributed,b-bk01-f000233-q10;b-sR01-f000233-q1
1,distributed,b,f000233,blocking-work-in-async,core;distributed,b-bk01-f000233-q6
1,distributed,b,f000233,executor-agnostic-libraries,core;distributed,b-bk01-f000233-q11
1,distributed,b,f000233,single-vs-multi-threaded-executor,core;distributed,b-bk01-f000233-q12
1,distributed,b,f000233,spawn-vs-compose-futures,core;distributed,b-bk01-f000233-q4
1,distributed,b,f000233,std-mutex-vs-async-mutex,core;distributed,b-bk01-f000233-q7
1,distributed,b,f000233,tokio-as-default-runtime,core;distributed,b-bk01-f000233-q3
1,distributed,b,f000267,batch-crypto-verification,decentralized-iroh;distributed,b-bk03-f000267-q5
1,distributed,b,f000267,feature-flags-vs-separate-crates,decentralized-iroh;distributed,b-bk03-f000267-q3
1,distributed,b,f000267,internal-service-abstraction-trait,decentralized-iroh;distributed,b-bk03-f000267-q4
1,distributed,b,f000267,test-via-real-entry-point,decentralized-iroh;distributed,b-bk03-f000267-q13
1,distributed,b,f000267,typed-wrapper-vs-raw-access,decentralized-iroh;distributed,b-bk03-f000267-q8
1,distributed,b,f001160,depend-vs-hand-roll,wasm,b-sR03-f001160-q1
1,distributed,b,f001512,optional-parameters-api-shape,embedded,b-sb05-f001512-q3
1,distributed,b,f002151,feature-flags-vs-separate-crates,frontend,b-sR05-f002151-q1
1,distributed,b,f002341,memory-safety-and-resource-leaks,decentralized-iroh,b-sR05-f002341-q1
1,distributed,b,f002453,depend-vs-hand-roll,decentralized-iroh,b-sR05-f002453-q1
1,distributed,b,f002550,actor-vs-shared-locks,decentralized-iroh,b-sT05-f002550-q2
1,distributed,b,f003188,library-error-type-opaque-vs-typed,decentralized-iroh,b-sb10-f003188-q2
1,distributed,b,f003188,pre-1-0-canary-releases,decentralized-iroh,b-sb10-f003188-q1
1,distributed,b,f003222,library-error-type-opaque-vs-typed,decentralized-iroh,b-sb10-f003222-q1
1,distributed,b,f003222,optional-parameters-api-shape,decentralized-iroh,b-sb10-f003222-q2
1,distributed,b,f003809,downstream-vendor-removed-api-vs-rework,distributed,b-sT07-f003809-q2
1,distributed,b,f003809,release-sequencing-after-dependency-major,distributed,b-sT07-f003809-q1
1,distributed,b,f004166,foreign-keys-vs-app-integrity,cloud-workers,b-sT07-f004166-q2
1,distributed,b,f004166,lambda-vs-containers,cloud-workers,b-sT07-f004166-q1
1,distributed,b,f004423,async-drop-raii-vs-close,decentralized-iroh,b-sR10-f004423-q1
1,distributed,b,f004423,unstable-feature-gate-vs-wait,decentralized-iroh,b-sR10-f004423-q2
1,distributed,b,f004741,async-drop-raii-vs-close,decentralized-iroh,b-sR10-f004741-q1
1,distributed,b,f004741,enum-vs-dyn-trait-closed-set,decentralized-iroh,b-sR10-f004741-q3
1,distributed,b,f004741,unstable-feature-gate-vs-wait,decentralized-iroh,b-sR10-f004741-q2
1,distributed,b,f005071,crdt-vs-coordination,desktop-cli-ui,b-sR11-f005071-q1
1,distributed,b,f005113,repr-packed-vs-byte-array,cloud-workers,b-sb17-f005113-q1
1,distributed,b,f005120,feature-flags-vs-separate-crates,ml,b-sR12-f005120-q1
1,distributed,b,f005159,async-drop-raii-vs-close,decentralized-iroh;distributed,b-sb17-f005159-q2
1,distributed,b,f005159,cancel-safety-requirement,decentralized-iroh;distributed,b-sb17-f005159-q4
1,distributed,b,f005159,tokio-as-default-runtime,decentralized-iroh;distributed,b-sb17-f005159-q1
1,distributed,b,f005307,async-io-with-sync-storage,decentralized-iroh,b-sb18-f005307-q1
1,distributed,b,f005307,current-thread-runtime-for-blocking,decentralized-iroh,b-sb18-f005307-q2
1,distributed,b,f005600,mutex-vs-atomics,core,b-sb18-f005600-q1
1,distributed,b,f005948,rust-worth-it-for-failure-heavy-infra,cloud-workers;web,b-sb19-f005948-q1
1,distributed,b,f007797,lambda-vs-containers,cloud-workers;web,b-sb20-f007797-q1
1,distributed,b,f008583,library-error-type-opaque-vs-typed,cloud-workers,b-sb21-f008583-q1
1,distributed,b,f008906,http-error-status-in-result,cloud-workers,b-sb22-f008906-q3;b-sb22-f008906-q4
1,distributed,b,f008906,rate-limiter-algorithm,cloud-workers,b-sb22-f008906-q5
1,distributed,b,f011178,git-storage-database-decentralized,core;ml;web,b-sb23-f011178-q1
1,distributed,b,f011295,easy-mode-rust,core;web,b-sb24-f011295-q1
1,distributed,b,f011295,synthetic-canary-vs-tracing,core;web,b-sb24-f011295-q3
1,distributed,b,f011306,trace-context-propagation-mechanism,core;distributed;web,b-sb24-f011306-q3
1,distributed,b,f011306,tracing-crate-vs-otel-api,core;distributed;web,b-sb24-f011306-q1
1,distributed,b,f011435,feature-flags-vs-separate-crates,ml;web,b-sb25-f011435-q1
1,embedded,a,f000217,fixed-vs-dynamic-matrix-sizing,core;ml,a-sB01-f000217-q3
1,embedded,a,f000217,no-std-for-wasm,core;ml,a-sB01-f000217-q4
1,embedded,a,f000217,typed-wrapper-vs-raw-access,core;ml,a-sB01-f000217-q2
1,embedded,a,f000227,absolute-instant-periodic-timing,distributed;embedded,a-sB04-f000227-q2
1,embedded,a,f000227,async-vs-threads,distributed;embedded,a-sB01-f000227-q3;a-sR01-f000227-q2
1,embedded,a,f000227,divergent-signature-for-forever-tasks,distributed;embedded,a-sB04-f000227-q3
1,embedded,a,f000227,embedded-framework-bundles-hal-and-executor,distributed;embedded,a-sB04-f000227-q5
1,embedded,a,f000227,exclusive-access-default-in-task-api,distributed;embedded,a-sB04-f000227-q1
1,embedded,a,f000227,hardware-interrupt-scheduling,distributed;embedded,a-sB01-f000227-q2
1,embedded,a,f000227,rtic-is-an-rtos,distributed;embedded,a-sB01-f000227-q1;a-sR01-f000227-q1
1,embedded,a,f000227,static-allocation-in-real-time,distributed;embedded,a-sB01-f000227-q4
1,embedded,a,f000227,static-model-security-guarantees,distributed;embedded,a-sB04-f000227-q4
1,embedded,a,f000256,generics-vs-dyn-for-abstraction,wasm,a-sB02-f000256-q9
1,embedded,a,f000256,library-io-factored-out,wasm,a-sB02-f000256-q11
1,embedded,a,f000256,unchecked-unwrap-vs-safe-abort,wasm,a-sB02-f000256-q8
1,embedded,a,f000256,wasm-allocator-choice,wasm,a-sB02-f000256-q10
1,embedded,a,f000530,optional-parameters-api-shape,desktop-cli-ui,a-01-f000530-q1
1,embedded,a,f001053,depend-vs-hand-roll,distributed,a-02-f001053-q1
1,embedded,a,f001181,wasm-precise-traps-store-tearing,wasm,a-02-f001181-q1
1,embedded,a,f001838,pac-crate-per-chip-vs-shared,embedded,a-sa01-f001838-q1
1,embedded,a,f001989,hard-dependency-vs-pluggable-interface,embedded,a-sR06-f001989-q1
1,embedded,a,f002005,leaky-signal-abstraction-electrical-config,embedded,a-sR06-f002005-q1
1,embedded,a,f002005,required-signals-vs-option-pins,embedded,a-sR06-f002005-q2
1,embedded,a,f002016,depend-vs-hand-roll,wasm,a-sR06-f002016-q1
1,embedded,a,f002155,shared-mutable-state-vs-explicit-passing,embedded,a-sR07-f002155-q1
1,embedded,a,f002300,serialization-format-choice,frontend,a-sa03-f002300-q1
1,embedded,a,f002865,depend-vs-hand-roll,embedded,a-sa04-f002865-q1
1,embedded,a,f003169,shared-hw-resource-refcount-vs-raii,embedded,a-sa05-f003169-q1
1,embedded,a,f003414,library-panic,desktop-cli-ui,a-sa06-f003414-q3
1,embedded,a,f003414,optional-parameters-api-shape,desktop-cli-ui,a-sa06-f003414-q4
1,embedded,a,f003414,shared-mutable-state-vs-explicit-passing,desktop-cli-ui,a-sa06-f003414-q2
1,embedded,a,f003590,serialization-format-choice,decentralized-iroh,a-sa06-f003590-q2
1,embedded,a,f003704,generics-vs-dyn-for-abstraction,ml,a-sa07-f003704-q1
1,embedded,a,f004016,oss-framework-monetization,ml,a-sa09-f004016-q1
1,embedded,a,f004055,library-panic,embedded,a-sa09-f004055-q3
1,embedded,a,f004055,spi-hardware-cs-in-spibus,embedded,a-sa09-f004055-q2
1,embedded,a,f004055,typed-wrapper-vs-raw-access,embedded,a-sa09-f004055-q1
1,embedded,a,f004265,expose-fixed-array-vs-wrapper-type,embedded,a-sa11-f004265-q1
1,embedded,a,f004265,restrict-external-construction,embedded,a-sa11-f004265-q3
1,embedded,a,f004265,speculative-from-impls,embedded,a-sa11-f004265-q2
1,embedded,a,f004471,pure-rust-crypto-stopgap,decentralized-iroh,a-sa11-f004471-q1
1,embedded,a,f004512,ergonomic-sugar-now-or-later,embedded,a-sa11-f004512-q3
1,embedded,a,f004512,feature-naming-mechanism-vs-capability,embedded,a-sa11-f004512-q4
1,embedded,a,f004512,hook-api-pointer-vs-address,embedded,a-sa11-f004512-q2
1,embedded,a,f004512,pointer-addr-vs-as-usize,embedded,a-sa11-f004512-q1
1,embedded,a,f004586,hard-dependency-vs-pluggable-interface,decentralized-iroh,a-sR13-f004586-q1
1,embedded,a,f004865,host-and-embedded-cargo-layout,decentralized-iroh,a-sR14-f004865-q1
1,embedded,a,f004865,human-written-code-standard,decentralized-iroh,a-sR14-f004865-q2
1,embedded,a,f005079,depend-vs-hand-roll,wasm,a-sa14-f005079-q2;a-sa14-f005079-q3
1,embedded,a,f005162,embedded-deferred-log-formatting,embedded,a-sa14-f005162-q1
1,embedded,a,f005360,language-safety-vs-hw-isolation,web,a-saL1-f005360-q2
1,embedded,a,f005516,replace-battle-tested-c-with-rust,core,a-saL1-f005516-q2
1,embedded,a,f005516,rust-vs-c-inherent-performance,core,a-saL1-f005516-q1;a-saL1-f005516-q3;a-saL1-f005516-q4
1,embedded,a,f005821,human-written-code-standard,ml,a-sa15-f005821-q2
1,embedded,a,f006797,replace-battle-tested-c-with-rust,core,a-sa15-f006797-q1
1,embedded,a,f007483,plugin-system-mechanism,wasm,a-sa16-f007483-q1
1,embedded,a,f008217,embedded-crash-policy-kernel-vs-supervisor,core,a-sa17-f008217-q1
1,embedded,a,f008217,embedded-panics-compile-time-vs-recovery,core,a-sa17-f008217-q2
1,embedded,a,f008787,rust-ml-edge-inference-vs-python,ml,a-sa18-f008787-q1
1,embedded,a,f011069,library-panic,ml,a-sa21-f011069-q3
1,embedded,a,f011092,depend-vs-hand-roll,cloud-workers;embedded;web,a-saL2-f011092-q3
1,embedded,a,f011305,hot-patching-for-iteration,core;web,a-sa26-f011305-q5
1,embedded,a,f012469,unsafe-mental-model,core,a-sa28-f012469-q6
1,embedded,a,f013276,generics-vs-dyn-for-abstraction,core,a-sa30-f013276-q1
1,embedded,b,f000233,async-vs-threads,core;distributed,b-bk01-f000233-q10;b-sR01-f000233-q1
1,embedded,b,f000256,generics-vs-dyn-for-abstraction,wasm,b-bk02-f000256-q8
1,embedded,b,f000256,library-io-factored-out,wasm,b-bk02-f000256-q4
1,embedded,b,f000256,unchecked-unwrap-vs-safe-abort,wasm,b-bk02-f000256-q11
1,embedded,b,f000256,wasm-allocator-choice,wasm,b-bk02-f000256-q10
1,embedded,b,f000267,replace-battle-tested-c-with-rust,decentralized-iroh;distributed,b-bk03-f000267-q1
1,embedded,b,f000267,serialization-format-choice,decentralized-iroh;distributed,b-bk03-f000267-q9
1,embedded,b,f000267,typed-wrapper-vs-raw-access,decentralized-iroh;distributed,b-bk03-f000267-q8
1,embedded,b,f000715,hal-driver-typestate,embedded,b-sb03-f000715-q1
1,embedded,b,f001022,shared-mutable-state-vs-explicit-passing,desktop-cli-ui,b-sb04-f001022-q1
1,embedded,b,f001160,depend-vs-hand-roll,wasm,b-sR03-f001160-q1
1,embedded,b,f001392,fast-path-complexity,desktop-cli-ui,b-sb04-f001392-q1
1,embedded,b,f001512,generic-over-blocking-async,embedded,b-sb05-f001512-q4
1,embedded,b,f001512,hal-driver-typestate,embedded,b-sb05-f001512-q2
1,embedded,b,f001512,library-panic,embedded,b-sb05-f001512-q1
1,embedded,b,f001512,optional-parameters-api-shape,embedded,b-sb05-f001512-q3
1,embedded,b,f001838,pac-crate-per-chip-vs-shared,embedded,b-sb06-f001838-q1
1,embedded,b,f002027,extend-foreign-trait-type,embedded,b-sb06-f002027-q1
1,embedded,b,f002326,std-naming-convention-imperfect-fit,embedded,b-sR05-f002326-q1
1,embedded,b,f002453,depend-vs-hand-roll,decentralized-iroh,b-sR05-f002453-q1
1,embedded,b,f002499,esp32-psram-display-dma-strategy,embedded,b-sT05-f002499-q1
1,embedded,b,f002499,hal-expose-private-facilities,embedded,b-sT05-f002499-q4
1,embedded,b,f002517,pre-1-0-api-default-stability,embedded,b-sb08-f002517-q1
1,embedded,b,f002517,unstable-marking-of-required-macros,embedded,b-sb08-f002517-q2
1,embedded,b,f002615,gating-pre-1-0-dependency-integrations,embedded,b-sb09-f002615-q1
1,embedded,b,f002719,hot-patching-for-iteration,frontend,b-sb09-f002719-q1
1,embedded,b,f002775,oss-framework-monetization,embedded,b-sT05-f002775-q1
1,embedded,b,f003030,predicate-rules-vs-first-match,embedded,b-sb09-f003030-q2
1,embedded,b,f003030,serialization-format-choice,embedded,b-sb09-f003030-q1
1,embedded,b,f003036,cli-flag-convenience-vs-consistency,embedded,b-sb09-f003036-q1
1,embedded,b,f003186,additive-features,wasm,b-sb10-f003186-q1
1,embedded,b,f003222,optional-parameters-api-shape,decentralized-iroh,b-sb10-f003222-q2
1,embedded,b,f003587,serialization-format-choice,ml,b-sR08-f003587-q1
1,embedded,b,f003955,land-hal-separate-now-vs-unified-later,embedded,b-sR09-f003955-q1
1,embedded,b,f004160,cli-output-overwrite-default,embedded,b-sb13-f004160-q2
1,embedded,b,f004160,reuse-vs-purpose-built-unwind,embedded,b-sb13-f004160-q1
1,embedded,b,f004573,library-panic,ml,b-sR10-f004573-q1
1,embedded,b,f004804,macro-hides-construction-requirements,embedded,b-sR10-f004804-q2
1,embedded,b,f004804,safe-wrapper-soundness-scope,embedded,b-sR10-f004804-q1
1,embedded,b,f004997,llm-doc-edits-reproducibility,embedded,b-sb16-f004997-q1
1,embedded,b,f005169,static-verification-no-panic-mechanism,embedded,b-sR12-f005169-q1
1,embedded,b,f005332,c-maintainers-rust-bindings-duty,core,b-sb18-f005332-q1
1,embedded,b,f005421,library-panic,embedded;ml,b-sR12-f005421-q1
1,embedded,b,f005440,shared-mutable-state-vs-explicit-passing,ml,b-sT09-f005440-q1
1,embedded,b,f005743,replace-battle-tested-c-with-rust,core,b-sb19-f005743-q1;b-sb19-f005743-q4
1,embedded,b,f005964,replace-battle-tested-c-with-rust,web,b-sb19-f005964-q1
1,embedded,b,f012849,replace-battle-tested-c-with-rust,core,b-sb26-f012849-q1
1,embedded,b,f013214,rust-vs-c-inherent-performance,core,b-sb26-f013214-q2
1,frontend,a,f000256,ffi-copy-vs-share,wasm,a-sB02-f000256-q3
1,frontend,a,f000543,form-values-list-vs-scalar-deserialization,frontend,a-01-f000543-q1
1,frontend,a,f000701,proc-macro-emitted-paths-hidden-deps,frontend,a-01-f000701-q1
1,frontend,a,f000957,async-hook-cancellation-upfront,frontend,a-02-f000957-q1
1,frontend,a,f002271,frontend-hook-naming,frontend,a-sR07-f002271-q2
1,frontend,a,f002271,web-api-wrapper-raw-vs-rust-types,frontend,a-sR07-f002271-q1
1,frontend,a,f002300,serialization-format-choice,frontend,a-sa03-f002300-q1
1,frontend,a,f003590,serialization-format-choice,decentralized-iroh,a-sa06-f003590-q2
1,frontend,a,f005702,fine-grained-reactivity-vs-vdom,desktop-cli-ui;ml;web,a-sR14-f005702-q1
1,frontend,a,f008455,all-rust-vs-platform-native-tooling,swift-interop,a-sT12-f008455-q1
1,frontend,a,f011305,gui-custom-renderer-vs-native,core;web,a-sa26-f011305-q6
1,frontend,a,f011305,hot-patching-for-iteration,core;web,a-sa26-f011305-q5
1,frontend,a,f011305,lightweight-clones-in-language,core;web,a-sa26-f011305-q3
1,frontend,a,f011305,rust-for-high-level-apps,core;web,a-sa26-f011305-q1;a-sa26-f011305-q2
1,frontend,a,f011460,rust-for-web-frontend,wasm;web,a-sa26-f011460-q1;a-sa26-f011460-q2
1,frontend,a,f011460,wasm-boundary-serde-vs-getters,wasm;web,a-sa26-f011460-q3
1,frontend,a,f012146,rust-for-web-frontend,web,a-sa26-f012146-q1
1,frontend,b,f000256,ffi-copy-vs-share,wasm,b-bk02-f000256-q2
1,frontend,b,f000256,rust-for-web-frontend,wasm,b-sR01-f000256-q1
1,frontend,b,f000267,serialization-format-choice,decentralized-iroh;distributed,b-bk03-f000267-q9
1,frontend,b,f002719,hot-patching-for-iteration,frontend,b-sb09-f002719-q1
1,frontend,b,f003030,serialization-format-choice,embedded,b-sb09-f003030-q1
1,frontend,b,f003587,serialization-format-choice,ml,b-sR08-f003587-q1
1,frontend,b,f003938,view-macro-native-control-flow,frontend,b-sR09-f003938-q1
1,frontend,b,f003963,keyed-access-copy-vs-clone-keys,frontend,b-sb13-f003963-q2
1,frontend,b,f003963,reactive-keyed-child-notification,frontend,b-sb13-f003963-q1
1,frontend,b,f004367,all-rust-vs-platform-native-tooling,frontend,b-sb13-f004367-q1
1,frontend,b,f004399,docs-as-rust-vs-markdown,frontend,b-sb14-f004399-q1
1,frontend,b,f004706,missing-asset-build-fail-vs-runtime-degrade,frontend,b-sR10-f004706-q1
1,frontend,b,f005144,ui-state-scoped-lifetimes-vs-runtime-handles,frontend;web,b-sb17-f005144-q1
1,frontend,b,f005691,wasm-bindgen-manual-vs-generated-glue,frontend;wasm,b-sb19-f005691-q1
1,frontend,b,f005699,rust-for-web-frontend,frontend;wasm,b-sb19-f005699-q1
1,frontend,b,f007290,fullstack-reactive-complexity-essential,frontend,b-sb20-f007290-q2
1,frontend,b,f007290,rust-for-web-frontend,frontend,b-sb20-f007290-q1
1,frontend,b,f007678,all-rust-vs-platform-native-tooling,desktop-cli-ui;swift-interop;web,b-sb20-f007678-q1
1,frontend,b,f007678,ffi-copy-vs-share,desktop-cli-ui;swift-interop;web,b-sb20-f007678-q2
1,frontend,b,f008390,desktop-webview-ipc-vs-single-context,frontend,b-sb21-f008390-q1
1,frontend,b,f008793,all-rust-vs-platform-native-tooling,swift-interop,b-sb21-f008793-q1
1,frontend,b,f008914,all-rust-vs-platform-native-tooling,frontend,b-sb22-f008914-q1
1,frontend,b,f008914,ffi-copy-vs-share,frontend,b-sb22-f008914-q2
1,frontend,b,f012866,js-tooling-in-rust,web,b-sb26-f012866-q1
1,ml,a,f000149,rust-for-mlops-vs-python,ml,a-sB01-f000149-q1
1,ml,a,f000217,nalgebra-typed-api-vs-glm,core;ml,a-sB01-f000217-q1
1,ml,a,f000256,generics-vs-dyn-for-abstraction,wasm,a-sB02-f000256-q9
1,ml,a,f001053,depend-vs-hand-roll,distributed,a-02-f001053-q1
1,ml,a,f001096,benchmark-colocation-with-crate,ml,a-sR04-f001096-q2
1,ml,a,f001096,reduction-accumulation-precision,ml,a-sR04-f001096-q1
1,ml,a,f002016,depend-vs-hand-roll,wasm,a-sR06-f002016-q1
1,ml,a,f002243,ml-dataset-eager-vs-lazy,ml,a-sa03-f002243-q1
1,ml,a,f002300,serialization-format-choice,frontend,a-sa03-f002300-q1
1,ml,a,f002865,depend-vs-hand-roll,embedded,a-sa04-f002865-q1
1,ml,a,f003414,library-panic,desktop-cli-ui,a-sa06-f003414-q3
1,ml,a,f003590,serialization-format-choice,decentralized-iroh,a-sa06-f003590-q2
1,ml,a,f003704,borrowed-build-state-vs-builder,ml,a-sa07-f003704-q4
1,ml,a,f003704,enum-vs-dyn-trait-closed-set,ml,a-sa07-f003704-q3
1,ml,a,f003704,fixed-point-loop-vs-event-retrigger,ml,a-sa07-f003704-q2
1,ml,a,f003704,generics-vs-dyn-for-abstraction,ml,a-sa07-f003704-q1
1,ml,a,f003983,lint-allow-broad-vs-narrow,ml,a-sR11-f003983-q1
1,ml,a,f003983,share-via-combinator-vs-separate-impls,ml,a-sR11-f003983-q2
1,ml,a,f004016,oss-framework-monetization,ml,a-sa09-f004016-q1
1,ml,a,f004016,portable-kernels-performance-cost,ml,a-sa09-f004016-q2
1,ml,a,f004055,library-panic,embedded,a-sa09-f004055-q3
1,ml,a,f004685,feature-flags-vs-separate-crates,decentralized-iroh,a-sR13-f004685-q2
1,ml,a,f005079,depend-vs-hand-roll,wasm,a-sa14-f005079-q2;a-sa14-f005079-q3
1,ml,a,f007846,mutex-vs-atomics,embedded,a-sa17-f007846-q1
1,ml,a,f007884,enum-vs-dyn-trait-closed-set,core;frontend,a-sa17-f007884-q1
1,ml,a,f008651,feature-flags-vs-separate-crates,web,a-sa18-f008651-q1
1,ml,a,f008787,rust-ml-edge-inference-vs-python,ml,a-sa18-f008787-q1
1,ml,a,f011069,behavioral-equivalence-testing-method,ml,a-sa21-f011069-q1
1,ml,a,f011069,library-panic,ml,a-sa21-f011069-q3
1,ml,a,f011092,depend-vs-hand-roll,cloud-workers;embedded;web,a-saL2-f011092-q3
1,ml,a,f011443,rust-for-ai-generated-code,web,a-sa26-f011443-q2
1,ml,a,f013276,generics-vs-dyn-for-abstraction,core,a-sa30-f013276-q1
1,ml,b,f000233,async-for-cpu-bound-work,core;distributed,b-bk01-f000233-q5
1,ml,b,f000233,blocking-work-in-async,core;distributed,b-bk01-f000233-q6
1,ml,b,f000233,single-vs-multi-threaded-executor,core;distributed,b-bk01-f000233-q12
1,ml,b,f000256,generics-vs-dyn-for-abstraction,wasm,b-bk02-f000256-q8
1,ml,b,f000267,feature-flags-vs-separate-crates,decentralized-iroh;distributed,b-bk03-f000267-q3
1,ml,b,f000267,serialization-format-choice,decentralized-iroh;distributed,b-bk03-f000267-q9
1,ml,b,f000464,metal-vs-cpu-priority-candle,ml,b-sR01-f000464-q2
1,ml,b,f000464,quantization-speedup-candle,ml,b-sR01-f000464-q1
1,ml,b,f000569,defer-multithreaded-encoding,ml,b-sb03-f000569-q1
1,ml,b,f001160,depend-vs-hand-roll,wasm,b-sR03-f001160-q1
1,ml,b,f001392,extract-single-use-function,desktop-cli-ui,b-sb04-f001392-q3
1,ml,b,f001512,library-panic,embedded,b-sb05-f001512-q1
1,ml,b,f002048,kernel-constants-hardcode-vs-comptime,ml,b-sR05-f002048-q2
1,ml,b,f002048,multiple-algorithms-autotune,ml,b-sR05-f002048-q1
1,ml,b,f002151,feature-flags-vs-separate-crates,frontend,b-sR05-f002151-q1
1,ml,b,f002453,depend-vs-hand-roll,decentralized-iroh,b-sR05-f002453-q1
1,ml,b,f002518,large-pr-split,ml,b-sb08-f002518-q2
1,ml,b,f002518,ptx-build-host-vs-multi-arch,ml,b-sb08-f002518-q1
1,ml,b,f002567,dedicated-design-vs-duplicate-now,ml,b-sb09-f002567-q1
1,ml,b,f002567,new-type-vs-option-for-variant,ml,b-sb09-f002567-q2
1,ml,b,f002775,oss-framework-monetization,embedded,b-sT05-f002775-q1
1,ml,b,f003030,serialization-format-choice,embedded,b-sb09-f003030-q1
1,ml,b,f003550,ai-review-suggestions,ml,b-sR08-f003550-q1
1,ml,b,f003587,custom-bytes-type-vs-vec-u8,ml,b-sR08-f003587-q3
1,ml,b,f003587,serialization-format-choice,ml,b-sR08-f003587-q1
1,ml,b,f003587,std-naming-conventions-strictness,ml,b-sR08-f003587-q2
1,ml,b,f003702,threads-vs-simd-for-batch-work,decentralized-iroh,b-sR08-f003702-q1
1,ml,b,f004573,kernel-constants-hardcode-vs-comptime,ml,b-sR10-f004573-q2
1,ml,b,f004573,library-panic,ml,b-sR10-f004573-q1
1,ml,b,f004741,enum-vs-dyn-trait-closed-set,decentralized-iroh,b-sR10-f004741-q3
1,ml,b,f005085,const-generics-unify-specializations,ml,b-sR12-f005085-q2
1,ml,b,f005085,extract-single-use-function,ml,b-sR12-f005085-q1
1,ml,b,f005120,feature-flags-vs-separate-crates,ml,b-sR12-f005120-q1
1,ml,b,f005120,scratch-buffer-vs-per-call-alloc,ml,b-sR12-f005120-q2
1,ml,b,f005421,library-panic,embedded;ml,b-sR12-f005421-q1
1,ml,b,f005600,mutex-vs-atomics,core,b-sb18-f005600-q1
1,ml,b,f008808,gpu-async-await-vs-dsl,distributed,b-sb21-f008808-q1
1,ml,b,f009236,std-naming-conventions-strictness,ml,b-sb22-f009236-q1
1,ml,b,f011233,rust-cuda-vs-cpp-kernels,web,b-sb23-f011233-q1
1,ml,b,f011435,feature-flags-vs-separate-crates,ml;web,b-sb25-f011435-q1
1,other,a,f000227,async-vs-threads,distributed;embedded,a-sB01-f000227-q3;a-sR01-f000227-q2
1,other,a,f000256,ffi-copy-vs-share,wasm,a-sB02-f000256-q3
1,other,a,f002127,default-features-minimal-vs-inclusive,desktop-cli-ui,a-sa02-f002127-q1
1,other,a,f003126,merge-expensive-feature-with-limits,desktop-cli-ui,a-sa05-f003126-q1
1,other,a,f005516,rust-vs-c-inherent-performance,core,a-saL1-f005516-q1;a-saL1-f005516-q3;a-saL1-f005516-q4
1,other,a,f008455,all-rust-vs-platform-native-tooling,swift-interop,a-sT12-f008455-q1
1,other,a,f011069,behavioral-equivalence-testing-method,ml,a-sa21-f011069-q1
1,other,a,f011305,rust-for-high-level-apps,core;web,a-sa26-f011305-q1;a-sa26-f011305-q2
1,other,a,f011443,rust-for-ai-generated-code,web,a-sa26-f011443-q2
1,other,a,f011443,teach-rust-in-curricula,web,a-sa26-f011443-q1
1,other,a,f011684,default-features-minimal-vs-inclusive,frontend,a-sa26-f011684-q1
1,other,a,f013224,ai-authored-community-contributions,core,a-sa29-f013224-q2
1,other,b,f000233,async-vs-threads,core;distributed,b-bk01-f000233-q10;b-sR01-f000233-q1
1,other,b,f000256,ffi-copy-vs-share,wasm,b-bk02-f000256-q2
1,other,b,f000267,ai-authored-community-contributions,decentralized-iroh;distributed,b-bk03-f000267-q6
1,other,b,f002142,ecs-relationship-fragmenting,desktop-cli-ui,b-sb07-f002142-q2
1,other,b,f002142,ecs-relationship-type-level-exclusivity,desktop-cli-ui,b-sb07-f002142-q1
1,other,b,f003540,trait-default-methods-vs-major-bump,distributed,b-sR08-f003540-q1
1,other,b,f004367,all-rust-vs-platform-native-tooling,frontend,b-sb13-f004367-q1
1,other,b,f004721,ai-authored-community-contributions,wasm,b-sb15-f004721-q1
1,other,b,f004993,ai-authored-community-contributions,desktop-cli-ui,b-sR11-f004993-q1
1,other,b,f007608,object-graph-representation,core,b-sb20-f007608-q1
1,other,b,f007678,all-rust-vs-platform-native-tooling,desktop-cli-ui;swift-interop;web,b-sb20-f007678-q1
1,other,b,f007678,ffi-copy-vs-share,desktop-cli-ui;swift-interop;web,b-sb20-f007678-q2
1,other,b,f007942,ai-authored-community-contributions,core,b-sb20-f007942-q1
1,other,b,f008793,all-rust-vs-platform-native-tooling,swift-interop,b-sb21-f008793-q1
1,other,b,f008914,all-rust-vs-platform-native-tooling,frontend,b-sb22-f008914-q1
1,other,b,f008914,ffi-copy-vs-share,frontend,b-sb22-f008914-q2
1,other,b,f009740,ai-authored-community-contributions,core;web,b-sR13-f009740-q1
1,other,b,f011233,rust-cuda-vs-cpp-kernels,web,b-sb23-f011233-q1
1,other,b,f011435,default-features-minimal-vs-inclusive,ml;web,b-sb25-f011435-q2
1,other,b,f012561,ecs-events-first-architecture,core,b-sb25-f012561-q1
1,other,b,f012561,ecs-ui-large-vs-small-systems,core,b-sb25-f012561-q3
1,other,b,f012561,shared-model-crate-vs-domain-split,core,b-sb25-f012561-q2
1,other,b,f012642,greptimedb-write-api-choice,desktop-cli-ui;frontend,b-sb25-f012642-q1
1,other,b,f013214,game-logic-in-scripting-layer,core,b-sb26-f013214-q4
1,other,b,f013214,gamedev-ecosystem-maturity,core,b-sb26-f013214-q1
1,other,b,f013214,object-graph-representation,core,b-sb26-f013214-q3
1,other,b,f013214,rust-vs-c-inherent-performance,core,b-sb26-f013214-q2
1,swift-interop,a,f000256,ffi-copy-vs-share,wasm,a-sB02-f000256-q3
1,swift-interop,a,f000256,ffi-ui-state-snapshots-vs-diffs,wasm,a-sB02-f000256-q4
1,swift-interop,a,f002665,ffi-bindings-lag-pause-or-ship,decentralized-iroh,a-sa04-f002665-q1
1,swift-interop,a,f008389,ffi-ui-state-snapshots-vs-diffs,swift-interop,a-sa18-f008389-q1
1,swift-interop,a,f008455,all-rust-vs-platform-native-tooling,swift-interop,a-sT12-f008455-q1
1,swift-interop,a,f012237,uniffi-packaging-xcode-vs-script,swift-interop,a-sa27-f012237-q1
1,swift-interop,a,f012237,xcframework-tooling-vs-hand-built,swift-interop,a-sa27-f012237-q2
1,swift-interop,b,f000256,ffi-copy-vs-share,wasm,b-bk02-f000256-q2
1,swift-interop,b,f004367,all-rust-vs-platform-native-tooling,frontend,b-sb13-f004367-q1
1,swift-interop,b,f005668,explicit-vs-convenience-memory-defaults,swift-interop,b-sR12-f005668-q1
1,swift-interop,b,f005668,explicit-vs-implicit-indirection,swift-interop,b-sR12-f005668-q2
1,swift-interop,b,f007678,all-rust-vs-platform-native-tooling,desktop-cli-ui;swift-interop;web,b-sb20-f007678-q1
1,swift-interop,b,f007678,ffi-copy-vs-share,desktop-cli-ui;swift-interop;web,b-sb20-f007678-q2
1,swift-interop,b,f008793,all-rust-vs-platform-native-tooling,swift-interop,b-sb21-f008793-q1
1,swift-interop,b,f008914,all-rust-vs-platform-native-tooling,frontend,b-sb22-f008914-q1
1,swift-interop,b,f008914,ffi-copy-vs-share,frontend,b-sb22-f008914-q2
1,wasm,a,f000217,no-std-for-wasm,core;ml,a-sB01-f000217-q4
1,wasm,a,f000256,bounded-grid-universe,wasm,a-sB02-f000256-q2
1,wasm,a,f000256,ffi-copy-vs-share,wasm,a-sB02-f000256-q3
1,wasm,a,f000256,ffi-ui-state-snapshots-vs-diffs,wasm,a-sB02-f000256-q4
1,wasm,a,f000256,generics-vs-dyn-for-abstraction,wasm,a-sB02-f000256-q9
1,wasm,a,f000256,incremental-port-vs-rewrite-to-rust,wasm,a-sB02-f000256-q1
1,wasm,a,f000256,library-io-factored-out,wasm,a-sB02-f000256-q11
1,wasm,a,f000256,modulo-vs-branch-wraparound,wasm,a-sB02-f000256-q5
1,wasm,a,f000256,opt-level-z-vs-s,wasm,a-sB02-f000256-q7
1,wasm,a,f000256,profile-before-optimizing,wasm,a-sB02-f000256-q6
1,wasm,a,f000256,reproduce-wasm-bugs-natively,wasm,a-sB02-f000256-q12
1,wasm,a,f000256,unchecked-unwrap-vs-safe-abort,wasm,a-sB02-f000256-q8
1,wasm,a,f000256,wasm-allocator-choice,wasm,a-sB02-f000256-q10
1,wasm,a,f000256,wasm-bundler-choice,wasm,a-sB02-f000256-q14
1,wasm,a,f000256,wasm-panic-hook,wasm,a-sB02-f000256-q13
1,wasm,a,f000977,nonnull-in-ffi-params,wasm,a-02-f000977-q1
1,wasm,a,f001053,depend-vs-hand-roll,distributed,a-02-f001053-q1
1,wasm,a,f001181,wasm-precise-traps-store-tearing,wasm,a-02-f001181-q1
1,wasm,a,f001981,service-fault-isolation-degrade,decentralized-iroh,a-sR05-f001981-q1
1,wasm,a,f002016,depend-vs-hand-roll,wasm,a-sR06-f002016-q1
1,wasm,a,f002271,web-api-wrapper-raw-vs-rust-types,frontend,a-sR07-f002271-q1
1,wasm,a,f002466,scratch-register-type-enforced,wasm,a-sa05-f002466-q1
1,wasm,a,f002865,depend-vs-hand-roll,embedded,a-sa04-f002865-q1
1,wasm,a,f002883,release-on-request,wasm,a-sT07-f002883-q1
1,wasm,a,f003033,wit-export-direct-vs-interface,wasm,a-sR08-f003033-q1
1,wasm,a,f003074,component-abi-special-case-lowerings,wasm,a-sa05-f003074-q1
1,wasm,a,f003074,wasm-core-sum-types,wasm,a-sa05-f003074-q2
1,wasm,a,f003082,macro-vs-boilerplate,wasm,a-sR08-f003082-q1
1,wasm,a,f003558,feature-misuse-responsibility,wasm,a-sa06-f003558-q2
1,wasm,a,f003558,web-wasm-target-workaround-vs-target,wasm,a-sa06-f003558-q1
1,wasm,a,f003704,generics-vs-dyn-for-abstraction,ml,a-sa07-f003704-q1
1,wasm,a,f003922,wasm-components-for-interop,cloud-workers,a-sa07-f003922-q1
1,wasm,a,f004598,ffi-tag-unwind-vs-abort,cloud-workers,a-sa12-f004598-q2
1,wasm,a,f004598,wasm-panic-unwind-vs-abort,cloud-workers,a-sa12-f004598-q1
1,wasm,a,f004685,feature-flags-vs-separate-crates,decentralized-iroh,a-sR13-f004685-q2
1,wasm,a,f004985,embedded-interpreter-stopgap,cloud-workers,a-sa14-f004985-q2
1,wasm,a,f004985,emscripten-vs-native-rust-wasm,cloud-workers,a-sa14-f004985-q1
1,wasm,a,f004985,service-fault-isolation-degrade,cloud-workers,a-sa14-f004985-q3
1,wasm,a,f005079,depend-vs-hand-roll,wasm,a-sa14-f005079-q2;a-sa14-f005079-q3
1,wasm,a,f005821,become-tail-call-codegen,ml,a-sa15-f005821-q1
1,wasm,a,f007483,plugin-system-mechanism,wasm,a-sa16-f007483-q1
1,wasm,a,f007736,macro-vs-boilerplate,cloud-workers,a-sa17-f007736-q1
1,wasm,a,f008237,wasip2-std-minimal-imports,frontend,a-sT12-f008237-q2
1,wasm,a,f008237,wasm-components-for-interop,frontend,a-sT12-f008237-q1
1,wasm,a,f008389,ffi-ui-state-snapshots-vs-diffs,swift-interop,a-sa18-f008389-q1
1,wasm,a,f008651,feature-flags-vs-separate-crates,web,a-sa18-f008651-q1
1,wasm,a,f008787,rust-ml-edge-inference-vs-python,ml,a-sa18-f008787-q1
1,wasm,a,f011092,depend-vs-hand-roll,cloud-workers;embedded;web,a-saL2-f011092-q3
1,wasm,a,f011186,macro-vs-boilerplate,desktop-cli-ui;web,a-sa23-f011186-q3
1,wasm,a,f011305,hot-patching-for-iteration,core;web,a-sa26-f011305-q5
1,wasm,a,f011460,rust-for-web-frontend,wasm;web,a-sa26-f011460-q1;a-sa26-f011460-q2
1,wasm,a,f011460,wasm-boundary-serde-vs-getters,wasm;web,a-sa26-f011460-q3
1,wasm,a,f012146,rust-for-web-frontend,web,a-sa26-f012146-q1
1,wasm,a,f013113,externref-in-rust,wasm,a-sa29-f013113-q1;a-sa29-f013113-q2
1,wasm,a,f013224,ai-authored-community-contributions,core,a-sa29-f013224-q2
1,wasm,a,f013276,generics-vs-dyn-for-abstraction,core,a-sa30-f013276-q1
1,wasm,b,f000256,bounded-grid-universe,wasm,b-bk02-f000256-q1
1,wasm,b,f000256,byte-vs-bit-packed-cells,wasm,b-bk02-f000256-q3
1,wasm,b,f000256,ffi-copy-vs-share,wasm,b-bk02-f000256-q2
1,wasm,b,f000256,generics-vs-dyn-for-abstraction,wasm,b-bk02-f000256-q8
1,wasm,b,f000256,library-io-factored-out,wasm,b-bk02-f000256-q4
1,wasm,b,f000256,opt-level-z-vs-s,wasm,b-bk02-f000256-q9
1,wasm,b,f000256,portable-async-vs-sync-io,wasm,b-bk02-f000256-q5
1,wasm,b,f000256,profile-before-optimizing,wasm,b-bk02-f000256-q6
1,wasm,b,f000256,release-lto,wasm,b-bk02-f000256-q12
1,wasm,b,f000256,reproduce-wasm-bugs-natively,wasm,b-bk02-f000256-q7
1,wasm,b,f000256,rust-for-web-frontend,wasm,b-sR01-f000256-q1
1,wasm,b,f000256,unchecked-unwrap-vs-safe-abort,wasm,b-bk02-f000256-q11
1,wasm,b,f000256,wasm-allocator-choice,wasm,b-bk02-f000256-q10
1,wasm,b,f000267,ai-authored-community-contributions,decentralized-iroh;distributed,b-bk03-f000267-q6
1,wasm,b,f000267,encode-invariant-in-representation,decentralized-iroh;distributed,b-bk03-f000267-q2
1,wasm,b,f000267,feature-flags-vs-separate-crates,decentralized-iroh;distributed,b-bk03-f000267-q3
1,wasm,b,f000889,ship-polyfill-before-spec,wasm,b-sR03-f000889-q1
1,wasm,b,f001160,depend-vs-hand-roll,wasm,b-sR03-f001160-q1
1,wasm,b,f001160,generated-size-vs-runtime-performance,wasm,b-sR03-f001160-q2
1,wasm,b,f001401,jit-code-alignment,wasm,b-sR04-f001401-q1
1,wasm,b,f001582,encode-invariant-in-representation,wasm,b-sb05-f001582-q1
1,wasm,b,f001983,wit-dependency-keyword-design,wasm,b-sR05-f001983-q1
1,wasm,b,f002151,feature-flags-vs-separate-crates,frontend,b-sR05-f002151-q1
1,wasm,b,f002151,platform-gating-feature-vs-target-cfg,frontend,b-sR05-f002151-q2
1,wasm,b,f002307,wasi-path-workaround-vs-breaking-fix,desktop-cli-ui,b-sb07-f002307-q1
1,wasm,b,f002453,depend-vs-hand-roll,decentralized-iroh,b-sR05-f002453-q1
1,wasm,b,f002466,scratch-register-type-enforced,wasm,b-sR05-f002466-q1
1,wasm,b,f002501,lts-release-channel,web,b-sT05-f002501-q1
1,wasm,b,f002719,hot-patching-for-iteration,frontend,b-sb09-f002719-q1
1,wasm,b,f002937,lts-release-channel,wasm,b-sR06-f002937-q1
1,wasm,b,f003052,ad-hoc-special-case-vs-general-mechanism,wasm,b-sb09-f003052-q1
1,wasm,b,f003384,component-map-duplicate-keys,wasm,b-sb11-f003384-q1
1,wasm,b,f003384,component-map-ordering,wasm,b-sb11-f003384-q2
1,wasm,b,f003815,wasm-instantiate-streaming-vs-bytes,wasm,b-sR09-f003815-q1
1,wasm,b,f004399,docs-as-rust-vs-markdown,frontend,b-sb14-f004399-q1
1,wasm,b,f004721,ai-authored-community-contributions,wasm,b-sb15-f004721-q1
1,wasm,b,f004809,async-by-default-host-interfaces,cloud-workers,b-sR10-f004809-q1
1,wasm,b,f004809,global-statics-vs-per-request-state,cloud-workers,b-sR10-f004809-q2
1,wasm,b,f004993,ai-authored-community-contributions,desktop-cli-ui,b-sR11-f004993-q1
1,wasm,b,f005000,coupled-debug-accessor-vs-primitive,wasm,b-sb16-f005000-q1
1,wasm,b,f005000,handle-identity-traits-vs-store-methods,wasm,b-sb16-f005000-q2
1,wasm,b,f005050,deprecate-gradually-vs-break,cloud-workers,b-sR11-f005050-q2
1,wasm,b,f005050,wasm-capabilities-explicit-vs-ambient,cloud-workers,b-sR11-f005050-q1
1,wasm,b,f005053,wasm-monolithic-vs-small-components,cloud-workers,b-sR11-f005053-q1
1,wasm,b,f005120,feature-flags-vs-separate-crates,ml,b-sR12-f005120-q1
1,wasm,b,f005691,wasm-bindgen-manual-vs-generated-glue,frontend;wasm,b-sb19-f005691-q1
1,wasm,b,f005699,rust-for-web-frontend,frontend;wasm,b-sb19-f005699-q1
1,wasm,b,f007290,rust-for-web-frontend,frontend,b-sb20-f007290-q1
1,wasm,b,f007678,ffi-copy-vs-share,desktop-cli-ui;swift-interop;web,b-sb20-f007678-q2
1,wasm,b,f007736,macro-vs-boilerplate,cloud-workers,b-sb20-f007736-q1
1,wasm,b,f007760,macro-vs-boilerplate,cloud-workers,b-sb20-f007760-q1
1,wasm,b,f007942,ai-authored-community-contributions,core,b-sb20-f007942-q1
1,wasm,b,f008914,ffi-copy-vs-share,frontend,b-sb22-f008914-q2
1,wasm,b,f009062,cfg-wasm-as-reduced-platform-proxy,wasm,b-sb22-f009062-q2
1,wasm,b,f009062,custom-wasm-target-vs-wasi,wasm,b-sb22-f009062-q1
1,wasm,b,f009737,wasm-undefined-symbols-error,core;wasm;web,b-sb23-f009737-q1
1,wasm,b,f009740,ai-authored-community-contributions,core;web,b-sR13-f009740-q1
1,wasm,b,f011435,feature-flags-vs-separate-crates,ml;web,b-sb25-f011435-q1
1,wasm,b,f012866,js-tooling-in-rust,web,b-sb26-f012866-q1
1,web,a,f000149,web-framework-actor-vs-tower,ml,a-sB01-f000149-q2
1,web,a,f000227,async-vs-threads,distributed;embedded,a-sB01-f000227-q3;a-sR01-f000227-q2
1,web,a,f000256,ffi-copy-vs-share,wasm,a-sB02-f000256-q3
1,web,a,f000256,ffi-ui-state-snapshots-vs-diffs,wasm,a-sB02-f000256-q4
1,web,a,f000256,generics-vs-dyn-for-abstraction,wasm,a-sB02-f000256-q9
1,web,a,f000256,incremental-port-vs-rewrite-to-rust,wasm,a-sB02-f000256-q1
1,web,a,f000256,reproduce-wasm-bugs-natively,wasm,a-sB02-f000256-q12
1,web,a,f000256,wasm-bundler-choice,wasm,a-sB02-f000256-q14
1,web,a,f000256,wasm-panic-hook,wasm,a-sB02-f000256-q13
1,web,a,f000538,dedicated-test-for-overlapping-case,frontend,a-sR01-f000538-q2
1,web,a,f000538,totokens-intermediate-tokenstream,frontend,a-sR01-f000538-q1
1,web,a,f002127,default-features-minimal-vs-inclusive,desktop-cli-ui,a-sa02-f002127-q1
1,web,a,f003704,generics-vs-dyn-for-abstraction,ml,a-sa07-f003704-q1
1,web,a,f004169,tower-middleware-vs-handler-helpers,decentralized-iroh,a-sT08-f004169-q3
1,web,a,f004637,http-body-unknown-size,web,a-sa12-f004637-q1
1,web,a,f004685,feature-flags-vs-separate-crates,decentralized-iroh,a-sR13-f004685-q2
1,web,a,f004865,human-written-code-standard,decentralized-iroh,a-sR14-f004865-q2
1,web,a,f005360,in-app-vs-infrastructure-concern,web,a-sa14-f005360-q4
1,web,a,f005360,rust-in-process-server-new-capability,web,a-saL1-f005360-q1
1,web,a,f005360,tokio-axum-vs-nginx-performance,web,a-saL1-f005360-q3
1,web,a,f005454,api-handler-as-async-trait,core,a-sa14-f005454-q3
1,web,a,f005454,api-schema-spec-first-vs-code-first,core,a-sa14-f005454-q1
1,web,a,f005454,http-error-status-in-result,core,a-saL1-f005454-q1
1,web,a,f005454,middleware-hook-vs-typestate,core,a-saL1-f005454-q2
1,web,a,f005516,replace-battle-tested-c-with-rust,core,a-saL1-f005516-q2
1,web,a,f005604,consolidate-internal-network-frameworks,cloud-workers;web,a-sa15-f005604-q1
1,web,a,f005702,fine-grained-reactivity-vs-vdom,desktop-cli-ui;ml;web,a-sR14-f005702-q1
1,web,a,f005821,human-written-code-standard,ml,a-sa15-f005821-q2
1,web,a,f006797,replace-battle-tested-c-with-rust,core,a-sa15-f006797-q1
1,web,a,f007341,defensive-guards-for-unlikely-failures,frontend;wasm,a-sR14-f007341-q1
1,web,a,f007659,typed-response-struct-vs-untyped-value,cloud-workers,a-sT11-f007659-q3
1,web,a,f008241,cow-for-allocation-visibility,web,a-sR15-f008241-q1
1,web,a,f008389,ffi-ui-state-snapshots-vs-diffs,swift-interop,a-sa18-f008389-q1
1,web,a,f008651,feature-flags-vs-separate-crates,web,a-sa18-f008651-q1
1,web,a,f009026,work-stealing-vs-thread-per-core,distributed,a-sa18-f009026-q1
1,web,a,f011186,api-schema-spec-first-vs-code-first,desktop-cli-ui;web,a-sa23-f011186-q1
1,web,a,f011186,codegen-macro-vs-generated-source,desktop-cli-ui;web,a-sa23-f011186-q2
1,web,a,f011186,compile-time-cost-of-generated-crates,desktop-cli-ui;web,a-sa23-f011186-q5
1,web,a,f011186,generated-crates-escape-hatches,desktop-cli-ui;web,a-sa23-f011186-q4
1,web,a,f011305,rust-for-high-level-apps,core;web,a-sa26-f011305-q1;a-sa26-f011305-q2
1,web,a,f011413,serde-centralization,web,a-sa25-f011413-q2
1,web,a,f011460,rust-for-web-frontend,wasm;web,a-sa26-f011460-q1;a-sa26-f011460-q2
1,web,a,f011605,web-framework-actor-vs-tower,web,a-sa26-f011605-q2
1,web,a,f011605,web-framework-macro-free-api,web,a-sa26-f011605-q1
1,web,a,f011684,default-features-minimal-vs-inclusive,frontend,a-sa26-f011684-q1
1,web,a,f012146,rust-for-web-frontend,web,a-sa26-f012146-q1
1,web,a,f012940,tokio-as-default-runtime,frontend,a-sa29-f012940-q2
1,web,a,f012940,tracing-vs-log-for-otel,frontend,a-sa29-f012940-q1
1,web,a,f013276,generics-vs-dyn-for-abstraction,core,a-sa30-f013276-q1
1,web,a,f013276,oop-patterns-in-rust,core,a-sa30-f013276-q2
1,web,b,f000233,async-fn-in-traits-cost,core;distributed,b-bk01-f000233-q13
1,web,b,f000233,async-vs-threads,core;distributed,b-bk01-f000233-q10;b-sR01-f000233-q1
1,web,b,f000233,executor-agnostic-libraries,core;distributed,b-bk01-f000233-q11
1,web,b,f000233,spawn-vs-compose-futures,core;distributed,b-bk01-f000233-q4
1,web,b,f000233,tokio-as-default-runtime,core;distributed,b-bk01-f000233-q3
1,web,b,f000256,ffi-copy-vs-share,wasm,b-bk02-f000256-q2
1,web,b,f000256,generics-vs-dyn-for-abstraction,wasm,b-bk02-f000256-q8
1,web,b,f000256,reproduce-wasm-bugs-natively,wasm,b-bk02-f000256-q7
1,web,b,f000256,rust-for-web-frontend,wasm,b-sR01-f000256-q1
1,web,b,f000267,feature-flags-vs-separate-crates,decentralized-iroh;distributed,b-bk03-f000267-q3
1,web,b,f000267,replace-battle-tested-c-with-rust,decentralized-iroh;distributed,b-bk03-f000267-q1
1,web,b,f000669,missing-context-default-vs-surface,frontend,b-sb03-f000669-q1
1,web,b,f001365,web-session-store-default,web,b-sb04-f001365-q1
1,web,b,f002151,feature-flags-vs-separate-crates,frontend,b-sR05-f002151-q1
1,web,b,f002501,lts-release-channel,web,b-sT05-f002501-q1
1,web,b,f002538,grouped-vs-field-optionality,web,b-sb08-f002538-q1
1,web,b,f002937,lts-release-channel,wasm,b-sR06-f002937-q1
1,web,b,f004399,docs-as-rust-vs-markdown,frontend,b-sb14-f004399-q1
1,web,b,f004706,missing-asset-build-fail-vs-runtime-degrade,frontend,b-sR10-f004706-q1
1,web,b,f004809,async-by-default-host-interfaces,cloud-workers,b-sR10-f004809-q1
1,web,b,f005120,feature-flags-vs-separate-crates,ml,b-sR12-f005120-q1
1,web,b,f005159,tokio-as-default-runtime,decentralized-iroh;distributed,b-sb17-f005159-q1
1,web,b,f005312,in-app-vs-infrastructure-concern,swift-interop;web,b-sT09-f005312-q1
1,web,b,f005699,rust-for-web-frontend,frontend;wasm,b-sb19-f005699-q1
1,web,b,f005743,replace-battle-tested-c-with-rust,core,b-sb19-f005743-q1;b-sb19-f005743-q4
1,web,b,f005872,batteries-included-web-framework,web,b-sb19-f005872-q1
1,web,b,f005964,replace-battle-tested-c-with-rust,web,b-sb19-f005964-q1
1,web,b,f007290,fullstack-reactive-complexity-essential,frontend,b-sb20-f007290-q2
1,web,b,f007290,rust-for-web-frontend,frontend,b-sb20-f007290-q1
1,web,b,f007678,ffi-copy-vs-share,desktop-cli-ui;swift-interop;web,b-sb20-f007678-q2
1,web,b,f008906,http-error-status-in-result,cloud-workers,b-sb22-f008906-q3;b-sb22-f008906-q4
1,web,b,f008906,in-app-vs-infrastructure-concern,cloud-workers,b-sb22-f008906-q6
1,web,b,f008906,tower-middleware-vs-handler-helpers,cloud-workers,b-sb22-f008906-q1
1,web,b,f008914,ffi-copy-vs-share,frontend,b-sb22-f008914-q2
1,web,b,f011295,easy-mode-rust,core;web,b-sb24-f011295-q1
1,web,b,f011295,synthetic-canary-vs-tracing,core;web,b-sb24-f011295-q3
1,web,b,f011435,default-features-minimal-vs-inclusive,ml;web,b-sb25-f011435-q2
1,web,b,f011435,feature-flags-vs-separate-crates,ml;web,b-sb25-f011435-q1
1,web,b,f011688,durable-job-queue-vs-in-process,core,b-sT09-f011688-q1
1,web,b,f011688,infrastructure-from-code-vs-iac,core,b-sT09-f011688-q2
1,web,b,f012849,replace-battle-tested-c-with-rust,core,b-sb26-f012849-q1
1,web,b,f012866,js-tooling-in-rust,web,b-sb26-f012866-q1
