slice,data_row,id,url,status,reason,chars
,7,f000217,https://nalgebra.org/docs,dropped,no-text,0
T01,9,f000256,https://rustwasm.github.io/docs/book,kept,,1941
T01,10,f000508,https://forums.swift.org/t/se-0410-atomics/68007,kept,,83530
T01,14,f000545,https://github.com/zed-industries/zed/issues/4382,kept,,13129
T01,16,f000801,https://neon.com/blog/semantic-search,kept,,16068
T02,21,f001071,https://github.com/zed-industries/zed/issues/8843,kept,,36759
T03,22,f001094,https://forums.swift.org/t/se-0427-noncopyable-generics/70525,kept,,169848
T04,26,f001244,https://neon.com/blog/nextjs-authentication-using-clerk-drizzle-orm-and-neon,kept,,17457
T04,27,f001271,https://qdrant.tech/blog/hybrid-cloud-haystack,kept,,6546
T04,28,f001319,https://iroh.computer/blog/iroh-0-14-0-dial-the-world,kept,,3943
T04,29,f001531,https://neon.com/blog/how-to-create-previews-with-anonymized-production-like-data-in-seconds,kept,,5327
T04,30,f001578,https://neon.com/blog/add-an-interface-to-your-neon-database-via-outerbase,kept,,5711
T04,31,f001650,https://iroh.computer/blog/iroh-0-19-make-it-your-own,kept,,7014
T04,32,f001677,https://forums.swift.org/t/proposal-set-literals/72929,kept,,57033
T05,33,f001837,https://forums.swift.org/t/why-do-not-actor-isolated-properties-support-await-setter/73867,kept,,62457
T05,35,f001903,https://forums.swift.org/t/can-we-make-swift-6-easier/74110,kept,,17070
T06,37,f001982,https://forums.swift.org/t/is-swift-6-a-good-first-language/74384,kept,,91208
T06,41,f002042,https://forums.swift.org/t/se-0446-nonescapable-types/74666,kept,,30178
T07,45,f002226,https://forums.swift.org/t/se-0451-raw-identifiers/75602,kept,,68008
T07,54,f002488,https://forums.swift.org/t/pitch-explicit-specialization/76967,kept,,48465
T07,56,f002643,https://neon.com/blog/how-to-build-github-copilot-extensions,kept,,10025
T07,60,f002883,https://github.com/wasm-bindgen/wasm-bindgen/pull/4472,kept,,5983
T07,68,f003238,https://qdrant.tech/blog/case-study-gooddata,kept,,6719
T08,69,f003266,https://forums.swift.org/t/is-this-a-bug-in-automatic-reference-counting/81167,kept,,24400
T08,70,f003375,https://iroh.computer/blog/message-framing-tutorial,kept,,18336
T08,71,f003389,https://neon.com/blog/azure-native-integration-ga,kept,,9480
T08,76,f003594,https://github.com/zed-industries/zed/issues/39031,kept,,17465
T08,85,f004065,https://pingcap.com/blog/tide-user-day-india-ninja-van-delivering-scale,kept,,13872
T08,86,f004166,https://blog.cloudflare.com/serverless-matrix-homeserver-workers,kept,,24700
T08,87,f004169,https://iroh.computer/blog/iroh-0-96-0-the-quic-multipaths-to-1-0,kept,,19631
T09,89,f004173,https://forums.swift.org/t/sp-001-platform-support-levels/84420,kept,,53578
T09,90,f004174,https://forums.swift.org/t/what-is-copyable-for/84437,kept,,55557
T10,91,f004205,https://forums.swift.org/t/escapable-span-ownership-annotations-etc/84566,kept,,57264
T10,92,f004229,https://pingcap.com/blog/seamless-tidb-cloud-upgrades-replicating-production-workloads-traffic-replay,kept,,10907
T10,94,f004369,https://neon.com/blog/ctrl-c-in-psql-gives-me-the-heebie-jeebies,kept,,17898
T10,95,f004378,https://pingcap.com/blog/tidb-community-quarterly-roundup-q4-2025,kept,,11500
T10,96,f004414,https://pingcap.com/blog/how-to-build-an-ai-memory-architecture-that-actually-remembers,kept,,17546
T10,100,f004555,https://zed.dev/blog/agent-metrics,kept,,5548
T10,101,f004562,https://github.com/zed-industries/zed/issues/53694,kept,,11120
T10,102,f004581,https://blog.cloudflare.com/network-performance-agents-week,kept,,17578
T11,104,f004596,https://github.com/zed-industries/zed/issues/54414,kept,,16908
T11,109,f004815,https://materialize.com/blog/transaction-processing-in-the-data-plane,kept,,53281
T11,111,f004904,https://materialize.com/blog/what-is-a-live-context-graph,kept,,8632
T11,113,f004960,https://iroh.computer/blog/authenticated-relays,kept,,6023
T11,114,f004962,https://materialize.com/blog/2026-07-product-update,kept,,3508
T11,124,f005693,https://github.com/onecli/onecli,kept,,7484
T11,133,f007472,https://teaql.io/blog/human-nonhuman-query-predicates,kept,,4369
T11,137,f007659,https://maahl.net/blog/rust-aws-lambda,kept,,14585
T11,138,f007703,https://rust.code-maven.com/rocket-hello-world,kept,,3654
T12,144,f008237,https://ideas.reify.ing/en/blog/complete-guide-to-wasip2-for-rust-python-programmers,kept,,37935
T12,146,f008381,https://theembeddedrustacean.com/p/the-embedded-rustacean-issue-42,kept,,11181
T12,148,f008455,https://rustunit.com/blog/2025/05-18-bevy-ios-deep-linking,kept,,4293
T12,149,f008566,https://theembeddedrustacean.com/p/the-embedded-rustacean-issue-52,kept,,10706
T12,153,f008777,https://theembeddedrustacean.com/p/the-embedded-rustacean-issue-63,kept,,11033
T12,155,f008940,https://scientificcomputing.rs/monthly/2026-05,kept,,4556
T12,157,f009074,https://theembeddedrustacean.com/p/the-embedded-rustacean-issue-79,kept,,8448
T12,158,f009090,https://blog.implrust.com/posts/2026/09/swd-protocol-programmer-embedded-rust,kept,,21117
T12,165,f009632,https://blog.rust-lang.org/2024/11/06/trademark-update,kept,,2700
T12,167,f009704,https://blog.rust-lang.org/2025/08/19/demoting-x86-64-apple-darwin-to-tier-2-with-host-tools,kept,,2005
T12,182,f011484,https://github.com/rust-lang/rfcs/labels/final-comment-period,kept,,13805
T12,184,f011614,https://bupt-os.github.io/website/news/2023_12_9/satellite_launch,kept,,1781
