claim_id,question_id,position,confidence,reason
b-sb14-f004398-c4,boxed-closure-tuple-vs-named-field,boxed-closure-tuple-vs-named-field--p4,high,argues for a named field over tuple struct for clarity to Rust newcomers once the constructor already does the boxing
b-sb14-f004398-c3,boxed-closure-tuple-vs-named-field,boxed-closure-tuple-vs-named-field--p3,high,proposes the `new` constructor that does the boxing to mitigate the boxing friction at call sites
b-sb14-f004398-c1,boxed-closure-tuple-vs-named-field,boxed-closure-tuple-vs-named-field--p1,medium,earliest comment in the thread proposing the tuple-struct field itself (pre-constructor); no other position fits a plain tuple-struct proposal as well
b-sb14-f004398-c2,boxed-closure-tuple-vs-named-field,boxed-closure-tuple-vs-named-field--p2,high,explains original design avoided exposing the trait object directly so users would not write Box::new everywhere
b-sb22-f008906-c2,boxed-vs-hand-written-future,boxed-vs-hand-written-future--p1,high,calls Lambda's per-request allocation irrelevant; boxed-async is the idiomatic default there and hand-rolling is reserved for a tight loop on a busy server
b-sR08-f003731-c2,breaking-rename-for-vocabulary,breaking-rename-for-vocabulary--p1,high,drops "node" from the vocabulary project-wide pre-1.0 to align with the current mental model
a-sT04-f001319-c1,breaking-wire-change-in-minor,breaking-wire-change-in-minor--p1,high,accepts new relays cannot talk to 0.13.0 nodes; softens with old relays kept running for a transition window
a-sa05-f003025-c3,build-tool-cargo-subcommand-vs-standalone,build-tool-cargo-subcommand-vs-standalone--p2,high,wasm-bindgen is standalone by necessity since cargo cannot run/test/bench wasm/iOS/Android; dx follows the same pattern
a-sa05-f003025-c4,build-tool-cargo-subcommand-vs-standalone,build-tool-cargo-subcommand-vs-standalone--p2,high,cargo's limitations and slow development cycle led to designing the Bevy CLI as a wrapper/replacement not a subcommand
a-sa05-f003025-c5,build-tool-cargo-subcommand-vs-standalone,build-tool-cargo-subcommand-vs-standalone--p2,medium,argues Bevy-specific features are too narrow for a general-purpose stable tool like Cargo; better built on top of it as a separate tool
a-sa05-f003025-c2,build-tool-cargo-subcommand-vs-standalone,build-tool-cargo-subcommand-vs-standalone--p1,high,argues subcommands are functionally identical to standalone binaries plus env vars; a widely-reused tool should still register as a subcommand
a-sa05-f003025-c1,build-tool-cargo-subcommand-vs-standalone,build-tool-cargo-subcommand-vs-standalone--p1,high,quote: "should be a cargo subcommand please"; rejects a standalone cargo-replacement tool as ecosystem-killing
b-bk01-f000233-c2,built-in-async-runtime,built-in-async-runtime--p1,high,quote: Rust lets you choose a runtime rather than providing one
a-sR15-f008241-c2,builtin-package-manager-effect,builtin-package-manager-effect--p1,high,reads the ease of `cargo add half` versus vendoring a C/C++ source as evidence a builtin package manager matters
b-bk02-f000256-c4,byte-vs-bit-packed-cells,byte-vs-bit-packed-cells--p1,high,names the byte-per-cell layout's wasted-memory cost explicitly and gives the FixedBitSet rewrite as the resolution
b-sb18-f005332-c4,c-maintainers-rust-bindings-duty,c-maintainers-rust-bindings-duty--p3,high,attributes pushback to unfamiliarity with and reluctance to learn a new language rather than bad faith
b-sb18-f005332-c1,c-maintainers-rust-bindings-duty,c-maintainers-rust-bindings-duty--p1,high,will fix his own C code but not Rust bindings that break as a result; will not be forced to learn Rust
b-sb18-f005332-c2,c-maintainers-rust-bindings-duty,c-maintainers-rust-bindings-duty--p2,medium,resigns as maintainer citing exhaustion with the friction around getting cooperation; frames the future as memory-safe languages
b-sb18-f005332-c3,c-maintainers-rust-bindings-duty,c-maintainers-rust-bindings-duty--p2,high,describes being blocked by a C maintainer from small robustness fixes; every kernel panic traced to the C code not her Rust code
b-sb17-f005159-c4,cancel-safety-requirement,cancel-safety-requirement--cancel-safety-required,high,quote: cancel safety for recv "is a must" in many internal use sites; switched mpmc library over it
a-sT04-f001650-c1,cancel-safety-requirement,cancel-safety-requirement--cancel-safety-required,high,broke the release cadence to fix RPC channels found not cancel-safe; treated as a critical bug not an acceptable tradeoff
b-sb22-f009062-c2,cfg-wasm-as-reduced-platform-proxy,cfg-wasm-as-reduced-platform-proxy--p1,high,calls their own target-metadata misreporting "hacks" needed until the ecosystem recognizes fully-featured Wasm targets
b-sb09-f003036-c1,cli-flag-convenience-vs-consistency,cli-flag-convenience-vs-consistency--p1,high,argues the new command should match every other command's --no-dry-run naming for consistency
b-sb09-f003036-c2,cli-flag-convenience-vs-consistency,cli-flag-convenience-vs-consistency--p2,medium,reasons this flag is not dangerous to get wrong and --no-dry-run is annoying to type; favors convenience though open to changing it
a-sa14-f004947-c1,cli-flags-mirror-familiar-tool,cli-flags-mirror-familiar-tool--p1,high,designed pvcli's flags around curl's conventions on purpose per the "principle of least surprise"
b-sb13-f004160-c4,cli-output-overwrite-default,cli-output-overwrite-default--p2,high,recommends timestamping the output filename by default or from the second run on so a new profile does not silently replace an old one
b-sb13-f004160-c3,cli-output-overwrite-default,cli-output-overwrite-default--p1,high,prefers overwriting by default so past shell commands stay reusable unedited; matches peer tool samply's behavior
b-sR11-f004947-c1,cli-tool-single-vs-multi-protocol,cli-tool-single-vs-multi-protocol--p1,high,states pvcli's differentiator is combining OHTTP CONNECT-proxying MASQUE and Privacy Pass in one place versus existing narrow tools
b-sT05-f002550-c3,close-future-result-vs-infallible,close-future-result-vs-infallible--p1,high,quote: Endpoint::close's future is now infallible instead of returning a Result
a-sa24-f011220-c2,cloud-lock-in-source,cloud-lock-in-source--p1,high,argues a proprietary managed-data service locks in more than compute choice; hexagonal adapters let the same app run on Fargate or Lambda
a-sa23-f011186-c2,codegen-macro-vs-generated-source,codegen-macro-vs-generated-source--p1,high,emits a normal on-disk Rust crate rather than macro output because macro output is hard to debug
a-sa23-f011186-c5,compile-time-cost-of-generated-crates,compile-time-cost-of-generated-crates--p1,high,chose to accept the long compile time from large autogenerated crates rather than sacrifice API quality
a-sa16-f007175-c2,compile-time-typed-dsl,compile-time-typed-dsl--p1,high,names the tradeoff of hosting the DSL as compile-time types: gains zero-cost interpretation and gives up runtime dynamic loading
b-sT05-f002550-c1,compile-time-vs-runtime-switches,compile-time-vs-runtime-switches--runtime-switch,high,drops the compile-time env var entirely and threads the option through the stack at runtime as "more programmatically sound"
b-sT04-f002233-c1,compile-time-vs-runtime-switches,compile-time-vs-runtime-switches--runtime-switch,high,stops using the test-utils feature/#[cfg(test)] to pick infrastructure and relies only on a runtime-checked env var instead
b-sb23-f011235-c1,compiler-triage-automation,compiler-triage-automation--p1,high,keeps a manual bookkeeping judgment call on nudging reviewers so as not to over-pressure contributors' finite time
a-sa05-f003074-c2,component-abi-special-case-lowerings,component-abi-special-case-lowerings--p2,medium,disputes the 95%-applicability claim behind the ad hoc optimization; parametric-polymorphism languages typically cannot specialize that way
a-sa05-f003074-c1,component-abi-special-case-lowerings,component-abi-special-case-lowerings--p1,high,proposes the null-for-none and boolean-i32-for-result special cases as "licensed" wins since the shapes are extremely common
a-sa05-f003074-c3,component-abi-special-case-lowerings,component-abi-special-case-lowerings--p3,high,warns of a "slippery slope" on how many special-cased shapes is enough absent an explicit design principle
b-sb11-f003384-c5,component-map-duplicate-keys,component-map-duplicate-keys--p3,high,argues hosts should be allowed but not required to deduplicate duplicate keys with well-defined last-value semantics when they do
b-sb11-f003384-c2,component-map-duplicate-keys,component-map-duplicate-keys--p1,high,drafts the requirement that generated map interfaces must behave as if duplicates were filtered with last-value-wins semantics
b-sb11-f003384-c3,component-map-duplicate-keys,component-map-duplicate-keys--p2,high,argues key uniqueness should be mandated by the spec and enforced at the boundary
b-sb11-f003384-c4,component-map-duplicate-keys,component-map-duplicate-keys--p2,medium,agrees uniqueness should be mandated in the spec but argues the lowering side should not trap on violation
b-sb11-f003384-c1,component-map-duplicate-keys,component-map-duplicate-keys--p1,high,proposes strengthening the spec so bindings generators MUST normalize duplicate keys rather than merely being expected to
b-sb11-f003384-c7,component-map-ordering,component-map-ordering--p2,high,argues the basic map type should not be ordered since most languages' basic maps aren't
b-sb11-f003384-c8,component-map-ordering,component-map-ordering--p2,high,agrees keys should not guarantee order citing Rust HashMap .NET Dictionary Java HashMap and Go map as precedent
b-sb11-f003384-c6,component-map-ordering,component-map-ordering--p1,high,expects bindings to preserve entry order and proposes renaming the type to avoid confusion
b-sb11-f003384-c9,component-map-ordering,component-map-ordering--p3,high,notes that an unnormalized deterministic profile makes map order an observable part of the semantics; a tradeoff worth discussing
b-sb22-f009132-c1,compress-debug-sections-default,compress-debug-sections-default--p1,high,measured target/ shrinking and a modest build-time win; proposes defaulting the flag before filing a full MCP
b-sb22-f009132-c3,compress-debug-sections-default,compress-debug-sections-default--p3,high,cites Ubuntu LTS gdb/binutils lacking zstd support as a "showstopper" for making this the default
b-sb22-f009132-c2,compress-debug-sections-default,compress-debug-sections-default--p2,high,argues the motivation itself is lacking; wants target/ bloat's cause pinned down before reaching for compression as the default fix
a-sa15-f005604-c1,consolidate-internal-network-frameworks,consolidate-internal-network-frameworks--p1,high,states the framework is deliberately built on existing hyper/tokio crates rather than reinventing them
b-sR12-f005085-c2,const-generics-unify-specializations,const-generics-unify-specializations--p1,high,shows the two hand-specialized types have already drifted from each other and proposes a const-generic Nest<N> to cover both
b-sb16-f005000-c3,coupled-debug-accessor-vs-primitive,coupled-debug-accessor-vs-primitive--p3,high,proposes Func::eq/Func::hash so the caller builds their own index in one linear pass instead of the coupled accessor
b-sb16-f005000-c2,coupled-debug-accessor-vs-primitive,coupled-debug-accessor-vs-primitive--p2,high,questions the use case and notes the coupled accessor is inherently inefficient and may not survive future refactors
b-sb16-f005000-c1,coupled-debug-accessor-vs-primitive,coupled-debug-accessor-vs-primitive--p1,high,adds a host-only linear-search accessor deliberately scoped to guest-debugging mode
b-sb16-f005000-c6,coupled-debug-accessor-vs-primitive,coupled-debug-accessor-vs-primitive--p3,high,same voice reverses: agrees the layout coupling is not worth it drops the accessor and implements Func::eq/hash instead
b-sb16-f005000-c5,coupled-debug-accessor-vs-primitive,coupled-debug-accessor-vs-primitive--p2,medium,even with an O(1) fix still prefers not taking on the internals coupling and complexity for a niche use case
b-sb16-f005000-c4,coupled-debug-accessor-vs-primitive,coupled-debug-accessor-vs-primitive--p1,high,rewrites the same narrow accessor to be O(1) via a cached reverse table rather than switching designs
a-sR15-f008241-c1,cow-for-allocation-visibility,cow-for-allocation-visibility--p1,high,switched String to Cow because Rust makes allocations visible which he wants to avoid even at minuscule performance impact
