doi,relevant
10.1007/3-540-61327-7_159,N
10.1037/0000191-012,Y
10.36315/2026v2end025,N
10.23860/diss-2129,N
10.4135/9781446278697.n6,Y
10.1123/iscj.2017-0091,Y
10.35613/ccl.2025.2064,N
10.15760/honors.362,U
10.2139/ssrn.1745082,N
10.1007/978-981-92-0730-5_4,N
10.1007/s40692-021-00212-w,N
10.1123/iscj.2024-0016,Y
10.4324/9781003648734-14,U
10.2307/jj.22730662.12,N
10.1037/e447192004-001,Y
10.4324/9780203646564-24,N
10.1371/journal.pone.0131419,N
10.3389/fphys.2026.1793747,N
10.31483/r-167651,Y
10.4324/9781410617071-11,Y
10.1080/17408989.2025.2562570,Y
10.7287/peerj.preprints.1157v1/supp-6,N
10.1787/888934075374,N
10.47191/ijsshr/v4-i4-31,N
10.1037/e566962012-069,N
10.4324/9781003160939-2,Y
10.4324/9780203012505-5,Y
10.20944/preprints202212.0369.v1,N
10.1080/14626269209408318,N
10.1016/j.endeavour.2008.04.005,N
10.1167/12.9.977,N
10.2307/jj.33610769.17,N
10.1007/978-3-319-32958-1_7,Y
10.1108/979-8-88730-452-620251005,Y
10.1080/14626269709408378,N
10.22251/jlcci.2025.25.11.411,N
10.1163/1570068054922786,N
10.1016/j.neuroscience.2015.11.064,N
10.2307/jj.19307125.11,U
10.1371/journal.pone.0118688,N
10.3102/1689057,N
10.5204/thesis.eprints.261438,Y
10.4324/9781410617071-19,Y
10.22251/jlcci.2023.23.12.215,N
10.7717/peerjcs.1149/fig-11,N
10.1211/pj.2013.11118807,Y
10.1167/14.12.16,N
10.3102/2006260,Y
10.4324/9780203983430-6,Y
10.1542/9781610027151-ch23,N
10.5040/9798881821104.ch-1,U
10.1080/21640629.2017.1361168,Y
10.51420/conf.2023.10,Y
10.18177/sym.2016.56.ca.11168,N
10.1177/00224871231202956,Y
10.1260/1747-9541.6.1.163,Y
10.22215/etd/2002-05279,N
10.3390/educsci15070932,Y
10.5040/9781718218895.ch-065,Y
10.1108/oxan-db222106,N
10.1123/iscj.2014-0118,Y
10.1504/ijil.2014.060878,N
10.14426/jsaa.v4i1.144,Y
10.1177/0022487195046004009,Y
10.1007/978-3-662-70726-5_3,U
10.4324/9781003426448-4,U
10.1108/oxan-db205991,N
10.1016/j.tate.2006.03.010,N
10.4135/9781071845417.n8,N
10.15358/9783800675722-147,Y
10.1515/9780691265896-016,N
10.5040/9781474212304.ch-005,N
10.36665/elp.v9i1.883,N
10.32907/ro-127-1990577649,N
10.1145/2507288.2507312,N
10.5628/rpcd.18.02.85,Y
10.1093/gmo/9781561592630.article.27015,N
10.22251/jlcci.2025.25.13.639,N
10.1007/978-3-319-32958-1_11,Y
10.19164/gjsscmr.v1i3.1563,Y
10.1037/0000442-001,Y
10.1017/9781108552905.005,N
10.3102/1432125,Y
10.1163/9789004410497_011,N
10.32038/frsl.2023.01.10,N
10.1007/3-540-61327-7_110,N
10.1167/6.6.278,N
10.1504/ijspm.2019.100999,N
10.18848/978-1-61229-804-7/cgp,N
10.4324/9781003593713-14,U
10.33989/2075-146x.2020.25.223173,Y
10.1109/apsec66846.2025.00061,N
10.4324/9781041057833-5,U
10.2307/jj.19307125.4,N
10.1163/9789004619746_003,N
10.1007/0-306-47217-1_2,N
10.1017/9781316480748.024,Y
10.1037/e578882012-013,Y
10.1163/9789004410497_019,N
10.1007/978-3-642-77681-6_6,N
10.31235/osf.io/6zewk,Y
10.1007/978-3-531-93059-6_17,U
10.4324/9781315443720,Y
10.3233/978-1-60750-062-9-279,U
10.1007/978-94-6300-313-1_6,U
10.2478/ndm-2014-0001,U
10.1163/9789004410497_022,N
10.4324/9780429433092-9,N
10.1109/gcce56475.2022.10014172,N
10.1097/01253086-199620010-00021,N
10.1080/2159676x.2022.2048060,U
10.1145/3540250.3549115,N
10.4324/9781410617071-12,Y
10.4324/9781315102450-2,Y
10.1017/cbo9781139015684.008,N
10.24124/2000/bpgub114,N
10.16910/jemr.15.2.5,N
10.4324/9780203876350-10,Y
10.1080/13450600500105502,N
10.1371/journal.pone.0162226,N
10.4324/9780429354700-44,N
10.1123/jsep.2021-0121,N
10.32038/ltrq.2026.54.07,N
10.2307/1511219,Y
10.4324/9781003360254-21,N
10.1037/0000227-002,Y
10.2307/jj.19307125.30,N
10.4324/9780203646564-19,Y
10.4324/9781003041689-3,N
10.7717/peerj.14893/table-8,N
10.4324/9781003041443-6,U
10.1108/oxan-db221340,N
10.1371/journal.pone.0287650,N
10.1093/anb/9780198606697.article.1900247,N
10.31579/2639-4162/25,N
10.1519/jsc.0000000000001717,Y
10.1108/oxan-db243347,N
10.52843/cassyni.ng5jh2,N
10.1002/9781118089965,U
10.4324/9781315469577-18,N
10.1108/oxan-es230338,N
10.1145/3474624.3474626,N
10.1201/9781315597584-1,N
10.34074/thes.6401,N
10.2139/ssrn.6071248,Y
10.22251/jlcci.2022.22.12.411,U
10.1177/1747954118808081,Y
10.1123/iscj.2023-0079,Y
10.3102/ip.22.1887220,Y
10.1007/s11613-021-00730-7,Y
10.22329/jtl.v20i3.11388,U
10.3102/1683721,Y
10.4324/9780203016497-8,Y
10.1093/ww/9780199540884.013.u14833,N
10.1515/9781531513122-014,N
10.21125/iceri.2019.1507,N
10.1145/2591062.2591200,N
10.1901/jaba.1975.8-475,U
10.1016/0742-051x(91)90039-r,Y
10.1504/ijtlid.2013.060864,N
10.1007/s10826-021-02160-6,N
10.7717/peerjcs.1563/fig-1,N
10.5790/hongkong/9789622098671.003.0007,Y
10.2196/preprints.97005,N
10.19109/8qrwqq35,U
10.5040/9798881821104,N
10.4324/9780429296482-22,N
10.33915/etd.6364,N
10.1117/12.811098,N
10.1167/jov.20.11.497,N
10.4324/9781003277729-17,Y
10.4324/9781003466079-4,U
10.14393/ufu.te.2024.5007,N
10.3102/ip.22.1884350,N
10.2106/jbjs.21.01198,Y
10.32597/dissertations/1641,Y
10.4324/9780429340635-5,Y
10.1017/fms.2025.1,N
10.1109/fie.2004.1408540,N
10.1007/978-3-642-77202-3_14,U
10.3389/fpsyg.2022.1001066,N
10.1177/1555343418789831,N
10.51224/srxiv.305,Y
10.1371/journal.pone.0344339,N
10.1007/978-3-7091-7557-6_79,N
10.31004/jele.v11i4.2714,N
10.4324/9781003235385-6,N
10.1007/978-94-007-0250-9_4,N
10.4324/9781003235385-7,N
10.1026/2941-7597/a000079,U
10.1123/att.2.3.16,N
10.4172/2324-9080.1000277,N
10.21276/amit.2026.v13.i2.755,N
10.1049/ic:19971217,U
10.4324/9781410603098-15,N
10.1016/0957-4174(92)90035-q,N
10.4135/9781452219493.n6,U
10.4324/9780203797952-17,N
10.1037/e602642012-009,Y
10.31274/etd-180810-425,N
10.1177/0022487119892964,U
10.4324/9781410603098-16,N
10.32038/frsl.2023.01.06,U
10.1371/journal.pone.0166801,N
10.53846/goediss-4413,Y
10.1108/01437730210429070,Y
10.17275/per.16.10.3.2,N
10.20533/wcsne.2014.0041,N
10.3928/19425864-20180821-01,N
10.1163/9789004410497_018,N
10.4324/9780429322389-4,N
10.1037/0000256-002,Y
10.4324/9781315729886-6,N
10.1007/978-94-6300-313-1_8,N
10.4135/9781446251577.n14,Y
10.1016/j.physio.2016.10.291,U
10.4324/9780429325977-12,N
10.3102/1887220,Y
10.1002/sce.70073,Y
10.4324/9781003035725-2,Y
10.1093/acref/9780195301731.013.73144,N
10.1016/j.acorp.2024.100101,U
10.1371/journal.pone.0155720,N
10.4324/9781138610514-6,N
10.1093/ww/9780199540884.013.34765,N
10.1080/01421590802146026,U
10.4324/9781003091615-33,N
10.5040/9781474212304.ch-009,N
10.1075/lllt.14.24mes,Y
10.1002/9781118255780.ch1,N
10.31274/rtd-180813-9083,N
10.1080/10632913.2012.626712,N
10.1002/j.1556-6676.1990.tb01437.x,Y
10.4324/9780203020074-21,Y
10.37473/fic/10.3390/sym13101821,N
10.3389/fpsyg.2020.01007,Y
10.51223/kosoma.2020.08.14.3.125,Y
10.1037/e616742011-007,Y
10.5771/9781461732662-i,N
10.4135/9781446220627.n11,N
10.1007/978-3-642-13388-6_5,U
10.1108/978-1-80382-677-620221014,N
10.4135/9781529775068.n2,N
10.4324/9780203483466-9,Y
10.5040/9781718206694.ch-009,Y
10.1007/978-94-009-3249-4_5,N
10.22371/05.1986.011,N
10.1163/9789004410497_007,N
10.1016/s0891-4222(98)00030-4,N
10.5040/9781718206694.ch-007,N
10.4324/9781003383475-14,Y
10.51202/9783181024171-261,N
10.17077/etd.59urixih,N
10.2139/ssrn.6338900,N
10.4324/9781315562476-5,Y
10.1007/11774303_5,N
10.1037/e672622012-051,Y
10.1257/rct.14383-2.0,Y
10.4324/9781003157526-9,Y
10.1093/9780197624753.003.0011,N
10.1109/mysec.2014.6985997,N
10.1007/bf03217254,Y
10.2139/ssrn.4364908,Y
10.1007/3-540-45323-7_68,N
10.5353/th_b3195875,N
10.1080/14739879.2016.1217171,U
10.4324/9780429354700-42,N
10.1891/9780826125996.0001,U
10.1167/jov.20.11.1089,N
10.4324/9781003251309-3,Y
10.1123/iscj.2014-0149,Y
10.1108/oxan-es289864,N
10.4018/jcit.418652,N
10.17760/d20741532,N
10.18122/td/1473/boisestate,N
10.2139/ssrn.3857346,N
10.1109/ccdc.2008.4597751,N
10.4324/9780203125229-7,N
10.1007/978-3-030-30915-2_13,Y
10.21125/edulearn.2024.2161,N
10.4324/9780429354700-39,N
10.1080/00140130701393452,N
10.4018/978-1-6684-7366-5.ch002,N
10.3102/1681015,Y
10.21236/ada226887,Y
10.1108/oxan-es224797,N
10.1201/9780429332197-39,Y
10.1163/9789004410497_013,N
10.4324/9780429354700-46,N
10.1007/springerreference_302238,U
10.1123/tsp.2011-0117,Y
10.1017/cbo9780511497643.008,Y
10.1109/icmss.2009.5302016,N
10.2139/ssrn.5320778,N
10.1515/9783111002415-006,Y
10.32920/21696128.v1,N
10.5040/9798216401834.ch-011,N
10.2139/ssrn.6028016,U
10.1016/j.eswa.2007.03.010,N
10.1108/oxan-db275966,N
10.55102/intajuna.v8i2.115,N
10.1177/0305735698261005,N
10.1108/oxan-es249292,N
10.5040/9798216400868.ch-7,N
10.7554/elife.29815.032,N
10.3390/educsci9030178,N
10.4324/9780429433092-2,N
10.1016/j.tate.2020.103276,Y
10.3390/bs13110924,Y
10.58459/icce.2012.896,N
10.1016/j.eswa.2018.12.018,N
10.1007/s11251-021-09570-5,Y
10.2307/j.ctt1v2xt08.10,Y
10.5353/th_b3195636,N
10.4324/9780429351037-6,N
10.21274/ls.2019.11.1.183-192,Y
10.1108/978-1-78973-487-420201004,Y
10.1037/0000256-001,Y
10.1163/2214-448x_eagll_com_00000379,N
10.22251/jlcci.2023.23.10.767,N
10.4324/9781003685951-5,N
10.18130/v3t727f6j,N
10.7821/naer.1.1.27-32,Y
10.4324/9780429296482-12,N
10.18826/useeabd.579590,Y
10.4324/9780203646564-6,Y
10.1519/0199-610x(1981)003<0034:gcwata>2.3.co;2,N
10.4324/9781003593713-12,N
10.2139/ssrn.5005090,N
10.1007/978-1-137-57196-0_5,N
10.1037/e587382011-001,Y
10.4324/9781003235385-4,N
10.1016/0965-9978(93)90079-9,N
10.1542/9781610027151-appendixes,N
10.4085/1947-380x-6.4.202,U
10.1163/9789004619746,N
10.7551/mitpress/13711.003.0005,N
10.1080/02701367.2007.10599420,Y
10.1007/978-3-642-13437-1_18,Y
10.1163/9789004619746_004,N
10.1177/096100067901100201,N
10.14264/uql.2018.687,Y
10.5771/9781475865028-i,N
10.4324/9781315827254-9,N
10.15760/etd.1901,N
10.1109/cee-secr.2011.6188473,N
10.1007/3-540-47987-2_42,N
10.1037/spy0000382,Y
10.4324/9781315768595,N
10.1542/9781610027151-ch27,N
10.4135/9781506341026.n2,N
10.1260/1747-9541.8.2.327,Y
10.4324/9780203126424-22,Y
10.15358/9783800675722-131,N
10.14786/flr.v12i2.1417,U
10.1080/13611260220133135,Y
10.1177/154193120104500447,U
10.4324/9781003427292-2,Y
10.24093/awej/mec2.5,Y
10.1177/0305735689172002,Y
10.4324/9781003390527-7,Y
10.1515/9780691265896-010,N
10.7717/peerj.21778/table-4,N
10.4324/9780203080443-12,Y
10.4324/9780203126424-16,Y
10.1108/oxan-es242421,N
10.1123/tsp.2025-0035,Y
10.1257/rct.18215-1.0,N
10.54499/2021.05810.bd,N
10.4018/978-1-59904-768-3.ch007,N
10.4324/9780429296482-18,N
10.4324/9780367766924-ress121-0,Y
10.1016/s0965-9978(99)00017-4,N
10.4324/9781315102450-3,Y
10.14742/ajet.299.s130,N
10.2307/jj.19307125.6,N
10.2196/preprints.16692,N
10.4324/9781315044361-4,Y
10.4324/9780429433832-4,N
10.1257/rct.8933,N
10.1371/journal.pone.0215724,N
10.32658/10497/30030,N
10.1109/access.2022.3166261,N
10.1177/174183051501309s08,U
10.4018/ijkbo.2018070102,Y
10.1177/0741713693043004002,N
10.9734/bpi/mono/978-81-966449-1-8/ch3,N
10.1590/1981-5271v47.2-2022-0332.ing,N
10.4324/9781315776675-9,N
10.1518/155534309x474488,Y
10.58809/xttb7099,N
10.1177/174183051601400212,Y
10.1016/j.eswa.2024.125907,N
10.4324/9781003041689-7,N
10.15755/jfs.2012..21.9,N
10.1016/j.ssci.2008.10.013,N
10.1007/978-981-97-2034-7_21,N
10.31234/osf.io/e6hxv_v1,N
10.1177/0255761408099061,Y
10.4018/978-1-59904-501-6.ch004,N
10.7771/2832-9414.1825,Y
10.1002/9781119695417.ch9,N
10.1007/978-3-642-30950-2_80,N
10.4135/9789351507956.n11,Y
10.1016/j.tate.2014.09.005,U
10.7554/elife.29087.026,N
10.1093/acref/9780195301731.013.41502,N
10.4324/9781003400141-9,U
10.2307/jj.22730662.11,Y
10.70760/m7n4lzy1,N
10.4324/9781315266343-3,Y
10.1080/21640629.2013.790167,Y
10.4324/9780203994986-20,N
10.1260/174795409789623919,Y
10.22251/jlcci.2024.24.20.45,N
10.5040/9781474212304.ch-004,N
10.1260/1747-9541.4.1.17,Y
10.1260/1747-9541.10.2-3.577,Y
10.1016/j.system.2015.09.004,N
10.4324/9781003051343-16,Y
10.4324/9780429296482-24,N
10.5040/9798881821104.ch-2,N
10.4324/9781003089889-42,Y
10.1007/s10857-021-09520-5,N
10.4324/9780429296482-2,Y
10.4135/9781483350417.n4,N
10.7551/mitpress/9780262037600.003.0008,U
10.7748/cnp2012.03.11.2.3.p7788,N
10.13109/9783666401565.123,N
10.1177/2167479516660037,Y
10.4324/9780429354700-53,N
10.22251/jlcci.2023.23.23.267,N
10.4324/9780203876350-6,Y
10.1057/9781137298881_4,N
10.1590/1984-6398202216588,N
10.4324/9781315260051-15,N
10.1007/978-3-642-57827-4_13,N
10.1109/cie.2002.1186038,N
10.4324/9781003593713-16,N
10.4324/9780429296482-13,N
10.1037/e608902012-119,Y
10.4324/9781410604200-9,Y
10.1111/j.1467-9280.1994.tb00293.x,N
10.4324/9781315742953-2,N
10.1007/978-981-92-0730-5_10,N
10.7717/peerj.4455/table-2,N
10.1787/888933315961,N
10.1037/e430002004-001,Y
10.1108/oxan-es285670,N
10.21236/ada400648,Y
10.1163/9789004410497_009,N
10.4135/9781483350417.n3,N
10.1007/978-94-6300-313-1_5,N
10.4324/9781351236584-7,Y
10.70177/lingeduca.v4i3.3244,Y
10.4135/9781412986076.n3,N
10.22251/jlcci.2024.24.3.305,N
10.1002/9781119045144.index,N
10.2307/jj.19307125.7,N
10.4324/9781410604200-17,N
10.1007/978-3-662-70726-5_7,N
10.1201/9781315597584-2,Y
10.15439/2017f536,N
10.1177/07417136241279159,N
10.14744/sigma.2023.00096,N
10.3102/ip.22.1926438,Y
10.70163/0036-0252.1159,Y
10.1093/ww/9780199540884.013.u34765,N
10.1093/ww/9780199540884.013.u58732,N
10.1080/13573322.2011.637550,Y
10.4337/9781035314812.00018,N
10.2307/jj.5993276.13,N
10.31261/tapsla.10432,N
10.4324/9781315146270-21,N
10.4324/9780429325977-21,N
10.4324/9781003148784-6,Y
10.1007/978-1-4419-7707-6_9,Y
10.4324/9780429322389-8,Y
10.1167/jov.24.10.1501,N
10.1167/8.6.318,N
10.1109/cise.2009.5363001,N
10.5040/9798216403265.ch-1,N
10.1080/0968465970050207,N
10.1037/t48617-000,U
10.4324/9781003593713-27,N
10.47583/ijpsrr.2023.v78i01.009,N
10.3389/fcomm.2026.1871070,N
10.1163/9789004410497_020,N
10.37819/revhuman.v11i5.961,N
10.1123/ssj.26.3.365,Y
10.26226/morressier.5cf632c6af72dec2b0554df3,N
10.1515/9781503605060-010,Y
10.1007/978-3-319-10816-2_69,N
10.1093/ww/9780199540884.013.281679,N
10.14711/thesis-b1546039,N
10.1007/3-540-38424-3_12,N
10.5040/9781474212199.ch-015,N
10.26481/umamet.2007029,N
10.1007/978-1-4757-2510-0_2,Y
10.7551/mitpress/13711.003.0004,N
10.1515/9780691265896-009,N
10.7551/mitpress/4075.003.0019,N
10.1007/978-3-642-30950-2_42,N
10.1365/s40896-017-0016-6,Y
10.4324/9781003319016-3,N
10.1007/978-1-349-14402-0_15,N
10.4324/9781003710882-5,N
10.15391/snsv.2025-2.06,N
10.1016/j.mnl.2016.05.012,Y
10.1109/csse.2008.69,N
10.1123/iscj.2024-0062,N
10.1016/j.ecns.2021.10.002,N
10.1007/978-3-642-77202-3_9,N
10.1207/s15328015tlm1404_10,U
10.4324/9780203134252-5,N
10.17143/ciaed/xxvciaed.2019.33932,Y
10.1016/j.teln.2012.01.004,N
10.18122/td.2318.boisestate,Y
10.1201/9781315121161-4,N
10.4018/978-1-59904-501-6.ch003,N
10.4324/9780429296482-14,N
10.1177/02557614261430489,N
10.1108/978-1-80382-677-620221012,N
10.1016/0378-3782(92)90075-r,N
10.11606/d.55.2018.tde-20032018-085616,N
10.1123/iscj.2014-0149a,Y
10.58459/rptel.2006.131-64,N
10.1257/rct.8933-1.0,N
10.4324/9780429296482-11,N
10.1007/3-540-44566-8_14,Y
10.4324/9780203850688-20,N
10.1007/bf00849556,N
10.1519/0199-610x(1982)004<0044:tgme>2.3.co;2,N
10.1167/9.8.873,N
10.4324/9781138610514-7,N
10.47155/mamusbbd.1308251,N
10.1207/s15327108ijap0704_8,Y
10.58809/pkiw9054,N
10.7717/peerj.21585/supp-3,N
10.1201/9780429084225-10,N
10.1097/00006199-196401330-00034,U
10.7717/peerj-cs.2699/fig-1,N
10.4324/9781315437415-15,N
10.1007/978-1-137-51494-3_4,N
10.37514/per-b.2021.1299.2.10,Y
10.1145/3379156.3391366,N
10.5040/9798400695995.ch-002,N
10.1038/s41409-018-0128-2,N
10.4324/9781410610515-20,Y
10.12794/metadc1833540,Y
10.4324/9781003685951-6,N
10.1080/17521882.2016.1186706,Y
10.31219/osf.io/jc2vr,N
10.31979/etd.ym48-e7gx,N
10.1177/0272989x231166009,N
10.1016/j.eswa.2005.04.026,N
10.4324/9781410617071-29,N
10.1108/oxan-es273086,N
10.1371/journal.pone.0198730,N
10.1007/s11613-013-0344-y,Y
10.30596/jmes.v2i2.7939,N
10.5040/9798400663338.ch-026,N
10.1007/s10664-025-10791-2,N
10.4324/9781003593713-9,N
10.4324/9780203383889-37,N
10.4324/9781003400134-7,U
10.5040/9781350961340,Y
10.1108/oxan-es261670,N
10.5353/th_b4324109,N
10.1007/978-3-319-93197-5_2,U
10.1093/ww/9780199540884.013.58732,N
10.5195/jyd.2008.290,N
10.4135/9781412986076.n1,N
10.4135/9781483300252.n10,Y
10.1007/978-3-662-70726-5_4,N
10.1007/978-3-319-46753-5_7,Y
10.5040/9798881821104.0009,N
10.1111/j.1365-2729.2008.00284.x,Y
10.3102/1680520,Y
10.1167/12.9.987,N
10.2307/jj.22730662.13,U
10.1002/9781119977032.ch6,Y
10.1109/icse-seet52601.2021.00011,N
10.1257/rct.13801,N
10.4135/9781071863534,N
10.1167/10.7.713,N
10.1007/s11613-020-00648-6,Y
10.4324/9781003569916-5,N
10.1542/9781610027151-ch15,N
10.1080/10632913.1993.9936928,Y
10.37420/j.cer.2024.024,N
10.1108/oxan-es261511,N
10.5040/9798216429159.ch_002,N
10.1109/fg.2011.5771430,Y
10.1177/21582440261492809,N
10.53761/1.12.2.2,N
10.5040/9798216546368.ch05,Y
10.1007/s11613-022-00772-5,N
10.4324/9780367198459-reprw262-0,Y
10.1123/iscj.2018-0009,Y
10.1007/978-3-662-49483-7_15,N
10.21203/rs.3.rs-5728238/v1,N
10.1007/978-981-19-0634-3_2,N
10.2139/ssrn.926047,N
10.1108/oxan-db231748,N
10.4018/978-1-7998-2245-5.ch009,Y
10.35159/kjss.2023.08.32.4.517,Y
10.2307/jj.26931936.9,N
10.1002/9781119045144,Y
10.24234/miopap.v11i2.32,N
10.1016/s0957-4174(98)00034-7,N
10.5465/ambpp.2017.12750abstract,Y
10.4324/9781315086545-5,N
10.1093/oso/9780198863021.003.0003,N
10.1109/cbmsys.1989.47365,N
10.2196/preprints.49747,N
10.4324/9780429354700-16,N
10.1016/j.eswa.2024.125542,N
10.1007/1-4020-3075-4_14,N
10.4324/9781003091615,Y
10.1007/978-3-642-77575-8_8,N
10.1260/1747-9541.10.2-3.425,Y
10.4324/9781315174242-8,N
10.1080/10494820.2021.1891941,N
10.1080/00193089.1970.10532978,N
10.5353/th_b3196348,N
10.1201/9781315121161,N
10.4324/9780203012505-12,Y
10.1108/oxan-db258134,N
10.2307/jj.19307125.29,N
10.4324/9781003400141,Y
10.1007/3-540-47987-2_53,N
10.4324/9780429431746-3,Y
10.1080/17521882.2022.2128386,N
10.4324/9780429296482-15,N
10.15760/etd.2282,N
10.1007/3-540-68716-5_2,Y
10.4324/9781003320104-3,Y
10.1057/9780230509436_7,Y
10.1016/j.sbspro.2012.02.010,Y
10.1167/5.8.537,N
10.22251/jlcci.2022.22.7.53,N
10.7176/ikm/11-3-01,N
10.2139/ssrn.5386816,N
10.1007/s11613-023-00849-9,Y
10.4324/9781315727080-20,N
10.5040/9798216188414.0006,N
10.4324/9781410617071-16,Y
10.2139/ssrn.5292030,N
10.4324/9781315102450-19,Y
10.22202/tus.2020.v6i2.4388,Y
10.2991/icaicte.2013.96,N
10.4324/9781003685951-4,N
10.1007/978-3-031-46019-7_2,Y
10.1371/journal.pone.0060395,N
10.22251/jlcci.2021.21.20.707,N
10.4324/9781003232322,Y
10.1080/21640629.2021.1944527,Y
10.1016/s1042-8143(05)80007-x,N
10.1108/978-1-78973-907-720211014,Y
10.1515/9783110743395-003,N
10.5040/9798881821104.ch-3,N
10.5040/9781350031937.pt-002,Y
10.1163/9789004342477,N
10.5296/ije.v1i1.190,N
10.1123/kr.2025-0026,Y
10.17485/ijst/v19i30.1058,N
10.4324/9780429296482-19,N
10.12785/ijbmte/030204,N
10.22251/jlcci.2023.23.24.401,N
10.1163/9789004505452_006,N
10.21203/rs.3.rs-10462363/v1,N
10.7765/9781526164759.00008,N
10.4324/9780203876350-13,Y
10.1108/978-1-80382-677-620221004,N
10.1016/j.eswa.2024.124153,N
10.4324/9780203016497-7,Y
10.4324/9781003532927-14,N
10.4324/9781003089889-46,Y
10.47116/apjcri.2020.09.19,N
10.4324/9781003237617,N
10.21203/rs.3.rs-10316753/v1,N
10.7717/peerj.8601/fig-1,N
10.5703/1288284317595,N
10.4324/9781315187228-10,Y
10.1201/9781420040906-5,N
10.4324/9781315472256-25,Y
10.4324/9780203134252-6,N
10.1093/oso/9780195138849.003.0017,Y
10.1177/17479541251388881,N
10.3844/jcssp.2015.915.927,N
10.1007/978-3-540-30139-4_37,N
10.3389/fspor.2022.962690,Y
10.1007/978-1-4684-6350-7_10,Y
10.1017/cbo9781139015684.007,N
10.71284/asc.2025116,N
10.1080/10413200.2019.1609620,Y
10.1108/oxan-es213809,N
10.4324/9781003038061-4,Y
10.1080/13611260902860125,Y
10.4135/9781446213582.n2,Y
10.2139/ssrn.3825100,N
10.25236/ijnde.2023.052511,N
10.4324/9781410604200,Y
10.5040/9798400670435.ch-004,N
10.1007/3-540-61327-7_109,Y
10.17507/jltr.1601.21,N
10.1037/0000322-002,Y
10.1037/e527312012-782,N
10.17586/2226-1494-2019-19-4-704-713,N
10.3390/app15073871,N
10.1007/978-3-319-66327-2_3,N
10.5772/7070,N
10.1016/s0191-8869(98)00058-0,N
10.1201/9781003566007,N
10.1123/jsp.9.4.326,N
10.4135/9781483328782.n1,N
10.3389/fspor.2026.1733815,N
10.4135/9781483300252.n9,Y
10.1007/978-3-540-87391-4_82,N
10.1542/pcco_book013_document003,N
10.1167/jov.23.9.5191,N
10.1080/02680513.2020.1752165,Y
10.7551/mitpress/12248.003.0003,N
10.1542/pcco_book002_document004,N
10.17509/ije.v13i1.24715,N
10.3102/1884705,Y
10.4324/9780429433832-10,N
10.1080/0305569960220202,Y
10.4324/9780429296482-4,U
10.1108/oxan-es287176,N
10.1093/oso/9780190945305.003.0010,N
10.4135/9781446251577.n10,N
10.1007/springerreference_301929,N
10.1080/14613808.2017.1409204,N
10.1177/0255761413508065,Y
10.4324/9780203020074-12,Y
10.1145/3603955.3603979,N
10.4324/9781003089889-25,N
10.32628/ijsrset25122204,N
10.7190/shu-thesis-00281,N
10.24908/pceea.2023.17075,Y
10.4135/9781071845417.n7,N
10.4324/9781003593713-22,N
10.1365/s40896-019-00031-y,U
10.1093/ww/9780199540884.013.u17385,N
10.5040/9798881833435.ch-006,N
10.7717/peerjcs.2169/fig-4,N
10.1037/e510842018-001,Y
10.22251/jlcci.2016.16.11.731,N
10.1519/1533-4295(2007)29[71:cccdyh]2.0.co;2,U
10.1007/s11251-023-09623-x,N
10.4135/9781446251577.n6,N
10.1007/978-3-642-13437-1_62,N
10.4324/9781003400622-13,Y
10.26226/m.6a156a45618420de1a560b59,N
10.4135/9781446251577.n2,N
10.5220/0014637500004021,Y
10.1108/978-1-80382-677-620221013,N
10.31234/osf.io/6y5xr,N
10.1177/174183051100905s08,Y
10.5040/9781472552846.ch-009,N
10.4324/9781410617071-10,Y
10.1007/978-3-030-13012-1_2,N
10.1080/21640629.2024.2395138,Y
10.4324/9780429354700-9,N
10.1186/s40561-025-00389-y,N
10.3233/icg-2001-24410,N
10.1123/jce.6.2.65,Y
10.1167/18.10.390,N
10.1108/oxan-es263301,N
10.33915/etd.6214,N
10.4324/9781315780955-13,Y
10.4324/9781315511290-8,N
10.1108/oxan-es242304,N
10.1167/7.9.1032,N
10.1163/9789004619746_001,N
10.1080/13611260220133153,Y
10.4018/979-8-3693-8094-9.ch011,N
10.1201/b15357,N
10.1177/002248718904000407,Y
10.65109/mfyr3549,N
10.5220/0013430700003932,Y
10.1108/oxan-es270874,N
10.18690/um.fov.4.2024.20,U
10.1037/cpb0000143,Y
10.32664/icobits.v1.130,Y
10.1177/0141076814532395,Y
10.22492/ijll.3.2.02,N
10.4324/9781041054351-4,N
10.1515/9781400838158-003,N
10.4324/9781003604600-3,Y
10.1007/978-94-6300-289-9_5,U
10.64628/aa.mxyde3ymx,N
10.1080/14626269109408296,N
10.1093/anb/9780198606697.article.1900443,N
10.4324/9781315768595-8,N
10.1016/0957-4174(90)90080-e,N
10.18261/issn1891-943x-2012-02-02,U
10.1111/1744-1633.12306,Y
10.1167/2.7.70,N
10.9790/0661-2705040109,N
10.4314/sajrs.v25i1.25831,Y
10.1097/00001786-200601000-00006,N
10.1016/j.cognition.2022.105343,N
10.4018/978-1-59140-309-8.ch010,N
10.1542/9781610027151-ch18,N
10.1002/j.0022-0337.2012.76.10.tb05392.x,N
10.1093/gmo/9781561592630.article.a2092725,N
10.1016/j.eswa.2021.115522,N
10.29275/jerm.2022.32.1.47,Y
10.4324/9781041054351-1,N
10.4324/9780203934333,N
10.4324/9781003089889-41,Y
10.1145/286498.286524,Y
10.14264/uql.2016.713,Y
10.1371/journal.pone.0138100,N
10.4324/9781315174242-1,Y
10.4324/9781003160939-27,Y
10.1017/cbo9780511584169.015,Y
10.4324/9780203850688-10,Y
10.1108/oxan-es210013,N
10.1787/888934223859,N
10.3390/app16020899,U
10.1002/9780470752937.ch2,N
10.3102/ip.25.2190913,Y
10.1108/oxan-db254569,N
10.1257/rct.14383-1.0,Y
10.1109/icoco53166.2021.9673537,N
10.4337/9780857936370.00014,Y
10.1111/ijal.70053/v1/decision1,N
10.1108/oxan-es224258,N
10.4324/9781410603098-21,Y
10.3390/su13105553,N
10.1108/oxan-es255129,N
10.32388/7fi35g,N
10.1007/978-94-6209-240-2_16,Y
10.1109/40.755469,N
10.4324/9780203118665-12,N
10.22251/jlcci.2025.25.8.711,N
10.1158/2159-8290.cd-nw2024-0001,N
10.4324/9781003319016-5,N
10.2307/jj.33610769.15,N
10.7202/1040080ar,N
10.4324/9781003593713-7,N
10.2307/jj.18253777.9,N
10.1201/b18866-18,N
10.4324/9780203994986-15,U
10.1080/09558543.1993.12031222,Y
10.22251/jlcci.2024.24.21.275,N
10.5040/9798881821104.0008,N
10.4324/9780429433832-2,N
10.1007/978-3-032-31188-7_4,Y
10.1002/9781394229574.ch6,Y
10.1080/14729679.2025.2566477,Y
10.1365/s40896-019-00030-z,Y
10.35484/pssr.2022(6-ii)91,N
10.2139/ssrn.2675326,N
10.1177/17479541261436950,Y
10.4324/9781003656616-3,Y
10.1201/9781003187189-9,Y
10.4324/9781410617071-21,N
10.4324/9781315102450,U
10.1007/978-3-030-21355-8_1,N
10.5040/9798216188414.0007,N
10.54393/pjhs.v6i7.3294,Y
10.52843/cassyni.sh36t3,N
10.1037/e547922012-400,Y
10.26686/wgtn.17006677,N
10.3102/ip.24.2102370,Y
10.1201/9781003566007-4,N
10.5005/jp/books/12542,N
10.1080/08993408.2024.2313913,Y
10.4324/9781003148418-22,N
10.4324/9780429296482-8,N
10.4135/9781036220105,N
10.2139/ssrn.1500643,N
10.4324/9781315102450-6,U
10.1007/s10664-023-10401-z,N
10.5771/9781475865028-115,N
10.4324/9781003070290-27,N
10.1159/000320635,N
10.4324/9780429354700,N
10.4324/9781138610514-4,N
10.1007/978-0-387-34844-5_9,N
10.1371/journal.pone.0298772,N
10.2307/j.ctv22pzxz1.12,N
10.4324/9780203646564-11,Y
10.54499/2025.21758.prt,N
10.4324/9781003544395-2,Y
10.4324/9780429351037-15,N
10.1007/978-3-642-77681-6_8,N
10.20429/ijsotl.2009.030213,Y
10.1057/9780230598317_23,Y
10.4324/9780367766924-ress191-1,N
10.1080/13562510903488139,Y
10.1007/978-3-030-57389-8_7,N
10.1371/journal.pone.0202855,N
10.7176/ikm/12-4-03,N
10.1002/(sici)1098-237x(199706)81:3<277::aid-sce2>3.3.co;2-4,N
10.1002/brb3.70474/v2/decision1,N
10.1108/978-1-68123-106-820251017,N
10.21043/jetli.v1i1.4490,N
10.1002/9781119045144.fmatter,N
10.1002/bdm.385,Y
10.36948/ijfmr.2026.v08i01.67433,N
10.37075/jomsa.2025.2.01,N
10.36254/978-94-6154-081-2,Y
10.4324/9780429433832-5,N
10.1504/ijlt.2015.072358,N
10.1123/apaq.8.3.210,N
10.4304/jltr.3.1.11-22,N
10.1007/s11613-007-0003-2,N
10.4324/9781003593713-21,N
10.53645/revpropulsion.v3i1.56,N
10.1080/13611260601037405,Y
10.2307/jj.18377144.4,N
10.21832/9781800411241-006,Y
10.5220/0005160700570063,N
10.4324/9780429351518-30,N
10.21832/9781800411241-012,Y
10.1080/2331186x.2025.2541994,N
10.1016/b978-85-352-5226-2.50017-0,N
10.4324/9780429296482-25,Y
10.2139/ssrn.6560001,Y
10.1007/springerreference_301953,Y
10.2307/1319090,N
10.1177/15553434261472960,N
10.70675/1d241588z7141z4264z8808za7f5d1d0a049,Y
10.1108/oxan-es224079,N
10.1093/hesc/9780197771563.003.0009,N
10.1037/e578692012-002,N
10.7287/peerj.14893v0.1/reviews/1,N
10.64628/aam.m7nrr7mwn,N
10.15766/mep_2374-8265.11534,Y
10.61686/heihx69046,N
10.33902/jpr.202426770,N
10.5040/9798400659768.ch-012,Y
10.1016/b978-0-12-373594-2.00007-1,N
10.1016/j.learninstruc.2021.101457,Y
10.4135/9781529738742.n5,Y
10.4135/9781483329666,Y
10.4135/9781036219604,Y
10.33231/j.ihe.2025.03.10,N
10.4324/9781003089889-43,Y
10.1080/17511321.2015.1088059,N
10.4324/9780429433832-9,N
10.4324/9780203383889-16,Y
10.4324/9780429325977,Y
10.32469/10355/85786,Y
10.22251/jlcci.2024.24.8.371,N
10.1145/1056808.1056941,Y
10.4324/9781003089889-21,Y
10.31274/itaa.21482,N
10.1057/9781137479938.0006,N
10.22251/jlcci.2024.24.7.41,N
10.1037/cpb0000140,Y
10.5353/th_b3196342,Y
10.1037/t19733-000,Y
10.22251/jlcci.2019.19.9.99,N
10.7717/peerj.14893/supp-1,N
10.1007/978-3-319-46753-5_16,Y
10.1007/978-981-97-5930-9_16,Y
10.1332/policypress/9781447369660.005.0011,N
10.2139/ssrn.5350438,N
10.2307/jj.22730662.8,Y
10.1515/9786155053993-020,N
10.4324/9781003400141-8,U
10.1787/888933149214,N
10.1093/oso/9780198829690.003.0002,N
10.1109/cisti.2014.6876967,Y
10.1371/journal.pone.0290949,N
10.7551/mitpress/9780262037341.003.0009,N
10.4135/9781446220672.n5,Y
10.4324/9780203082843-13,N
10.2307/jj.19307125.12,N
10.35159/kjss.2021.10.30.5.669,Y
10.5771/9781475865028,N
10.1017/cbo9781139174077.008,Y
10.1542/9781610027151-ch10,N
10.1007/3-540-55578-1_73,Y
10.37514/wac-j.2008.19.1.03,N
10.1017/9781316480748.034,N
10.1177/1469787416637482,N
10.1145/1520340.1520707,Y
10.4324/9780203383889-39,N
10.1037/019043,N
10.4324/9781003604600-8,Y
10.4324/9781315102450-16,Y
10.1163/2210-7975_hrd-9978-20190014,N
10.1542/9781610027151-ch36,N
10.1007/978-3-540-87391-4_72,N
10.22251/jlcci.2017.17.2.53,Y
10.5539/ijel.v9n3p23,N
10.1016/s0378-7206(02)00003-4,Y
10.1063/1.5003550,N
10.1145/2168556.2168620,N
10.5040/9781472552846.ch-014,N
10.1123/nirsa.10.3.32,N
10.1002/bdm.70026,N
10.4135/9781529614657.n59,Y
10.4324/9781003285144-15,Y
10.51979/kssls.2007.05.29.45,Y
10.5220/0003966601910194,N
10.3030/101159546,N
10.4324/9780203994986-21,N
10.1097/nsg.0000000000000140,N
10.1057/9781137479938_2,N
10.1037/spy0000382.supp,N
10.3102/ip.23.2011225,Y
10.4324/9781003444817-8,Y
10.1080/00336297.2026.2641132,Y
10.5040/9798216977643.0011,N
10.2139/ssrn.2418980,N
10.5040/9781718214095.ch-009,N
10.4324/9780429469237-5,Y
10.1080/02619768.2019.1652906,N
10.15358/9783800677498-63,Y
10.33687/jhssr.005.02.0577,Y
10.3115/974281.974289,Y
10.1007/978-3-642-77202-3_10,N
10.21125/edulearn.2024.0667,Y
10.2307/j.ctt6wqfkk,N
10.1080/02640410500189173,Y
10.1016/b978-0-12-052640-6.50022-4,Y
10.31234/osf.io/8npxm_v1,Y
10.46661/socioldeporte.6430,N
10.21832/9781800411241-009,Y
10.1167/6.6.616,N
10.1007/978-1-4471-1632-5_10,N
10.22251/jlcci.2024.24.20.419,N
10.4324/9781315758510-12,Y
10.1515/9783111002415-010,Y
10.4324/9781003089889-16,Y
10.25148/etd.fi13121207,N
10.4324/9780429354700-22,N
10.31332/atdbwv14i2.3729,N
10.4135/9781526437105,N
10.1016/b978-008043361-5/50015-8,N
10.4324/9780429433832-6,N
10.1017/cbo9780511597251.005,N
10.5040/9781718218758.0006,N
10.1257/rct.18215,N
10.1123/iscj.2024-0075,Y
10.1207/s15326950dp4002_1,Y
10.4324/9780203016497-9,Y
10.4135/9781526433077,Y
10.1007/978-3-319-46753-5_8,Y
10.1007/978-3-319-46753-5_2,Y
10.1007/978-3-319-95915-3_5,Y
10.1016/s0364-0213(99)00020-8,N
10.1080/15391523.2010.10782564,Y
10.15448/1981-2582.2018.1.29766,N
10.1007/978-1-4020-6754-9_15599,N
10.4324/b23351-37,N
10.22316/poc/09.2.07,Y
10.1007/978-3-031-11713-8_2,N
10.22251/jlcci.2024.24.2.555,N
10.1007/978-3-8349-9322-9_5,N
10.1007/978-3-540-69132-7_50,Y
10.1145/3785022.3785081,N
10.4324/9780203383889-25,N
10.2139/ssrn.4437819,Y
10.5040/9798400695995.ch-003,N
10.1123/iscj.2023-0123,Y
10.1163/2210-7975_hrd-9846-0036,N
10.1145/3378936.3378953,N
10.4018/978-1-7998-0951-7.ch015,Y
10.21125/inted.2023.0543,N
10.22251/jlcci.2019.19.21.1225,Y
10.1080/13573322.2011.554537,N
10.4324/9780429322389,Y
10.4324/9781003593713-23,N
10.4324/9781003089889-12,Y
10.1007/978-3-032-31188-7_2,Y
10.4324/9781003041689-1,N
10.3233/978-1-61499-203-5-107,Y
10.1109/64.53179,N
10.4135/9781526459985.n20,Y
10.70675/44877e66z223cz4847z9dbfzd4aba600800b,N
10.1037/e548052012-669,N
10.1542/9781610027151-ch35,N
10.14483//udistrital.jour.rc.2017.29.a9,N
10.22251/jlcci.2022.22.5.445,N
10.1145/3715669.3726818,N
10.21203/rs.3.rs-6966955/v1,Y
10.1057/9781137413338.0008,Y
10.4324/9781003232322-10,Y
10.1007/978-3-319-74067-6_4,Y
10.52547/jrsm.11.21.30,Y
10.1123/jsep.22.1.39,N
10.4324/9780203806913-25,Y
10.4324/9781003400622-20,Y
10.1177/1747954116637499,Y
10.62319/simonrodriguez.v.5i10.56,N
10.4018/978-1-7998-8598-6.ch014,N
10.22251/jlcci.2023.23.17.699,N
10.1260/174795408787186431,Y
10.1037/e741382011-222,N
10.5539/ijel.v11n6p84,N
10.5220/0007712203070314,N
10.1037/e514282025-001,Y
10.4135/9781071845417.n5,Y
10.1007/3-540-55606-0_72,Y
10.59350/je40e-9vq41,Y
10.2139/ssrn.2120066,N
10.4324/9781003593713-17,N
10.4324/9781003685951-2,N
10.1891/9780826125996.0003,N
10.12794/metadc9773,Y
10.1016/0742-051x(93)90055-l,Y
10.4324/9781032635194-5,N
10.1037/e552972012-001,N
10.4324/9781041054351-8,N
10.1007/978-1-4614-7579-8_10,Y
10.37819/humanrev.v11i5.961,N
10.1017/cbo9780511720420.008,N
10.1017/9781316026847.003,N
10.1007/978-3-032-11842-4_4,Y
10.4324/9781410604200-27,N
10.1093/gmo/9781561592630.article.19611,N
10.5040/9781718214149.ch-003,Y
10.15760/nwjte.2011.9.1.2,Y
10.1123/kr.2022-0006,Y
10.5040/9781472552846.ch-011,N
10.14264/3ebe517,Y
10.3842/sigma.2019.005,N
10.4324/9781410604200-18,Y
10.3102/00028312026001122,Y
10.4324/9780429029196-6,N
10.1016/s1474-6670(17)40097-8,Y
10.1007/978-3-031-81120-3_7,N
10.1016/j.heliyon.2024.e40006,Y
10.1007/s11613-015-0428-y,N
10.1123/iscj.2015-0037,Y
10.31274/etd-180810-5379,Y
10.1016/j.system.2008.12.006,N
10.1117/12.2255685.5409294532001,N
10.1037/e592102010-001,N
10.4324/9781003593713-11,N
10.4135/9781446217375.n7,N
10.1093/ww/9780199540884.013.u165026,N
10.1161/comment.20250410.401376,N
10.1057/9781137353269.0012,N
10.4135/9781483329666.n8,N
10.1007/978-3-642-30950-2_32,Y
10.25791/pribor.6.2023.1413,Y
10.1109/seaa.2013.30,N
10.1201/9781003278474-21,Y
10.1109/iros.2013.6696571,N
10.5432/ijshs.202221,Y
10.4135/9781506341026.n8,Y
10.1016/j.tate.2023.104149,Y
10.1163/9789004410497_001,N
10.22251/jlcci.2023.23.23.721,Y
10.1023/a:1003961222303,N
10.4324/9781003648734-19,N
10.3390/sports7010016,Y
10.30707/etd2021.20220215070319007319.999974,N
10.1386/jmte_00015_1,Y
10.1016/j.eswa.2012.12.023,N
10.1016/j.eswa.2016.07.017,N
10.4324/9780203299128-19,N
10.2139/ssrn.4492287,N
10.71097/ijsat.v17.i1.9935,N
10.1109/apsec60848.2023.00026,N
10.5013/ijssst.a.17.32.38,N
10.1007/978-94-010-0902-7_2,Y
10.1167/9.8.510,N
10.4324/9781410617675-24,N
10.1123/jtpe.2.3.33,Y
10.3102/00028312040004905,Y
10.1007/3-540-45108-0_85,Y
10.31234/osf.io/fc3da_v2,Y
10.22251/jlcci.2020.20.7.1299,Y
10.47809/mc.2021.09,N
10.1080/0968465960040204,N
10.16915/jkapesgw.2017.09.31.3.111,Y
10.2139/ssrn.1837762,N
10.1515/9780691265896-008,U
10.5220/0006339104340441,Y
10.1007/978-3-322-86033-0_29,N
10.4324/9781003011705-4,N
10.4324/9781003400134-11,U
10.4324/9781315108490-8,N
10.1037/e547922012-001,N
10.1016/j.eswa.2023.120728,N
10.2307/jj.22730662.7,N
10.52358/mm.vi18.410,Y
10.1016/j.jss.2021.111122,N
10.4324/9781003160939-5,Y
10.4324/9780429433832-8,N
10.3102/ip.22.1884705,Y
10.31390/gradschool_disstheses.4587,Y
10.1257/rct.5391-1.0,N
10.3102/2011231,N
10.61336/jeeh/26-1-12,N
10.1007/978-3-319-46753-5_23,Y
10.1145/41735.41745,N
10.18130/v3382r,Y
10.1093/hesc/9780199950638.003.0009,N
10.1037/t06948-000,Y
10.1016/j.tate.2025.105035,N
10.5040/9798216429159.ch_0012,N
10.1108/978-1-80043-202-420211004,N
10.1163/9789004410497_015,N
10.4324/9780080554310-11,Y
10.33915/etd.8737,N
10.1109/cseet66350.2025.00027,N
10.4324/9780203133712-22,N
10.1002/bdm.3960050306,Y
10.1007/978-3-319-46753-5_27,Y
10.7551/mitpress/3967.003.0014,N
10.1145/75034.75043,Y
10.22251/jlcci.2019.19.4.1219,Y
10.4324/9781410617071,Y
10.5641/193250307x13082490461066,Y
10.14264/107315,U
10.4135/9781446251577.n15,Y
10.4324/9780203390955-16,Y
10.7717/peerj.2476/fig-1,N
10.32469/10355/109705,N
10.1017/cbo9780511609817.021,Y
10.1016/j.sbspro.2014.09.205,Y
10.1201/9781315121161-1,N
10.21236/ada222324,Y
10.1109/aihcir67580.2025.11405111,Y
10.4324/9780429433832-3,N
10.1515/9780691265896-002,N
10.16926/par.2023.11.15,Y
10.5040/9781718219366.0005,N
10.5771/9781461732662-35,Y
10.1167/5.8.533,N
10.1145/2578153.2583036,N
10.3102/0013189x013006004,Y
10.1080/0305763750020104,Y
10.1093/9780197543887.003.0006,N
10.1007/978-1-4419-1428-6_4067,Y
10.1163/2210-7975_hrd-0035-1089,N
10.5040/9798216546368.ch08,Y
10.1002/9781118089965.ch3,Y
10.1007/s11332-026-01672-2,Y
10.5771/9781461732662-1,Y
10.1016/0020-7373(92)90092-y,Y
10.4324/9781003088943-6,Y
10.22251/jlcci.2024.24.23.131,N
10.1007/978-3-319-93293-4_9,N
10.1007/978-3-540-69132-7_118,Y
10.4324/9781315267043-5,N
10.4324/9781003041689-4,N
10.1002/bdm.380,Y
10.4324/9781003472438-1,Y
10.31274/cc-20240624-14,N
10.18260/1-2--23203,N
10.4018/978-1-4666-8519-2.ch012,N
10.5040/9781474212304.0008,N
10.1167/19.10.31b,N
10.4324/9780203020074-16,Y
10.3390/su141610085,N
10.53365/nrfhh.1038,N
10.4324/9781003262107-10,N
10.7759/cureus.65181,Y
10.21680/2178-6054.2024v18n2id38138,N
10.1080/23311886.2024.2438854,Y
10.4324/9781315102450-4,Y
10.1163/9789004410497_023,N
10.1108/978-1-80043-202-420211017,N
10.4324/9781315213446-7,Y
10.34190/ekm.20.097,N
10.5040/9798216188414.ch-006,Y
10.4324/9781138610514-5,N
10.1007/978-3-662-70726-5_5,N
10.1365/s40896-020-00046-w,Y
10.1167/13.9.667,N
10.1007/978-1-59259-335-4_4,N
10.4324/9781315443720-25,N
10.11144/javeriana.m18.tpea,Y
10.4324/9781041057161-3,Y
10.22251/jlcci.2019.19.19.1153,N
10.18293/seke2024-130,N
10.1260/1747-9541.6.1.149,Y
10.1093/acprof:oso/9780195309607.003.0006,N
10.1093/oso/9780190868796.003.0002,N
10.5040/9798400670435.ch-008,N
10.1007/978-3-662-70726-5_1,N
10.4995/head25.2025.20151,N
10.4324/9781003232322-6,Y
10.4324/9781315102450-14,N
10.1609/aiide.v2i1.18748,Y
10.5040/9781350284432.ch-004,N
10.1007/s10956-024-10197-7,N
10.7717/peerj-cs.1803/fig-2,N
10.31390/gradschool_dissertations.4392,N
10.14221/ajte.2011v36n5.1,N
10.1207/s15327043hup1804_7,N
10.53358/ideas.v4i1.696,N
10.3389/fpsyg.2022.964967,Y
10.7551/mitpress/11956.003.0017,Y
10.1007/3-540-61327-7_168,Y
10.30653/005.201812.16,N
10.1108/oxan-db275807,N
10.5771/9781475865028-7,N
10.47684/jcd.2024.06.26.6.38,Y
10.4135/9781483328898.n3,Y
10.1023/a:1004240413738,N
10.1201/9781315597584-19,Y
10.1186/s40798-023-00629-w,Y
10.4324/9781410617071-20,N
10.1163/2214-448x_eagll_eagllcom_00000379,N
10.2307/j.ctt4cgmkj.8,N
10.1017/cbo9781139015684.016,N
10.1371/journal.pone.0042003,N
10.4324/9781003089889-6,Y
10.1515/9780791480434-007,N
10.2139/ssrn.4626326,N
10.1017/cbo9780511511011.015,N
10.4324/9781003251309-20,Y
10.23860/diss-lynch-kenneth-2020,Y
10.4324/9781003235385-2,N
10.12927/cjnl.2018.25472,Y
10.22251/jlcci.2024.24.6.393,N
10.1108/oxan-db250955,N
10.1037/a0017485,Y
10.1007/978-3-642-79149-9_23,Y
10.5771/9781782557449-279,Y
10.4324/9781003232322-12,Y
10.1037/e500382012-001,Y
10.1007/3-540-47987-2_61,Y
10.1038/s41598-026-59780-5,Y
10.1109/icces.2010.5674830,N
10.1007/3-540-68716-5_88,N
10.4324/9780203451496-12,Y
10.4135/9781446251577.n7,Y
10.1007/978-1-4020-6532-3_6,N
10.4324/9781315806129,Y
10.4135/9781544394046.n7,N
10.4324/9780203016497-14,Y
10.14507/er.v24.2300,N
10.52121/alacrity.v2i3.117,N
10.1177/0305735614534910,Y
10.4324/9781410617071-9,Y
10.1519/ssc.0000000000000044,N
10.38159/npub.eb2021501,N
10.54859/kjogi108021-65490,N
10.4324/9781003160939-18,Y
10.1093/acref/9780195301731.013.74074,N
10.4135/9781506312125,Y
10.6007/ijarped/v14-i1/24388,N
10.21203/rs.3.rs-10036689/v1,N
10.11606/d.27.2025.tde-23012026-131651,N
10.26512/rpf.v1i1.46024,N
10.1016/b978-0-12-373594-2.00009-5,N
10.5040/9781472552846.ch-010,N
10.21236/ada492114,Y
10.22251/jlcci.2023.23.24.125,N
10.4324/9780203134252-3,N
10.4324/9780429296482-20,Y
10.4324/9780203383889-12,N
10.3390/educsci15111502,Y
10.1037/e683152011-150,Y
10.37514/wln-j.2018.42.7.05,Y
10.5040/9798216455790.ch-014,Y
10.61686/llmqb66319,N
10.4324/9781003091608-15,Y
10.3102/1682698,N
10.4324/9780080554426-7,N
10.1108/oxan-es246720,N
10.4324/9781003148418-2,N
10.21037/ajo-2026-1-0013,N
10.1108/s0742-332220150000032006,Y
10.18260/1-2--57724,N
10.5040/9798400695995.ch-001,N
10.1080/10413200701188944,Y
10.5353/th_b3124406,N
10.1080/00140139.2010.513746,N
10.64628/aaj.t9st6ncjy,Y
10.1108/oxan-es278274,N
10.4324/9781410617071-18,Y
10.3389/fspor.2019.00014,Y
10.1201/9781420000245.ch6,N
10.4324/9780429354700-34,N
10.31234/osf.io/3rh9a,N
10.4324/9781315174242-4,Y
10.4324/9781003593713-10,N
10.7203/clinicajuridica.20817,N
10.1007/978-3-032-11842-4_8,Y
10.1007/978-1-349-17599-4_9,N
10.1167/10.7.962,N
10.4324/9781315266343-4,Y
10.53841/bpsicpr.2006.1.1.47,Y
10.1177/0255761409102319,Y
10.1108/oxan-es238195,N
10.21832/9781800411241-005,Y
10.4324/9781003472438-14,Y
10.4135/9781036213695,N
10.1007/978-3-662-70726-5_2,N
10.1108/oxan-db218283,N
10.1007/978-1-4757-6846-6_2,Y
10.7717/peerj.21778/table-5,N
10.2307/j.ctv1mgm7ng.9,N
10.7330/9780874215014.c022,Y
10.4324/9781315212944-14,N
10.15858/engtea.78.4.202312.83,N
10.1109/fie.2014.7044420,N
10.1007/978-3-642-86679-1_15,N
10.1093/anb/9780198606697.article.1900692,N
10.4324/9780429457319-9,N
10.1187/cbe.17-07-0149,Y
10.1037/0000351-002,Y
10.4324/9781003511199-6,N
10.4324/9781351199636-24,Y
10.4324/9781315768595-13,N
10.1037/0000297-002,Y
10.4324/9780203356630-13,N
10.1007/s10639-025-13359-1,N
10.1109/tale.2014.7062639,N
10.21832/9781800411241-010,N
10.1007/978-3-540-30139-4_116,Y
10.7554/elife.29087.023,N
10.4324/9781041054351-10,N
10.1787/888932734761,N
10.1515/9780691265896-004,N
10.4135/9781473906839.n10,N
10.1007/978-94-017-0617-9_4,N
10.1177/001872677903201001,N
10.4324/9781410604200-35,Y
10.1007/978-3-319-57051-8_4,Y
10.1177/0305735694221004,Y
10.1163/27730840-03502003,Y
10.1142/9789811226557_0003,Y
10.7717/peerj-cs.2447/fig-5,N
10.1080/14626269409408339,N
10.1109/tai.1999.809760,N
10.3386/w16885,Y
10.15476/elte.2020.164,N
10.4324/9780203383889-51,N
10.11606/d.55.2018.tde-19032018-143626,N
10.1007/s11618-017-0729-3,N
10.4324/9781041057833,N
10.18296/set.0887,Y
10.1016/s0031-9406(05)61321-1,N
10.4324/9781315776675-16,N
10.1787/888933149192,N
10.1075/rmal.5.15shi,N
10.1093/gmo/9781561592630.article.j545400,N
10.1533/9780857099419.3.89,Y
10.2307/jj.22246998.389,N
10.54499/2025.01221.bdana,N
10.1017/9781009002042.018,N
10.26634/jet.16.4.16597,N
10.1037/e548052012-561,Y
10.7551/mitpress/9780262034319.003.0007,N
10.5749/9781452974422-003,N
10.1007/978-3-662-45119-9_15-1,N
10.1163/9789087903657_004,N
10.4324/b23184-7,Y
10.1177/174183051601410s02,Y
10.1016/j.physbeh.2022.113918,N
10.2307/j.ctt9qf0qh.12,N
10.1519/ssc.0b013e318163bc88,N
10.53712/sigma.v7i2.1286,N
10.5353/th_b4961800,N
10.4324/9781003458975-6,N
10.1108/978-1-80043-202-420211005,Y
10.1007/978-3-032-11842-4_3,Y
10.1080/02640410701245550,Y
10.4324/9781315192833-7,N
10.5040/9798400695995.ch-005,N
10.4324/9781003041689-2,N
10.4324/9780203806913.ch13,Y
10.18666/jasm-2016-v8-i2-6373,N
10.1177/1747954116667113,Y
10.1542/9781610027151-ch37,N
10.1016/0360-1315(93)90070-y,Y
10.33612/diss.916088098,N
10.1016/j.nedt.2025.106819,Y
10.2139/ssrn.3207681,N
10.4324/9781003140290-11,N
10.18823/asiatefl.2021.18.3.8.875,Y
10.4324/9781003232322-7,Y
10.1093/jmt/18.4.166,Y
10.4324/9780203016497-6,Y
10.4324/9781003051343-2,N
10.5040/9798216546368.ch07,Y
10.1093/ptj/71.3.190,Y
10.1515/9783111002415-008,Y
10.32469/10355/109454,N
10.1017/9781316480748.025,Y
10.1057/9780230306790_13,Y
10.1787/888933740725,N
10.64628/aam.mksvdppdw,N
10.26803/ijlter.23.1.19,Y
10.2307/1175554,Y
10.2307/jj.19307125.10,N
10.1177/154193129003401823,Y
10.1109/rtcdc.2005.201638,N
10.5951/mathteaceduc.7.2.0057,Y
10.4324/9781003452454-15,Y
10.1007/978-94-6091-821-6_2,N
10.3998/mpub.11373292.cmp.83,N
10.51979/kssls.2010.08.41.557,Y
10.2307/jj.19307125.22,N
10.1177/0270467604265011,N
10.1076/call.15.4.373.8266,Y
10.1163/9789004410497_016,N
10.14324/111.444.0000-0000.1699,Y
10.4135/9781071845417.n2,N
10.4324/9781003400141-2,Y
10.23860/diss-hersey-nicole-2018,N
10.4324/9780429354700-4,N
10.22316/poc/04.1.05,Y
10.4324/9781003360254-27,N
10.31390/gradschool_dissertations.209,N
10.5089/9781451855173.001.a001,N
10.1080/01587919.2011.610290,Y
10.1109/icsmc.2012.6377887,N
10.4324/9780203646946-10,Y
10.19030/ctms.v4i9.5568,N
10.1016/j.apergo.2013.09.014,Y
10.5771/9781475865028-109,N
10.1111/modl.12317,N
10.32469/10355/66375,N
10.1016/j.tate.2004.04.008,N
10.4324/9781410604200-20,Y
10.2139/ssrn.7418781,N
10.4324/9781003373315-2,N
10.1016/s0921-2647(06)80142-5,N
10.1007/3-540-68716-5_50,Y
10.5070/l422049267,Y
10.4324/9780429354700-26,N
10.3389/fpsyg.2026.1785482,Y
10.1201/9781315597584-10,N
10.4135/978144627305013514661,N
10.3352/jeehp.2012.9.10,Y
10.1007/11774303_113,Y
10.1167/jov.24.10.495,N
10.4135/9781452219493.n5,N
10.4324/9781315443720-18,N
10.1080/0144341970170404,Y
10.4324/9781315255668-3,N
10.4324/9781315453736-10,Y
10.1109/hicss.2001.927187,Y
10.2307/j.ctt4cgmkj.7,N
10.3115/1118894.1118899,Y
10.2196/11797,Y
10.1016/0742-051x(87)90031-x,N
10.4324/9780429354700-49,N
10.1093/anb/9780198606697.article.1900104,N
10.1093/oso/9780190059538.003.0001,N
10.1016/j.tate.2023.104202,Y
10.1177/1747954119829918,N
10.1057/9781137359209.0015,Y
10.4135/9781412986076.n5,N
10.1037/e705482007-001,N
10.15694/mep.2018.0000106.1,Y
10.15561/18189172.2019.0606,N
10.4324/9780429351037-4,Y
10.21313/hawaii/9780824835439.003.0002,N
10.1177/174183051201000103,Y
10.1016/j.system.2016.12.015,Y
10.7710/2168-0620.0285,N
10.15607/rss.2023.xix.029,N
10.4324/9781410617132,N
10.24071/llt.v21i2.937,N
10.5040/9798216005100.ch-004,N
10.1038/scientificamerican1090-44,N
10.1136/sbmj.i2121,N
10.1007/978-3-032-11842-4_10,N
10.5040/9798216426929.ch-003,N
10.36229/978-65-86127-10-2.cap.13,Y
10.4324/9781003390527-11,Y
10.4324/9781315562476-14,Y
10.21573/vol42n12026.154371,Y
10.4324/9781003160939-25,Y
10.5040/9781472549785.ch-005,N
10.4314/sajhe.v16i2.25250,N
10.1109/afrcon.2017.8095531,N
10.24321/3117.4809.202508,N
10.33422/2nd.icfte.2019.12.856,N
10.1515/9783111002415-009,Y
10.51127/jamdc5i4oa01,N
10.1108/oxan-es256854,N
10.4324/9781410603098-19,N
10.4324/9780203052594-8,Y
10.1177/07417136251393980,N
10.7554/elife.15129.013,N
10.1257/rct.5391,N
10.1007/s40593-015-0052-1,Y
10.4324/9780203056899-13,N
10.2196/preprints.11797,Y
10.1177/1747954118812461,N
10.1590/1984-6398202559538,N
10.4324/9781003595755-11,N
10.4324/9781003569916-7,N
10.1080/01449299208924353,Y
10.1007/3-540-45108-0_55,N
10.5353/th_b5328025,Y
10.4324/9781315095080-2,Y
10.21203/rs.3.rs-68473/v1,N
10.1177/17479541261430599,Y
10.46827/ejel.v9i5.5663,N
10.2307/1162873,Y
10.2139/ssrn.937929,N
10.2139/ssrn.7252138,Y
10.1108/oxan-es239579,N
10.4324/9780429351037-16,Y
10.1007/978-3-319-07221-0_22,N
10.23943/princeton/9780691153872.003.0002,N
10.1109/isaes66870.2025.11274331,N
10.7717/peerj-cs.1535/fig-2,N
10.2139/ssrn.7036766,N
10.2307/jj.34278837.38,N
10.2139/ssrn.6167869,N
10.4324/9781003089889-37,Y
10.4324/9781003370901-8,N
10.1177/074171369904900301,N
10.37514/wln-j.2019.44.3.05,N
10.4324/9780429296482-17,N
10.6028/nist.ir.7201,N
10.14711/thesis-991012555269603412,N
10.1002/9781118089965.fmatter,N
10.1108/978-1-62396-078-020251019,Y
10.4324/9781410604200-26,N
10.1093/ww/9780199540884.013.u41278,N
10.1123/iscj.2015-0038,Y
10.1111/ijal.70053/v1/review2,N
10.1177/17479541261483238,Y
10.1007/s00779-017-1026-0,Y
10.1093/oso/9780199641420.003.0013,N
10.1007/978-3-642-86679-1_17,N
10.4135/9781506334936.n7,N
10.4324/9781410604200-11,Y
10.4135/9781483300252.n1,Y
10.1007/978-3-030-10576-1_300180,Y
10.24297/jssr.v7i3.6623,N
10.1177/0271121415592411,Y
10.4324/9781041055983-7,Y
10.4324/9781315854830-5,N
10.4324/9780429354700-20,N
10.4018/978-1-5225-0159-6.ch046,N
10.31274/rtd-180817-3968,N
10.21236/ada438317,Y
10.1007/s10664-024-10550-9,N
10.1123/iscj.2016-0037,Y
10.1007/978-3-322-86033-0_12,N
10.64628/ab.pk7angrft,N
10.1016/j.teln.2012.10.004,Y
10.4324/9781315744841-5,N
10.1016/b978-0-08-026785-2.50014-3,N
10.1017/s1930297500004137,N
10.7717/peerj-cs.2718/fig-1,N
10.5771/9781461732662-95,Y
10.1080/14613808.2019.1598345,Y
10.31234/osf.io/a3rpt_v1,N
10.1108/02621719010135110,Y
10.21125/iceri.2018.2582,Y
10.5040/9798400681950.ch-003,Y
10.1108/978-1-80043-202-420211016,N
10.4324/9781003390527-5,Y
10.1007/978-3-642-77681-6_10,N
10.5040/9781350031937.ch-004,Y
10.1093/sw/40.6.799,N
10.30916/kera.57.3.1,N
10.5951/mte-2019-0006,Y
10.4324/9780203994986-14,Y
10.1542/9781610027618-ch1,N
10.1007/3-540-28451-6_18,Y
10.4324/9781410617071-13,Y
10.18592/let.v13i1.9343,Y
10.4324/9780203134610-18,N
10.4324/9781315743059-6,N
10.1108/oxan-es278050,N
10.1109/clei64178.2024.10700211,N
10.5040/9798881821104.ch-4,N
10.4172/2324-9080.1000208,N
10.1109/educon52537.2022.9766567,Y
10.1080/02701367.2013.784722,Y
10.1515/9780691235141-010,N
10.1007/978-3-642-77575-8_6,N
10.17077/etd.hgi8dv0k,N
10.1037/0000351-001,Y
10.1016/j.cell.2019.12.009,N
10.1080/13540602.2013.741839,Y
10.1023/a:1008152928725,Y
10.1001/archpsyc.1963.01720150090010,N
10.1080/23750472.2022.2033638,N
10.3390/ai6080193,N
10.2307/jj.19307125,N
10.1037/e665402011-595,Y
10.7759/cureus.59801,N
10.1002/bdm.1759,Y
10.21203/rs.3.rs-2934300/v1,Y
10.4324/9781003469247-23,N
10.4324/9780429354700-52,N
10.21236/ada328088,N
10.1109/aswec.2004.1290480,N
10.4324/9781003604600-16,Y
10.1177/146879680600600407,N
10.1007/11774303_77,Y
10.1123/jce.4.3.29,Y
10.4324/9781003685951-12,Y
10.4324/9780429325977-5,N
10.4324/9781003360254-2,N
10.2307/jj.19307125.15,N
10.4324/9781003127055-3,Y
10.1016/j.destud.2012.11.006,Y
10.5040/9798216403265.ch-10,N
10.1007/978-3-642-86679-1_8,Y
10.4324/9780203646564-18,Y
10.1007/3-540-55606-0_73,Y
10.1123/iscj.2015-0036,Y
10.4135/9781071845417,Y
10.4324/9781315856223,Y
10.1016/j.eswa.2014.11.011,N
10.4324/9780203934333-13,N
10.59433/kaosa.2025.20.4.03,Y
10.4324/9781003390527-12,Y
10.4324/9781315102450-7,Y
10.1007/978-3-642-77202-3_5,N
10.1108/oxan-es268466,N
10.1145/1095242.1095254,N
10.1016/j.eswa.2022.119365,N
10.22251/jlcci.2021.21.5.627,N
10.22215/etd/2025-17028,N
10.4324/9781351139762-8,Y
10.15242/dirpub.hdir1217205,N
10.1108/oxan-db247631,N
10.1093/fampra/4.4.316,N
10.4324/9781003427292-8,Y
10.31227/osf.io/w3hjx,N
10.1007/11774303_21,Y
10.1007/978-981-13-5898-2_7,N
10.3758/bf03195563,Y
10.21203/rs.3.rs-68473/v2,N
10.1111/j.1944-9720.2010.01108.x,N
10.59784/jpl.v1i2.8,N
10.1093/9780197830642.003.0011,Y
10.1111/1468-0122.00159,Y
10.1080/21640629.2026.2692178,Y
10.5040/9781718214149.ch-011,N
10.4324/9781410617071-26,Y
10.5220/0005937203910395,N
10.1201/9781315597584-4,Y
10.2139/ssrn.6438922,N
10.1177/0022487114549810,Y
10.1108/oxan-es278159,N
10.4324/9781003288978-14,N
10.1167/8.6.185,N
10.1177/1321103x18794514,N
10.1007/978-981-92-0730-5_7,N
10.1109/icse-seip52600.2021.00010,N
10.1007/s10857-025-09725-y,Y
10.31599/ckwdzh87,N
10.1177/1747954118755442,Y
10.1016/j.eswa.2007.11.064,N
10.5220/0013277900003932,N
10.1145/3517031.3532199,N
10.31893/multiscience.2026808,N
10.1123/iscj.2018-0049,Y
10.1177/17479541261430313,Y
10.4038/jssnisd.v3i1.25,N
10.4324/9781315626468-14,N
10.1007/bf02905451,N
10.1007/978-3-662-70726-5_8,N
10.1108/oxan-es217423,N
10.5114/hm.2021.100323,N
10.1007/978-3-031-91294-8,N
10.4324/9781003608219-14,N
10.32837/2312-3192-2018-11-37-43,N
10.1201/9780429332111-143,N
10.5040/9781718206694.ch-002,Y
10.1542/9781610027151-ch20,N
10.1108/oxan-es253243,N
10.25683/volbi.2019.48.364,N
10.4324/9780429354700-29,N
10.1108/978-1-80382-677-620221002,N
10.1167/11.1.15,N
10.1201/9781003566007-7,N
10.7551/mitpress/3769.003.0006,N
10.5040/9798216456001.ch-005,Y
10.1145/122488.122498,N
10.1109/fie43999.2019.9028699,N
10.1201/9781315121161-3,N
10.4324/9781315729886-11,N
10.1167/9.8.458,N
10.5604/01.3001.0012.6519,N
10.15199/13.2018.10.1,N
10.1038/s41415-024-8245-3,N
10.21236/ada470806,N
10.21956/mep.19573.r29042,N
10.4324/9781315847108-35,Y
10.30775/kmes.54.3.167,N
10.3389/fpsyg.2025.1666035,Y
10.2991/asshm-14.2014.31,N
10.4324/9781003198772-19,Y
10.1016/b978-0-7506-8281-7.50004-x,N
10.17504/protocols.io.n92ldzdw9v5b/v1,N
10.4135/9781036234744.n13,Y
10.1111/j.1468-0394.1988.tb00349.x,Y
10.1108/oxan-db210591,N
10.1177/074171367702700205,N
10.1021/acsguide.20103,N
10.1016/j.vascn.2025.107798,N
10.11606/t.12.2019.tde-22082019-160042,N
10.3389/fpsyg.2021.645098,N
10.4324/9780203934333-15,N
10.1201/9781003469315-9,Y
10.7287/peerj.preprints.1157/supp-6,N
10.5040/9781474212304.ch-002,N
10.1049/pbmt024e_ch2,N
10.1007/978-3-319-46753-5_12,Y
10.1108/oxan-es244356,N
10.1109/icodse53690.2021.9648484,N
10.1108/oxan-es291717,N
10.4324/9780203141939-11,N
10.1371/journal.pone.0100100,N
10.1787/888934220800,N
10.14426/cristal.v10i1.1825,Y
10.4018/978-1-7998-5345-9.ch031,Y
10.1007/978-94-007-0250-9_3,N
10.54337/nlc.v4.9626,N
10.4324/9781315796253-20,Y
10.4324/9781003235385-5,N
10.4324/9781003604600-21,Y
10.4324/9781315472256-20,Y
10.1123/ijatt.18.6.27,N
10.1016/j.tate.2026.105447,Y
10.4324/9780429354700-6,N
10.4324/9781003400141-6,U
10.1108/oxan-db279086,N
10.3233/978-1-60750-028-5-795,Y
10.1201/9781003283195-12,N
10.2307/jj.19307125.14,N
10.22251/jlcci.2023.23.19.929,N
10.1080/08924562.2020.1681213,Y
10.1002/9781394441464.ch7,N
10.1109/ase.2015.111,N
10.1016/j.eswa.2026.132901,N
10.5204/thesis.eprints.235384,Y
10.4324/9781003232322-8,Y
10.65528/9780807781142-008,Y
10.1108/978-1-80382-677-620221007,N
10.1016/j.tate.2025.105358,Y
10.1108/oxan-es249165,N
10.1007/978-1-349-09179-9_5,N
10.37514/wln-j.2022.46.9.05,Y
10.1037/0000326-002,Y
10.1007/s11613-014-0355-3,Y
10.1080/00239706708555786,N
10.4324/9781351271882-7,N
10.31137/ecc.2021.6.1.5,N
10.4324/9781003522669-8,N
10.1007/978-3-030-32781-1_3,Y
10.4324/9781410613530-12,N
10.1108/978-1-64802-487-020251036,N
10.36948/ijfmr.2026.v08i01.68302,N
10.21956/mep.19573.r29041,N
10.1016/j.ambp.2008.03.022,Y
10.4324/9780203134252-7,N
10.1177/1321103x19871079,Y
10.5220/0012017500003470,Y
10.5040/9798400681950.ch-004,Y
10.4324/9780203646564-21,Y
10.5040/9798216032847.ch-044,N
10.1123/iscj.2020-0091,Y
10.4324/9780203994986-13,Y
10.4324/9781315443720-15,N
10.1515/9783112528266-024,Y
10.47344/sdu20bulletin.v56i3.598,N
10.37514/wln-j.2015.40.1.05,Y
10.4324/9780203806913.ch14,Y
10.21203/rs.3.rs-9795551/v1,Y
10.4324/9780429354700-13,N
10.1057/9781403948083_9,N
10.4324/9780203052969-15,Y
10.4085/1062-6050-52.10.11,N
10.4324/9781003235385-1,N
10.4304/tpls.4.2.293-302,N
10.1007/s40670-019-00818-x,Y
10.17771/pucrio.acad.71420,N
10.5220/0006787702190226,Y
10.4324/9780429299360-6,N
10.4324/9781003427292-5,Y
10.1108/oxan-es268071,N
10.4324/9780203134252-4,N
10.1007/s11251-016-9376-y,Y
10.1177/0001848186036002004,N
10.1080/21640629.2023.2275400,Y
10.4324/9781003400141-5,U
10.1007/978-1-4471-1632-5_4,N
10.1080/17425964.2015.1045770,N
10.1167/10.4.15,N
10.1016/j.physio.2005.11.005,Y
10.33902/jpr.2022.165,N
10.4324/9780080544113-23,N
10.1016/j.tate.2017.04.015,Y
10.4324/9780429354700-31,N
10.1108/oxan-db216508,N
10.4324/9780429325977-7,N
10.1097/corr.0000000000003930,N
10.4018/978-1-7998-8598-6.ch009,N
10.1080/02640419008732128,N
10.4324/9781003159063-12,Y
10.4324/9781003390527-10,Y
10.1145/2889160.2889191,N
10.4324/9781315832845,Y
10.4324/9780203701010-20,Y
10.1123/iscj.2018-0093,Y
10.1177/155534341000400404,Y
10.4324/9781003232322-13,Y
10.4324/9781315443720-23,N
10.5040/9781350031937.pt-003,N
10.2139/ssrn.5736031,N
10.5220/0007717600700077,N
10.4324/9780429351037-12,Y
10.2307/jj.19307125.18,N
10.20850/9781534201361,N
10.46569/20.500.12680/nk322m926,N
10.2307/jj.19307125.8,N
10.1515/9781438426907-002,N
10.1007/978-3-032-11842-4,Y
10.1007/978-94-6091-821-6,N
10.3102/ip.23.2015845,N
10.4324/9781003089889-30,Y
10.1167/15.12.234,N
10.4324/9780429325991-8,Y
10.1123/iscj.2015-0035,Y
10.5120/ijca2016912000,Y
10.1108/oxan-es236543,N
10.32469/10355/57240,Y
10.4324/9780203053515-9,Y
10.1201/9781315121161-5,N
10.4135/9781071845417.n6,N
10.5040/9798400695995,N
10.1037/e446762006-001,Y
10.1257/rct.14383,Y
10.4324/9780203027851-17,Y
10.1108/oxan-es290415,N
10.1007/978-94-6209-188-7_22,N
10.4135/9781446288375.n8,Y
10.4324/9781003426448-3,Y
10.1365/s40896-015-0008-3,Y
10.1111/j.1937-8327.2006.tb00377.x,N
10.5040/9798400695995.ch-004,N
10.46529/socioint.202154,N
10.4135/9781529775068.n1,N
10.1145/986655.986668,N
10.2139/ssrn.6173947,N
10.4135/9781506341026.n4,N
10.22251/jlcci.2018.18.21.737,N
10.32469/10355/48697,Y
10.4324/9781315443720-20,N
10.1007/978-3-540-30139-4_120,Y
10.1037/e577632012-006,Y
10.4324/9781003493235-10,Y
10.5353/th_b3195881,Y
10.71097/ijsat.v17.i1.10065,N
10.1093/oseo/instance.00316058,N
10.5040/9781472541093.ch-009,Y
10.4135/9781446211731.n4,Y
10.1080/19474199.2010.493855,N
10.4324/9781003400622-22,Y
10.3102/ip.23.2014501,Y
10.36948/ijfmr.2024.v06i03.22216,N
10.4135/9781446212141.n10,Y
10.1201/9781003070290-27,N
10.1093/acprof:oso/9780195309607.003.0012,N
10.14744/sigma.2021.00012,N
10.5040/9781472552846.ch-017,N
10.1080/19463014.2012.716621,Y
10.1080/13573322.2020.1787371,Y
10.1007/978-981-10-3587-6_4,N
10.1017/9781009024648.012,N
10.1007/978-3-319-18272-8_36,N
10.2307/jj.19307125.16,N
10.1007/978-1-4614-6934-6_11,Y
10.4324/9780203994986-23,Y
10.1016/j.eswa.2024.126180,N
10.1007/3-540-68716-5_57,N
10.1080/14613800903568296,Y
10.4324/9781003332176-7,Y
10.4324/9781003427292-14,N
10.4324/9780203591949-7,Y
10.71097/ijsat.v16.i3.8237,N
10.1016/j.eswa.2022.117578,N
10.1177/174183051501309s04,Y
10.5296/jpag.v15i3.23475,N
10.3923/itj.2008.528.532,N
10.5040/9781350133662.ch-3,N
10.1163/26660393-bja10138,N
10.5771/9781461732662,Y
10.4324/9780203994986-10,Y
10.21236/ada461495,Y
10.4324/9781003593713-15,N
10.1109/64.143234,N
10.1016/b978-0-12-816636-9.00010-4,N
10.1002/bdm.383,Y
10.18546/lre.16.3.01,N
10.4324/9781041054351,Y
10.1075/z.99.15beu,N
10.71156/2994-7073.1238,N
10.20944/preprints202608.1643.v1,N
10.15760/etd.3643,N
10.4236/psych.2015.64034,Y
10.1108/oxan-db239199,N
10.1145/3287324.3293796,N
10.7717/peerj-cs.519/fig-8,N
10.1002/9781119045144.ch6,N
10.4324/9781003375968-27,Y
10.4324/9780203141939,N
10.4324/9781315854830-19,N
10.1542/9781610027151-ch13,N
10.1007/978-94-6300-627-9_5,N
10.4324/9781315773339-13,N
10.1108/oxan-db199041,N
10.1080/21640629.2022.2073135,Y
10.33546/bnj.v0i0.1117.s560,N
10.1007/978-3-642-54906-9_25,N
10.1037/e354052004-001,Y
10.53832/edtechhub.1136,Y
10.1002/ace.36719831710,N
10.58459/icce.2024.4954,N
10.14257/astl.2015.115.04,N
10.5901/jesr.2016.v6n2p141,N
10.4324/9780429354700-30,N
10.1002/bdm.384,Y
10.5040/9798216456001.ch-003,N
10.2139/ssrn.4209822,N
10.18293/seke2015-203,N
10.1007/s11613-009-0121-0,Y
10.1016/0140-6736(90)91828-x,N
10.1111/j.1365-2702.2006.01399.x,Y
10.1002/acp.2350080302,N
10.1108/oxan-es271210,N
10.31234/osf.io/ev6da_v1,N
10.1017/s193029750000348x,Y
10.4324/9781003604600-12,Y
10.3998/mpub.12710084.cmp.fb494d017,Y
10.1017/9781316480748.032,Y
10.3102/1685588,N
10.1016/j.jsurg.2011.04.006,Y
10.1007/978-3-031-53322-8_15,N
10.4324/9781003251309-11,Y
10.1080/21640629.2021.1995238,N
10.1108/oxan-es274283,N
10.21832/jackso1234,Y
10.1332/policypress/9781447369660.003.0007,N
10.1109/hicss.2009.119,N
10.3102/ip.22.1895651,N
10.22251/jlcci.2025.25.4.865,N
10.4324/9781410604200-12,Y
10.1108/oxan-es235513,N
10.1109/cee-secr.2010.5783156,N
10.21236/ada383927,N
10.1590/1981-5271v47.2-2022-0332,N
10.4324/9781315443720-19,N
10.1201/9781003352532-10,N
10.1080/0142159x.2018.1484897,Y
10.1109/vlhcc.2018.8506481,N
10.1515/9780691265896-018,N
10.1515/9780691265896-003,N
10.4324/9781003390527-13,Y
10.1515/9781503605060-009,Y
10.47116/apjcri.2022.09.19,N
10.1371/journal.pone.0228100,N
10.4324/9780203020074-23,Y
10.1515/9781400838158-002,N
10.1057/9780230362963.0033,Y
10.1123/tsp.13.2.157,Y
10.7287/peerj.14893v0.2/reviews/1,N
10.4324/9780429450334-5,Y
10.4018/979-8-3373-4217-7.ch011,N
10.4324/9781003089889-23,Y
10.1007/978-3-319-64936-8_6,Y
10.1093/oxfordhb/9780190244705.013.16,N
10.4324/9780203761212-7,Y
10.1515/9781683923022-014,N
10.4324/9781315268149-14,Y
10.47191/ijmra/v9-i6-41,Y
10.4324/9780367198459-reprw262-1,Y
10.51257/a-v1-c7011,N
10.4324/9781315472256-19,Y
10.1201/9781315376622-5,N
10.4135/9781446251577.n13,Y
10.1007/978-3-032-11842-4_2,N
10.4324/9781410617071-27,Y
10.36905/jses.2019.03.01,N
10.4135/9781446213308.n12,N
10.21236/ada395618,Y
10.1365/s40896-021-00050-8,Y
10.4135/9781544306209,N
10.1167/12.9.505,N
10.4324/9780203994986-11,Y
10.1080/14623943.2023.2174963,Y
10.2307/jj.19307125.27,N
10.2307/jj.19307125.19,N
10.4324/9781315853864-13,N
10.5040/9798400695995.0009,N
10.4324/9780203934333-10,N
10.1515/9780691265896,N
10.1186/isrctn35998024,Y
10.1167/jov.22.14.4142,N
10.1007/978-3-540-87391-4_57,N
10.1145/3588015.3588424,N
10.1002/bdm.380.abs,Y
10.1093/acref/9780195301731.013.36942,N
10.3389/fpsyg.2022.936140,Y
10.1123/iscj.2017-0046,Y
10.1007/978-981-96-3396-8_13,N
10.4324/9781003370604-5,Y
10.4324/9780203125229-11,N
10.5040/9781492596257.ch-011,Y
10.1207/s15327035ex1304_1,Y
10.1016/j.ijhcs.2012.01.004,Y
10.5040/9781492596257.ch-008,N
10.1542/9781610027151-ch21,N
10.1007/s11135-007-9103-5,N
10.47119/ijrp100851920212309,N
10.66731/jher.v28i1.442,N
10.32597/dissertations/729/,Y
10.4324/9781003148784-7,Y
10.2139/ssrn.4914361,N
10.4324/9780203994986-26,Y
10.1260/1747-9541.10.4.699,Y
10.4324/9781003685951,Y
10.4324/9780429354700-40,N
10.24989/person.v8i2.2894,Y
10.4324/9781410604200-24,Y
10.5204/thesis.eprints.114075,Y
10.1037/e502712008-001,Y
10.18293/seke2018-117,N
10.1108/oxan-es249936,N
10.1142/9789811284175_0003,Y
10.37590/able.v45.abs45,Y
10.24926/265535.2955,N
10.16986/huje.2021068382,N
10.4324/9781003400134-10,U
10.4324/9780429322389-11,Y
10.2139/ssrn.3752703,N
10.1007/978-981-13-5898-2_11,N
10.1080/1091367x.2025.2467305,Y
10.4324/9781315768595-10,Y
10.4324/9780429351037-13,Y
10.1007/978-981-19-0634-3_8,N
10.1007/978-94-009-3249-4_2,N
10.1109/humanoids.2014.7041511,Y
10.1145/3385548,N
10.1007/978-3-319-07221-0_25,Y
10.3102/1686087,N
10.29086/10413/22907,N
10.18666/tpe-2020-v77-i2-9173,Y
10.1002/nha3.20235,N
10.4324/9780429266300-16,Y
10.1167/14.10.104,N
10.1007/s40593-015-0053-0,Y
10.1007/3-540-45108-0_60,N
10.1002/ace.36719946412,N
10.1017/cbo9781139015684.005,N
10.1249/01.mss.0000321617.72790.1d,N
10.4324/9781315854847,Y
10.4324/9781410604200-8,Y
10.33915/etd.5601,Y
10.1093/nq/cc.jul.314d,N
10.36605/jscos.5.0_22,N
10.5220/0010458503310339,N
10.1007/3-540-45108-0_9,N
10.15763/issn.1936-9298.2025.2.3.40-59,N
10.4324/9781003285168-7,Y
10.1111/exsy.12182,N
10.1163/1877-5888_rpp_sim_09389,N
10.1515/9781400824670-002,N
10.4324/9781003400141-11,N
10.4324/9781410603098-12,Y
10.5040/9781350238268.ch-4,N
10.1371/journal.pone.0316658,N
10.4324/9781315115399-9,N
10.1177/17479541261488177,Y
10.4324/9780203126424-12,Y
10.2139/ssrn.4759886,N
10.59380/crj.v2i2.2787,N
10.4324/9781003232322-11,Y
10.1167/17.10.344,N
10.4324/9781410603098-18,N
10.7717/peerj.21778/table-1,N
10.1002/bdm.393,Y
10.1108/978-1-64802-502-020251008,N
10.19088/ids.2021.050,Y
10.51224/srxiv.569,Y
10.1167/14.10.820,N
10.4324/9781003148418-14,Y
10.4324/9781003400134-5,U
10.1037/e537052012-435,N
10.1007/978-3-662-70726-5_6,N
10.1007/s11701-025-02470-7,Y
10.1371/journal.pone.0327327,N
10.1167/4.8.715,N
10.15663/wje.v1i1.532,Y
10.1016/b978-0-12-816636-9.00006-2,N
10.15514/syrcose-2008-2-23,N
10.1111/j.1467-9639.1989.tb00066.x,N
10.4018/978-1-7998-8598-6.ch030,N
10.1007/978-3-642-13388-6_27,Y
10.1108/oxan-es287002,N
10.4135/9781036233556.n5,Y
10.1145/632765.632769,Y
10.4324/9781003089889-17,Y
10.1167/8.6.475,N
10.58837/chula.the.2019.215,N
10.58955/jecer.176441,Y
10.51224/srxiv.495,Y
10.4324/9781315108490-14,N
10.5771/9781610480918-119,Y
10.51257/a-v1-c7012,N
10.1007/978-3-662-07811-2_5,Y
10.4324/9780203126424-15,Y
10.37514/wln-j.2017.42.1.05,Y
10.1145/1394281.1394325,N
10.23977/aduhe.2023.051419,Y
10.5040/9798216403265.0004,N
10.33902/jpsp.202323606,Y
10.1007/0-306-47217-1_6,N
10.1007/978-3-030-81938-5_28,Y
10.4324/9781003127055-9,Y
10.36315/2026inpact080,N
10.4102/aosis.2025.bk546.0f,N
10.4324/9780429287923-15,N
10.5040/9781718212749.ch-012,N
10.1177/002248718803900306,Y
10.4324/9780429322389-10,Y
10.1007/978-3-031-66363-5_4,Y
10.4324/9781315114514-11,Y
10.1016/j.eswa.2012.01.020,N
10.4324/9780429354700-21,N
10.2196/preprints.93314,N
10.4324/9781315472256-11,Y
10.3102/2018746,Y
10.4324/9781003400134-8,U
10.4324/9781041057161-5,N
10.1108/13665621211191104,N
10.1016/j.tate.2024.104824,N
10.1080/17430437.2015.1124566,N
10.1257/rct.13801-1.1,N
10.4324/9780429325977-1,N
10.1017/cbo9780511816796.016,Y
10.55606/jurimea.v5i1.878,N
10.24230/ksiop.21.1.200802.59,Y
10.29140/tltl.v5n2.911,N
10.7763/ijet.2009.v1.69,N
10.1109/te.2005.856149,Y
10.2307/j.ctv7vcsv2.19,N
10.5296/jsel.v8i1.16434,N
10.1016/b978-0-08-006364-5.50010-0,Y
10.1002/bdm.387,Y
10.51593/20210076,Y
10.1080/13611267.2021.1899585,Y
10.1080/2331186x.2022.2082120,N
10.37591/njobm.v4i1.747,N
10.31234/osf.io/p428m_v1,N
10.1371/journal.pone.0238601,N
10.4324/9781003370604-7,Y
10.1016/j.tate.2020.103243,Y
10.1260/174795409789623964,Y
10.14355/jitae.2014.0301.01,N
10.1167/16.12.1101,N
10.1108/978-1-68123-106-820251011,N
10.1123/jsep.17.1.1,Y
10.3390/nu16081104,N
10.1007/978-3-030-60128-7_48,N
10.1080/02640414.2022.2099177,Y
10.4324/9780203383889-38,N
10.1007/978-3-642-86679-1_16,Y
10.1007/978-1-4020-6532-3_12,N
10.4324/9781003237617-1,N
10.4324/9781315523293-7,N
10.1515/dsll-2026-0025,N
10.36513/sigma.v7i2.1286,N
10.1177/0741088320986554,N
10.3233/jifs-238151,N
10.31274/rtd-180813-10438,Y
10.2307/jj.19307125.1,N
10.46409/sr.mzzc3210,N
10.3998/mpub.288606,N
10.2139/ssrn.6901339,N
10.1007/1-4020-2094-5_9,Y
10.4324/9780203965269-19,Y
10.1080/00221309.1928.9920133,N
10.56428/aqij.2025.4.2.213,N
10.5040/9781805016182.ch-003,Y
10.4102/aosis.2025.bk546,N
10.1023/a:1003011431677,N
10.17918/etd-6630,N
10.1093/gmo/9781561592630.article.a2224535,N
10.4324/9781315768595-9,N
10.4324/9781003089889-24,Y
10.3102/2275945,Y
10.37200/ijpr/v24i1/pr200275,N
10.1109/icmi.2002.1167044,Y
10.1177/1469787415616720,Y
10.4135/9781483328782.n2,N
10.4324/9781003593713-6,N
10.1002/9781119419310.ch2,N
10.55277/researchhub.xbmxb08p,N
10.1080/14626269009409092,N
10.4135/9781473944862,N
10.3390/educsci13040402,N
10.1123/iscj.2023-0060,Y
10.4324/9781003400134-6,U
10.2752/9780857854148/aesecofash0008,N
10.1002/9783527678679.dg11875,N
10.1097/00004650-199707000-00006,N
10.51420/conf.2023.1,Y
10.4135/9781412986076.n4,N
10.1111/bjet.12125,Y
10.4324/9781003232322-3,Y
10.1007/978-3-540-70939-8_40,Y
10.4324/9781003569916-6,N
10.14198/jhse.2021.164.18,N
10.1201/9781315597584-12,Y
10.1007/978-3-642-13437-1_29,N
10.1007/0-387-28809-0_45,N
10.4324/9781003160939-32,Y
10.1007/978-1-4684-6350-7_2,Y
10.4324/9781041054351-2,Y
10.15823/sm.2017.1,Y
10.1891/9780826180094.0027,Y
10.7551/mitpress/14877.003.0015,N
10.1177/10451595231184928,N
10.4324/9781315102450-12,Y
10.1057/9780230362963.0008,Y
10.1017/9781108894333.046,Y
10.1016/s1389-0417(99)00005-4,Y
10.26226/morressier.60780408dc2fa1af56246908,N
10.37766/inplasy2025.10.0104,Y
10.1371/journal.pone.0132935,N
10.4135/9781529738742.n6,N
10.1016/j.eswa.2012.05.026,N
10.12800/ccd.v10i28.517,Y
10.4324/9780203056899-16,Y
10.4324/9781003028642-16,Y
10.5296/ijl.v3i1.795,Y
10.1007/978-981-13-5898-2_5,N
10.1023/a:1003089914104,N
10.1109/aiccsa.2001.933949,N
10.5040/9781350031937.ch-008,N
10.1167/11.11.679,N
10.2307/jj.19307125.2,N
10.1016/j.idnow.2024.104893,N
10.1007/978-3-642-13437-1_69,N
10.1016/j.learninstruc.2022.101633,N
10.4018/978-1-6684-7366-5_315812,N
10.4324/9781003089889-27,Y
10.1017/cbo9780511609817.017,Y
10.18653/v1/2022.emnlp-main.498,N
10.4324/9781003235385,N
10.1007/s10857-014-9289-0,Y
10.1007/978-3-319-46753-5_18,Y
10.1167/18.10.324,N
10.1057/9781137440068.0015,N
10.1057/9780230362963.0030,U
10.15858/engtea.66.4.201112.73,N
10.21313/hawaii/9780824835439.001.0001,N
10.1145/3657604.3664681,Y
10.15408/es.v10i1.8092,N
10.4324/9781003160939-12,Y
10.22251/jlcci.2025.25.8.41,N
10.4324/9781315768595-12,N
10.1207/s15516709cog2704_3,N
10.1123/iscj.2017-0051,Y
10.2196/preprints.68309,Y
10.4324/9781003593713,N
10.1080/00948705.2019.1613160,N
10.15358/9783800677498-56,Y
10.4324/9781003051343-12,N
10.5353/th_b4544202,N
10.15823/p.2022.146.5,N
10.1163/9789004410497_002,N
10.1037/e654552010-001,Y
10.25208/vdv16936-159938,N
10.4324/9781315808321,N
10.1080/20004508.2021.1876299,Y
10.4324/9781003035725,N
10.1302/3114-210684,N
10.1891/9780826140081.0012,N
10.57030/23364890.cemj.31.1.86,N
10.5771/9781475865028-105,N
10.28919/jmcs/4567,N
10.1108/oxan-db254749,N
10.1016/j.eswa.2018.02.005,N
10.1017/cbo9781139015684.012,N
10.4324/9780203383889-18,N
10.4135/9781473935587,Y
10.4324/9780429351037-17,Y
10.1007/s42321-018-0009-1,N
10.1007/s10664-023-10300-3,N
10.2307/jj.19307125.5,N
10.7717/peerj.21778/table-3,N
10.1017/cbo9780511816796.023,Y
10.1007/s40299-021-00607-4,Y
10.32038/frsl.2023.01.09,N
10.4324/9781003041689-5,N
10.4135/9781446251577.n12,Y
10.4324/9781410617071-24,N
10.1016/b978-0-12-099975-0.x5000-3,N
10.1093/acprof:oso/9780195309607.003.0003,Y
10.4324/9781315443720-21,N
10.1080/14753634.2010.489386,Y
10.1177/02557614251338549,N
10.1201/9781003566007-3,N
10.1163/2210-7363_ecll_com_000296,N
10.1093/ww/9780199540884.013.u10000336,N
10.4018/978-1-59140-860-4.ch010,Y
10.1016/s0742-051x(97)00018-8,Y
10.54859/kjogi108021-65492,N
10.4324/9781003091615-3,N
10.22251/jlcci.2023.23.20.999,N
10.1002/bdm.397,Y
10.19164/gjsscmr.v1i3.1569,Y
10.14325/mississippi/9781496819215.003.0015,N
10.4324/9781410604200-28,Y
10.4324/9781315102450-1,N
10.59350/snw2h-c5f75,Y
10.31234/osf.io/fc3da_v3,Y
10.1201/9781351076203-1,N
10.1016/j.jvoice.2014.09.017,N
10.4324/9780429433832,N
10.30827/digibug.70280,Y
10.1007/978-981-13-5898-2,N
10.37514/wln-j.2019.43.9.05,Y
10.2307/jj.25291735.38,N
10.1260/1747-9541.10.6.1001,Y
10.1016/j.tate.2022.103652,Y
10.4016/9362.01,N
10.7717/peerj-cs.315/fig-3,N
10.1016/j.jmig.2019.09.509,Y
10.61608/9783775761390-001,N
10.4324/9781315854830-18,N
10.1007/978-3-032-11842-4_1,N
10.22251/jlcci.2025.25.12.877,N
10.1002/9781118089965.app2,N
10.4324/9780203806913-24,Y
10.1108/et-12-2017-0200,Y
10.1007/978-1-4419-7707-6_12,Y
10.7551/mitpress/13711.003.0002,N
10.3233/icg-2007-30110,N
10.5040/9781474212304,N
10.37473/dac/10.3390/sym13101821,N
10.1109/64.207424,N
10.1037/e577262012-005,Y
10.1109/ro-man60168.2024.10731328,Y
10.4018/978-1-61350-447-5.ch011,N
10.4018/978-1-59904-768-3.ch001,N
10.1007/978-3-662-70726-5_10,N
10.4324/9781003089889-28,Y
10.4324/9781003041689-6,N
10.1093/acprof:oso/9780195309607.003.0008,N
10.4324/9780203125229-5,N
10.1111/ijal.70053/v1/review1,N
10.1515/9780691265896-024,N
10.31234/osf.io/h9473,N
10.1007/springerreference_302577,N
10.1257/rct.8933-1.1,N
10.3102/1436528,Y
10.4324/9781410617071-23,Y
10.4324/9781410617071-15,Y
10.1353/amu.2011.a407116,N
10.4324/9781032633534-6,N
10.4324/9781351272643-4,Y
10.1163/9789004410497_003,N
10.25236/ijnde.2023.050718,Y
10.5040/9798881833435.ch-001,Y
10.1037/e574162010-001,Y
10.1177/1747954117727646,Y
10.7190/shu-thesis-00508,Y
10.1037/e359782004-012,N
10.1353/chapter.1195832,N
10.1016/b978-008043361-5/50018-3,N
10.1007/978-3-642-30950-2_127,N
10.1037/e449252006-001,Y
10.4324/9780203132623.ch12,Y
10.1385/1-59259-335-6:075,N
10.2307/jj.19307125.9,N
10.20868/upm.thesis.1936,N
10.4324/9781003291879-16,N
10.4324/9780429354700-45,N
10.1017/cbo9780511609817.018,Y
10.1609/aaai.v28i1.8784,Y
10.3389/fnagi.2017.00084,N
10.31274/rtd-20200716-54,Y
10.4135/9781446251577.n9,Y
10.59350/b67f9-mpg60,Y
10.1016/j.eswa.2022.117474,N
10.21956/mep.19573.r29043,N
10.1007/3-540-47987-2_65,Y
10.1108/oxan-es254315,N
10.38151/akef.2022.16,N
10.1097/00000542-199904000-00045,N
10.4324/9780429296482-5,N
10.1007/978-3-031-63031-6_26,N
10.21449/ijate.593636,N
10.5539/elt.v18n9p12,N
10.5840/bpej198543/426,N
10.2478/v10237-012-0021-7,Y
10.4324/9781003604600-9,Y
10.1017/s0265051723000220,N
10.5040/9798881833435.ch-004,Y
10.1108/oxan-es270595,N
10.4324/9781315102450-8,Y
10.1515/9780691265896-026,N
10.1108/oxan-es198900,N
10.65645/3105-9104.1000,N
10.7748/ns2008.01.22.19.30.b708,Y
10.4324/9781315443720-7,N
10.31979/etd.625m-3qze,N
10.1007/3-540-68716-5_86,N
10.4324/9780429354700-38,N
10.1163/9789004410497_005,N
10.5040/9798881833435.ch-005,Y
10.33828/sei.v29.i2.3,N
10.5860/crln.75.3.9085,N
10.5220/0014609200004852,N
10.4135/9781071845417.n1,N
10.4324/9781003232322-2,Y
10.21832/9781800411241-008,Y
10.1097/iyc.0000000000000200,Y
10.1177/1747954116676113,Y
10.2139/ssrn.2921353,N
10.1057/9780230307209_22,Y
10.1108/oxan-db276406,N
10.4135/9781412971980.n148,N
10.4324/9781315174242-3,Y
10.1093/applin/amaf033,Y
10.1007/978-3-662-03037-0_8,Y
10.1080/13611267.2011.597118,Y
10.1016/j.tate.2022.103906,N
10.4324/9780203934333-12,N
10.65961/ajelt-2012-1-001,N
10.21203/rs.3.rs-9923765/v1,Y
10.31838/jcr.07.11.17,N
10.1002/bdm.391,Y
10.4324/9781410604200-34,N
10.4324/9781315102450-15,Y
10.21203/rs.3.rs-8701114/v1,Y
10.1515/9781503605060-006,Y
10.1007/978-3-319-76378-1_4,Y
10.1163/9789004410497_021,N
10.17265/2159-5526/2017.01.006,N
10.32657/10356/182528,N
10.1109/icprime.2013.6496465,N
10.1371/journal.pone.0105843,N
10.1080/21640629.2014.901712,Y
10.32469/10355/44165,N
10.2307/jj.22730662.10,Y
10.1007/s10677-012-9367-2,Y
10.1071/9781486308934.bk07812_ch03,N
10.2307/jj.22730662.14,Y
10.4324/9780429354700-32,N
10.1007/978-3-662-70726-5_11,N
10.4324/9781003288961-15,Y
10.4324/9781003390527-3,Y
10.1007/s11251-016-9367-z,Y
10.1126/science.310.5754.1599b,N
10.4324/9781003400141-4,U
10.1017/cbo9781139524698.004,Y
10.2307/j.ctv1mgm7ng.3,N
10.5220/0005188503040311,N
10.1163/9789004410497_014,N
10.21278/idc.2018.0159,Y
10.1016/j.eswa.2009.12.011,N
10.1123/att.8.2.34,N
10.4324/9781315576855-22,N
10.4324/9781410604200-19,Y
10.59350/5ry62-hv582,Y
10.4337/9781035321544.00025,Y
10.1007/978-3-662-70726-5,N
10.4324/9781003685951-10,Y
10.1007/springerreference_226146,Y
10.4324/9780429351037-14,Y
10.1007/978-3-319-46753-5_14,Y
10.1123/jsp.1.4.262,N
10.1353/ccr.2025.a966460,N
10.1002/(sici)1098-237x(199706)81:3<277::aid-sce2>3.0.co;2-a,N
10.4135/9781483329666.n6,Y
10.1093/anb/9780198606697.article.1900152,N
10.1108/oxan-db213910,N
10.1097/xcs.0000000000001506,Y
10.18260/1-2--30762,N
10.4337/9781035314812.00017,N
10.4324/9780429325977-15,N
10.1007/3-540-55606-0_6,Y
10.21236/ada412016,Y
10.1037/edu0000691.supp,Y
10.3389/feduc.2025.1528603,Y
10.4324/9781003008057,N
10.1016/j.learninstruc.2006.07.003,Y
10.1037/e354072004-001,Y
10.1093/acref/9780195301731.013.45613,N
10.1007/978-1-4613-9733-5_14,Y
10.1080/0163853x.2013.797241,N
10.4324/9781315122724-26,Y
10.4324/9780203803165,N
10.1037/e548052012-355,N
10.1371/journal.pone.0290808,N
10.17682/sportjournal/2015.003,Y
10.4324/9781315472256-21,Y
10.4324/9780203844441-7,Y
10.14418/5cxz1owj,N
10.4324/9781003099345-7,N
10.1080/1046560x.2021.1966161,Y
10.1093/gmo/9781561592630.article.46873,N
10.5040/9781718206694.ch-013,Y
10.4135/9781446217375.n10,N
10.4324/9780203062692-22,N
10.1145/3249876,N
10.4135/9781071845417.n4,N
10.5040/9798216977643.0010,N
10.4135/9781036233556.n22,Y
10.5040/9781350162488.ch-027,N
10.1167/jov.20.11.140,N
10.5771/9781607094159-3,Y
10.1515/9780691265896-007,N
10.4135/9781529775068,N
10.1123/jce.3.2.74,Y
10.55877/cc.vol17.71,N
10.58837/chula.pasaa.26.1.5,Y
10.1123/ijsc.2.2.205,Y
10.1093/oso/9780190694333.001.0001,N
10.1007/978-3-662-70726-5_9,N
10.4135/9781071887097.n7,N
10.1891/9780826125996.0006,Y
10.62710/sjw8e348,Y
10.64240/56d2d5715a,N
10.1111/j.1937-8327.2001.tb00227.x,Y
10.1167/11.14.3,N
10.31390/gradschool_disstheses.7198,N
10.1037/11669-000,Y
10.4324/9781003472438-13,Y
10.1371/journal.pone.0252623,N
10.4324/9781410617071-6,Y
10.1109/wkdd.2009.227,N
10.3990/1.9789036552608,Y
10.1163/9789004410497_017,N
10.1093/acprof:oso/9780199680788.003.0010,N
10.1007/978-94-009-3249-4_3,N
10.1007/978-3-642-30950-2_72,Y
10.21832/9781800411241-011,Y
10.3828/dap.2023.4,N
10.1108/978-1-62396-516-720251018,N
10.1093/humrep/deh115,N
10.4324/9781003148418,N
10.1109/icesd.1994.302262,N
10.1037/0000442-002,Y
10.1186/isrctn33648117,N
10.1108/oxan-es259497,N
10.2139/ssrn.4479173,N
10.7551/mitpress/9780262035477.003.0005,N
10.1016/j.eswa.2012.04.052,N
10.21275/sr22413090432,N
10.4324/9781003400141-10,U
10.1097/bco.0b013e31827df3de,N
10.4324/9781003041689,N
10.4324/9781003153450-9,Y
10.1145/632716.632769,Y
10.2139/ssrn.7518999,N
10.51952/9781529254709,N
10.4337/9781035341641.00016,Y
10.1080/14626269109408276,N
10.1007/s11016-014-9934-3,N
10.4135/9789351507956.n4,Y
10.1177/1747954120971755,N
10.1007/s11613-018-0533-9,N
10.4324/9780429354700-11,N
10.1016/j.tate.2023.104099,Y
10.1093/gmo/9781561592630.article.j433000,N
10.58809/klex7726,Y
10.1167/10.7.1193,N
10.1108/oxan-es273114,N
10.1037/e527342012-854,N
10.4324/9781315796253-7,U
10.5771/2747-6073-2018-3-26,Y
10.4324/9780203994986-22,Y
10.32388/12kxdj,Y
10.4324/9781003545484-12,Y
10.1093/med:psych/9780195317046.003.0010,N
10.31979/etd.7ukx-f86x,N
10.1007/979-8-8688-2151-6_2,Y
10.1080/13573322.2022.2086113,Y
10.5353/th_b3123450,Y
10.1145/3368089.3417932,N
10.4324/9781315472256-27,Y
10.1080/09593985.2021.1987601,Y
10.5040/9781718206694.ch-018,Y
10.1167/15.12.1041,N
10.1080/02640419508732253,N
10.1111/j.1556-4029.2011.01714.x,Y
10.71097/ijsat.v16.i4.9190,N
10.1108/oxan-es261372,N
10.5040/9798216188414.ch-005,N
10.64628/aa.cmegvp3x3,N
10.5040/9798881833435.ch-002,Y
10.1016/j.learninstruc.2025.102142,Y
10.1108/978-1-64802-502-020251018,Y
10.4324/9780203876350-11,Y
10.4324/9781003400622-14,Y
10.1108/978-1-80382-677-620221010,N
10.26686/wgtn.29063822,N
10.1080/00461520.2011.611369,Y
10.1260/1747-9541.9.3.457,N
10.22251/jlcci.2022.22.22.1141,N
10.1364/fio.2005.fthi3,N
10.1007/s11251-015-9363-8,Y
10.4324/9780203356630_chapter_7,N
10.4324/9781003656616-5,Y
10.1007/978-3-658-13510-2_5,N
10.2307/j.ctv2rr3dwz.10,N
10.1093/med:psych/9780190222505.003.0005,N
10.4324/9781003400134-4,U
10.1007/s10648-007-9054-3,Y
10.14221/ajte.2021v46n8.6,Y
10.4324/9780429053573-6,N
10.4324/9781003444817-5,N
10.1007/978-3-642-13388-6_44,Y
10.4324/9780429296482,N
10.64628/aai.95cqrak33,N
10.38140/ijer-2024.vol6.38,N
10.12775/qs.2016.019,Y
10.1108/oxan-es265722,N
10.1016/b978-0-12-373594-2.00008-3,N
10.4324/9781003127055-5,Y
10.1111/j.1468-0394.1988.tb00346.x,Y
10.22201/fca.24488410e.2024.4861,N
10.22251/jlcci.2023.23.18.945,N
10.1109/mex.1987.4307101,N
10.24235/eltecho.v5i2.6743.s1584,N
10.11606/d.3.1997.tde-08112024-095001,N
10.4324/9780203857427-10,Y
10.5040/9798881847098.0009,Y
10.5204/thesis.eprints.112507,N
10.51896/rilcods.v6i62.728,N
10.2307/jj.19307125.13,N
10.4324/9781138609877-ree6-1,Y
10.28925/2414-0325.2018.5.123132,Y
10.1016/j.eswa.2024.124283,N
10.4324/9780429058721-8,Y
10.4324/9781003235385-8,N
10.1016/j.jss.2024.04.090,Y
10.1037/e506052006-003,N
10.23880/oajda-16000138,N
10.1371/journal.pone.0138744,N
10.1057/9781137359209.0024,Y
10.51952/9781529254709.ch001,N
10.4324/9781315854540-11,Y
10.17239/jowr-2021.12.03.02,N
10.1017/9781009024648.013,N
10.1167/jov.24.10.1034,N
10.1007/s11613-015-0427-z,Y
10.1123/iscj.2019-0005,Y
10.4135/9781412972000.n132,N
10.1017/s1930297500001388,Y
10.1109/vlhcc.2015.7357199,N
10.4324/9781041054351-3,Y
10.1260/1747-9541.4.1.121,Y
10.1068/p5262,N
10.4135/9781412971980.n147,N
10.1201/b21363,N
10.1007/978-981-13-5898-2_1,N
10.4324/9780203976272-10,N
10.21236/ada199076,Y
10.1109/csse.2008.259,N
10.31234/osf.io/fc3da_v1,Y
10.1093/med/9780199366149.003.0005,Y
10.1108/oxan-es263470,N
10.1177/0272989x03260136,N
10.4324/9781315472256-12,Y
10.1145/3613905.3647957,Y
10.7717/peerj.1013/fig-2,N
10.7551/mitpress/10406.003.0011,N
10.1017/s1930297500002060,Y
10.1097/00001888-199305000-00011,Y
10.1201/9781032661391-2,N
10.4324/9780367766924-ress121-1,Y
10.1525/9780520958739-014,N
10.4018/978-1-4666-1782-7.ch004,N
10.4324/9780203134252-9,N
10.1515/9783111002415-007,Y
10.4135/9781412986076.n2,N
10.3030/739813,N
10.7717/peerj.10998/supp-9,N
10.1007/978-3-642-77202-3_19,N
10.7717/peerj.14892/fig-1,N
10.1007/978-981-10-8848-3_3,N
10.4324/9781315266343-34,N
10.21125/inted.2019.2175,N
10.1093/gmo/9781561592630.article.j755800,N
10.5353/th_b3122706,N
10.3726/978-3-653-01977-3/15,N
10.4324/9781315768595-11,N
10.1097/00001888-199508000-00015,Y
10.14236/ewic/ndm2009.11,Y
10.1515/9781503605060-008,Y
10.22251/jlcci.2021.21.14.301,N
10.1365/s40896-017-0019-3,Y
10.1177/0001848191041003001,N
10.3102/2189467,Y
10.1515/9781503605060-007,Y
10.1080/08924562.1988.10591631,N
10.5204/thesis.eprints.240795,N
10.5040/9798881821104.ch-i,N
10.4324/9780203730188-17,Y
10.31390/gradschool_disstheses.7184,N
10.2196/preprints.90374,N
10.46423/izujed.752446,N
10.31237/osf.io/4yfrv,N
10.4324/9781003595755-7,N
10.7551/mitpress/11307.003.0009,Y
10.14264/accf2b2,N
10.4324/9781138610514-2,N
10.1177/030573569302100103,Y
10.33915/etd.6939,Y
10.4324/9781003020189-8,N
10.1142/9789813146976_0021,N
10.1109/cseet49119.2020.9206173,N
10.4324/9781410603418-14,Y
10.1007/s11613-024-00915-w,N
10.3390/bs16010029,Y
10.1007/978-3-642-30950-2_105,Y
10.1123/iscj.2018-0041,Y
10.4324/9781003184430-8,Y
10.5951/mtlt.2024.0151,Y
10.1515/9780691265896-011,N
10.4324/9780429433832-1,N
10.1787/888933315534,N
10.4324/9781003400141-7,U
10.3102/1881880,Y
10.2139/ssrn.2076543,N
10.4135/9781506377407.n8,N
10.1109/tse.2023.3319509,N
10.4324/9780203976647-11,Y
10.4324/9781351272643,N
10.1016/s1530-891x(20)46634-0,N
10.2307/jj.19307125.21,N
10.7771/1541-5015.1533,Y
10.4324/9781315660028,Y
10.1109/cbms.1992.245015,Y
10.4324/9780203133712-28,Y
10.4324/9781003400134-9,U
10.2307/j.ctt46nxr5.19,Y
10.4324/9781003400622-21,Y
10.1007/978-94-007-0250-9,N
10.1080/02701367.2019.1686451,Y
10.4324/9781315817507,Y
10.7717/peerj.1709/supp-1,N
10.1093/anb/9780198606697.article.1901010,N
10.1097/00005768-199705001-01124,N
10.4324/9781003035725-4,Y
10.4324/9781003426448-12,N
10.4324/9781003288978-15,N
10.64628/ab.u63wjt69w,N
10.4324/9781003232322-9,Y
10.1109/tale66047.2025.11346609,N
10.4324/9781351139762-1,Y
10.4324/9780429322389-1,Y
10.4324/9780203141939-30,N
10.1207/s1532690xci0504_5,N
10.1109/educon52537.2022.9766761,N
10.11606/d.45.2005.tde-20210729-144719,N
10.1515/9783110879032.364,Y
10.4324/9781315102450-13,Y
10.5897/err2017.3370,N
10.4324/9780203797730-17,Y
10.3390/educsci15050603,Y
10.1201/b13018-7,N
10.4324/9781041054351-9,N
10.1108/oxan-es229856,N
10.2307/j.ctv2rh29ff.8,Y
10.4324/9780203433096-23,Y
10.17161/jas.v7i2.14582,N
10.14236/ewic/ndm2009.57,Y
10.1002/bdm.386,Y
10.1108/20466851211231620,Y
10.1080/19388070609558453,Y
10.1145/1272848.1272896,N
10.1016/j.learninstruc.2006.02.008,Y
10.4324/9780203056899-17,Y
10.14221/ajte.2014v39n7.9,Y
10.4324/9781003593713-25,N
10.1016/j.ijhcs.2003.12.017,N
10.1108/14777280610688014,Y
10.1007/3-540-45323-7_72,N
10.21125/iceri.2020.0158,Y
10.52086/001c.36066,Y
10.1007/978-3-031-46019-7_1,Y
10.1093/ww/9780199540884.013.10000336,N
10.2139/ssrn.5555222,N
10.1111/bjep.12547,Y
10.1371/journal.pone.0207962,N
10.1542/9781610027151-ch29,N
10.1145/142040.142052,N
10.4324/9781003294139-17,Y
10.17323/jle.2025.19854,N
10.1093/ww/9780199540884.013.14833,N
10.1093/med/9780198722373.003.0006,N
10.1007/3-540-45108-0_46,N
10.7202/1121998ar,N
10.1002/hrm.3930160303,N
10.1097/nsg.0000000000000328,Y
10.1080/21640629.2014.908626,Y
10.4324/9780203646564-20,N
10.2139/ssrn.4510558,N
10.33915/etd.13272,N
10.24059/olj.v29i2.4469,Y
10.24114/jgk.v7i1.40992,N
10.21437/interspeech.2005-704,N
10.4324/9781410608871-20,Y
10.4324/9781003656616-1,Y
10.1177/0305735692202003,Y
10.20419/2023.32.569,Y
10.1007/978-3-032-11842-4_9,N
10.22251/jlcci.2022.22.12.420,N
10.54499/2021.04891.bd,N
10.21437/interspeech.2006-284,N
10.1108/oxan-es265065,N
10.62811/th.0159,Y
10.4324/9781410617088-16,Y
10.1542/9781610027151-ch17,N
10.1007/s11613-021-00712-9,Y
10.4324/9781003604600-17,N
10.4324/9780429354700-14,N
10.1109/hri.2013.6483539,Y
10.4324/9780429325977-19,U
10.4324/9780429296482-7,Y
10.1016/j.chb.2007.05.010,N
10.5771/9781475817638-31,Y
10.4324/9781410604200-29,Y
10.30827/digibug.71157,Y
10.1504/jdr.2004.009846,Y
10.1080/0968465970040306,N
10.1167/9.6.7,N
10.58809/uucv5285,N
10.32642/ncpdje.v5i0.1250,N
10.1017/cbo9781139015684.013,Y
10.1007/978-3-540-69132-7_65,Y
10.1515/9780691265896-005,N
10.4324/9780429296482-27,N
10.1108/oxan-es203243,N
10.7717/peerj.9798/fig-1,N
10.1080/0142159x.2025.2513418,Y
10.7717/peerj.15852/fig-1,N
10.5040/9798881847098.0023,Y
10.18293/seke2022-022,N
10.22251/jlcci.2021.21.20.821,N
10.1080/135625100114984,Y
10.1093/oso/9780198871569.003.0004,Y
10.3102/2187310,Y
10.5220/0009925412241230,N
10.22215/etd/2023-15821,N
10.1002/9781119695417.ch7,Y
10.22251/jlcci.2023.23.16.249,N
10.4135/9781071845417.n3,Y
10.4324/9781003472438-5,Y
10.1515/9780691265896-012,N
10.1177/1747954115624821,Y
10.1037/e537052012-203,N
10.7330/9780874216622.c006,N
10.1109/t4e.2015.2,Y
10.1108/oxan-es278886,N
10.3389/feduc.2026.1896839,Y
10.1163/9789004505452_001,N
10.1109/64.506754,N
10.2139/ssrn.5954659,N
10.4324/9781003566663,N
10.1007/978-981-19-0634-3_3,N
10.1007/978-3-531-19343-4_17,Y
10.1016/j.teln.2021.06.008,N
10.1108/oxan-es207654,N
10.1515/9783111002415-011,Y
10.37811/cli_w920,N
10.1159/000320633,N
10.1080/00336297.2025.2494505,Y
10.4324/9781003390527-4,Y
10.1177/1555343416654629,N
10.1177/17479541221077052,Y
10.54859/kjogi108021-65491,N
10.4324/9780203876350-14,Y
10.1057/9781137298881.0011,N
10.65528/9780807776261-007,Y
10.1016/j.jsurg.2024.09.004,Y
10.1002/9781118089965.app4,N
10.1016/j.eswa.2016.05.030,N
10.2196/preprints.101820,N
10.1007/s11613-010-0185-x,N
10.1007/978-3-032-11842-4_6,Y
10.21088/cphn.2455.8621.1216.11,N
10.1093/oso/9780190945305.003.0011,N
10.66669/cineforum.v66is5.1439,N
10.17161/jcel.v6i1.18490,Y
10.4135/9781526422392.n3,N
10.37134/mrj.vol13.1.4.2024,N
10.1177/1321103x19899172,Y
10.1093/acref/9780195301731.013.36941,N
10.5040/9781472552846.ch-007,N
10.20325/kca.2026.18.4.25,N
10.14264/366360,Y
10.7717/peerj-cs.3501/fig-7,N
10.1007/3-540-46154-x_59,N
10.4324/9781003179733-12,Y
10.4324/9781351130554-29,Y
10.4324/9780429351037-10,Y
10.3102/1431086,N
10.1145/63266.63267,Y
10.31274/etd-180810-4988,N
10.1080/02640414.2011.635310,Y
10.22533/at.ed.558282201043,N
10.31390/gradschool_theses.2861,N
10.1093/eurjpc/zwab061.380,N
10.1108/oxan-es250116,N
10.29333/pr/15647,N
10.4324/9781003595755-18,Y
10.1007/978-3-031-13540-8_5,N
10.5040/9781718214125.ch-005,N
10.1016/s0020-7373(87)80058-5,Y
10.53841/bpstcp.2005.1.2.3,Y
10.4324/9781003320104-4,N
10.5771/9781475865028-1,N
10.1016/c2013-0-00321-0,N
10.52383/itfcoaching.v29i84.204,N
10.1108/9781803826776,N
10.1007/979-8-8688-0995-8,N
10.1109/wi-iat.2010.17,N
10.1542/9781610027151-ch4,N
10.1037/e344792004-001,Y
10.30534/ijatcse/2019/7781.42019,N
10.1063/1.1807271,Y
10.7196/ajhpe.2016.v8i1.769,N
10.1257/rct.13801-1.0,N
10.1177/002248719104200407,Y
10.32920/21696128,N
10.1007/978-3-032-31188-7_12,Y
10.4995/eurocall2025.2025.21191,N
10.4135/9781483300252.n2,Y
10.2139/ssrn.5287873,N
10.1097/00006223-199611000-00005,Y
10.1108/978-1-68123-793-020251008,Y
10.1080/08924562.2017.1297748,Y
10.4324/9781003400134-2,Y
10.3928/0148-4834-19931001-10,Y
10.2139/ssrn.1002864,N
10.1002/9780470752937.ch30,N
10.1108/oxan-es212827,N
10.2307/j.ctt7s1cd.4,N
10.1063/1.2820905,Y
10.1542/9781610027151-ch22,N
10.1177/17418305261475844,Y
10.1111/j.1365-2524.2010.00978.x,N
10.4324/9781003595755-19,Y
10.1109/roman.2012.6343861,Y
10.33915/etd.10887,Y
10.1177/10464964251350659,N
10.4324/9780203934333-14,N
10.1177/154193121005402713,Y
10.1007/s11613-019-00599-7,N
10.4324/9780429433832-7,N
10.1080/01587919.2012.723167,Y
10.4324/9780203976647-13,N
10.3758/brm.40.3.673,Y
10.1123/iscj.2024-0136,Y
10.47750/jett.2023.14.05.015,N
10.1542/9781610027151-ch7,N
10.1080/2331186x.2021.1901641,N
10.4324/9780429296482-21,N
10.1080/13573322.2025.2522285,N
10.12794/metadc2137550,Y
10.4324/9780429354700-19,N
10.4324/9781315854830,Y
10.1093/gmo/9781561592630.article.28557,N
10.5040/9781350961357,Y
10.1007/978-3-319-07221-0_38,N
10.1007/978-981-13-5898-2_15,N
10.4324/9780203994986-18,Y
10.4324/9781315102450-5,Y
10.4018/979-8-3373-2637-5.ch007,Y
10.1037/11669-001,Y
10.2307/jj.19307125.28,N
10.1177/1555343416672557,Y
10.4135/9781483300252.n4,Y
10.4324/9781003161851-2,N
10.4324/9780203062340-16,N
10.4324/9781410601247-8,N
10.4324/9781315102450-17,Y
10.2139/ssrn.2212895,Y
10.36948/ijfmr.2026.v08i01.66719,N
