claim_id,verdict,corrected_locator,corrected_date,corrected_paraphrase,drop_quote,practiced,gap_url,basis
a-01-f000530-c2,DATE-WRONG,,2023-11-01,,,unknown,,recheck
a-01-f000543-c1,DATE-WRONG,,2023-11-05,,,unknown,,recheck
a-02-f000957-c1,CONFIRMED,,,,,unknown,,file
a-02-f000977-c1,CONFIRMED,,,,,unknown,,file
a-02-f001053-c1,CONFIRMED,,,,,unknown,,file
a-02-f001181-c1,CONFIRMED,,,,,unknown,,recheck
a-sB01-f000149-c1,CONFIRMED,,,,,unknown,,file
a-sB01-f000149-c2,CONFIRMED,,,,,unknown,,file
a-sB01-f000149-c3,CONFIRMED,,,,,unknown,,recheck
a-sB01-f000217-c1,CONFIRMED,,,,,unknown,,file
a-sB01-f000217-c2,CONFIRMED,,,,,unknown,,file
a-sB01-f000217-c3,CONFIRMED,,,,,unknown,,file
a-sB01-f000217-c4,CONFIRMED,,,,,unknown,,file
a-sB01-f000217-c5,CONFIRMED,,,,,unknown,,file
a-sB01-f000227-c1,CONFIRMED,,,,,unknown,,file
a-sB01-f000227-c2,CONFIRMED,,,,,unknown,,file
a-sB01-f000227-c3,CONFIRMED,,,,,unknown,,file
a-sB01-f000227-c4,CONFIRMED,,,,,unknown,,file
a-sB02-f000256-c1,CONFIRMED,,,,,unknown,,file
a-sB02-f000256-c10,CONFIRMED,,,,,unknown,,file
a-sB02-f000256-c11,CONFIRMED,,,,,unknown,,file
a-sB02-f000256-c12,CONFIRMED,,,,,unknown,,file
a-sB02-f000256-c13,CONFIRMED,,,,,unknown,,file
a-sB02-f000256-c14,CONFIRMED,,,,,unknown,,file
a-sB02-f000256-c15,CONFIRMED,,,,,unknown,,file
a-sB02-f000256-c16,CONFIRMED,,,,,unknown,,file
a-sB02-f000256-c17,CONFIRMED,,,,,unknown,,file
a-sB02-f000256-c2,CONFIRMED,,,,,unknown,,file
a-sB02-f000256-c3,CONFIRMED,,,,,unknown,,file
a-sB02-f000256-c4,CONFIRMED,,,,,unknown,,file
a-sB02-f000256-c5,CONFIRMED,,,,,unknown,,file
a-sB02-f000256-c6,CONFIRMED,,,,,unknown,,file
a-sB02-f000256-c7,CONFIRMED,,,,,unknown,,file
a-sB02-f000256-c8,CONFIRMED,,,,,unknown,,file
a-sB02-f000256-c9,CONFIRMED,,,,,unknown,,file
a-sB04-f000227-c1,CONFIRMED,,,,,unknown,,file
a-sB04-f000227-c2,CONFIRMED,,,,,unknown,,file
a-sB04-f000227-c3,CONFIRMED,,,,,unknown,,recheck
a-sB04-f000227-c4,CONFIRMED,,,,,unknown,,recheck
a-sB04-f000227-c5,CONFIRMED,,,,,unknown,,file
a-sR01-f000227-c1,CONFIRMED,,,,,unknown,,file
a-sR01-f000227-c2,CONFIRMED,,,,,unknown,,recheck
a-sR01-f000538-c1,CONFIRMED,,,,,unknown,,file
a-sR01-f000538-c2,CONFIRMED,,,,,unknown,,file
a-sR01-f000538-c3,CONFIRMED,,,,,unknown,,file
a-sR04-f001096-c1,CONFIRMED,,,,,unknown,,file
a-sR04-f001096-c2,CONFIRMED,,,,,unknown,,file
a-sR05-f001981-c1,CONFIRMED,,,,,unknown,,file
a-sR05-f001981-c2,CONFIRMED,,,,,unknown,,file
a-sR06-f001989-c1,CONFIRMED,,,,,unknown,,file
a-sR06-f001989-c2,CONFIRMED,,,,,unknown,,file
a-sR06-f002005-c1,CONFIRMED,,,,,unknown,,file
a-sR06-f002016-c1,CONFIRMED,,,,,unknown,,file
a-sR07-f002155-c1,CONFIRMED,,,,,unknown,,file
a-sR07-f002155-c2,CONFIRMED,,,,,unknown,,file
a-sR07-f002271-c1,CONFIRMED,,,,,unknown,,file
a-sR07-f002271-c2,CONFIRMED,,,,,unknown,,recheck
a-sR07-f002341-c1,CONFIRMED,,,,,unknown,,file
a-sR07-f002347-c1,CONFIRMED,,,,,unknown,,file
a-sR08-f002685-c1,CONFIRMED,,,,,unknown,,recheck
a-sR08-f002685-c2,CONFIRMED,,,,,unknown,,file
a-sR08-f003033-c1,CONFIRMED,,,,,unknown,,file
a-sR08-f003082-c1,CONFIRMED,,,,,unknown,,recheck
a-sR08-f003580-c1,CONFIRMED,,,,,unknown,,recheck
a-sR09-f003702-c1,CONFIRMED,,,,,unknown,,file
a-sR11-f003983-c1,CONFIRMED,,,,,unknown,,file
a-sR11-f003983-c2,CONFIRMED,,,,,unknown,,file
a-sR11-f004170-c1,CONFIRMED,,,,,unknown,,file
a-sR13-f004586-c1,CONFIRMED,,,,,unknown,,file
a-sR13-f004586-c2,CONFIRMED,,,,,unknown,,file
a-sR13-f004586-c3,CONFIRMED,,,,,unknown,,recheck
a-sR13-f004685-c1,CONFIRMED,,,,,unknown,,file
a-sR13-f004685-c2,CONFIRMED,,,,,unknown,,file
a-sR13-f004685-c3,CONFIRMED,,,,,unknown,,file
a-sR14-f004865-c1,CONFIRMED,,,,,unknown,,recheck
a-sR14-f004865-c2,CONFIRMED,,,,,unknown,,file
a-sR14-f005287-c1,CONFIRMED,,,,,unknown,,file
a-sR14-f005702-c1,CONFIRMED,,,,,unknown,,file
a-sR14-f007341-c1,CONFIRMED,,,,,unknown,,file
a-sR15-f008241-c1,CONFIRMED,,,,,unknown,,file
a-sR15-f008241-c2,CONFIRMED,,,,,unknown,,file
a-sR15-f009751-c1,CONFIRMED,,,,,unknown,,file
a-sR15-f009751-c2,CONFIRMED,,,,,unknown,,file
a-sR16-f012428-c1,CONFIRMED,,,,,unknown,,file
a-sR16-f012642-c1,CONFIRMED,,,,,unknown,,file
a-sT04-f001319-c1,CONFIRMED,,,,,unknown,,file
a-sT04-f001650-c1,CONFIRMED,,,,,unknown,,file
a-sT07-f002883-c1,CONFIRMED,,,,,unknown,,file
a-sT08-f003375-c1,CONFIRMED,,,,,unknown,,file
a-sT08-f004169-c1,CONFIRMED,,,,,unknown,,file
a-sT08-f004169-c2,CONFIRMED,,,,,unknown,,file
a-sT08-f004169-c3,CONFIRMED,,,,,unknown,,file
a-sT11-f004960-c1a,CONFIRMED,,,,,unknown,,file
a-sT11-f004960-c1b,CONFIRMED,,,,,unknown,,file
a-sT11-f007659-c1,CONFIRMED,,,,,unknown,,file
a-sT11-f007659-c2,CONFIRMED,,,,,unknown,,file
a-sT11-f007659-c3,CONFIRMED,,,,,unknown,,recheck
a-sT12-f008237-c1,CONFIRMED,,,,,unknown,,file
a-sT12-f008237-c2,CONFIRMED,,,,,unknown,,file
a-sT12-f008455-c1,CONFIRMED,,,,,unknown,,file
a-sT12-f009632-c1,CONFIRMED,,,,,unknown,,file
a-sT12-f009704-c1,CONFIRMED,,,,,unknown,,file
a-sa01-f001838-c1,CONFIRMED,,,,,unknown,,recheck
a-sa02-f002124-c1,CONFIRMED,,,,,unknown,,file
a-sa02-f002127-c1,CONFIRMED,,,,,unknown,,file
a-sa03-f002236-c1,CONFIRMED,,,,,unknown,,file
a-sa03-f002243-c1,DATE-WRONG,,2024-11-03,,,unknown,,recheck
a-sa03-f002300-c1,DATE-WRONG,,2024-11-20,,,unknown,,recheck
a-sa04-f002554-c1,CONFIRMED,,,,,unknown,,recheck
a-sa04-f002665-c1,CONFIRMED,,,,,unknown,,file
a-sa04-f002865-c1,DATE-WRONG,,2025-04-10,,,unknown,,recheck
a-sa04-f002865-c2,DATE-WRONG,,2025-04-10,,,unknown,,recheck
a-sa05-f002466-c1,CONFIRMED,,,,,unknown,,file
a-sa05-f003025-c3,CONFIRMED,,,,,unknown,,file
a-sa05-f003025-c4,CONFIRMED,,,,,unknown,,file
a-sa05-f003025-c5,CONFIRMED,,,,,unknown,,file
a-sa05-f003025-c6,CONFIRMED,,,,,unknown,,file
a-sa05-f003025-c7,CONFIRMED,,,,,unknown,,file
a-sa05-f003025-c8,CONFIRMED,,,,,unknown,,file
a-sa05-f003074-c1,CONFIRMED,,,,,unknown,,file
a-sa05-f003074-c2,CONFIRMED,,,,,unknown,,file
a-sa05-f003074-c3,CONFIRMED,,,,,unknown,,file
a-sa05-f003074-c4,CONFIRMED,,,,,unknown,,file
a-sa05-f003074-c5,CONFIRMED,,,,,unknown,,file
a-sa05-f003126-c2,CONFIRMED,,,,,unknown,,file
a-sa05-f003126-c3,CONFIRMED,,,,,unknown,,file
a-sa05-f003126-c4,CONFIRMED,,,,,unknown,,file
a-sa05-f003169-c1,CONFIRMED,,,,,unknown,,file
a-sa05-f003169-c2,CONFIRMED,,,,,unknown,,recheck
a-sa05-f003169-c3,CONFIRMED,,,,,unknown,,file
a-sa06-f003414-c2,CONFIRMED,,,,,unknown,,file
a-sa06-f003414-c3,CONFIRMED,,,,,unknown,,file
a-sa06-f003414-c5,CONFIRMED,,,,,unknown,,file
a-sa06-f003558-c1,CONFIRMED,,,,,unknown,,file
a-sa06-f003558-c2,CONFIRMED,,,,,unknown,,file
a-sa06-f003558-c3,CONFIRMED,,,,,unknown,,file
a-sa06-f003558-c4,CONFIRMED,,,,,unknown,,recheck
a-sa06-f003590-c1,CONFIRMED,,,,,unknown,,file
a-sa06-f003590-c2,CONFIRMED,,,,,unknown,,file
a-sa07-f003704-c1,CONFIRMED,,,,,unknown,,file
a-sa07-f003704-c2,CONFIRMED,,,,,unknown,,file
a-sa07-f003704-c3,CONFIRMED,,,,,unknown,,file
a-sa07-f003704-c4,CONFIRMED,,,,,unknown,,file
a-sa07-f003716-c3,CONFIRMED,,,,,unknown,,file
a-sa09-f004016-c1,CONFIRMED,,,,,unknown,,file
a-sa09-f004016-c2,CONFIRMED,,,,,unknown,,file
a-sa09-f004055-c1,CONFIRMED,,,,,unknown,,file
a-sa09-f004055-c2,CONFIRMED,,,,,unknown,,file
a-sa09-f004055-c3,CONFIRMED,,,,,unknown,,file
a-sa09-f004055-c4,CONFIRMED,,,,,unknown,,file
a-sa09-f004055-c6,CONFIRMED,,,,,unknown,,recheck
a-sa11-f004265-c1,CONFIRMED,,,,,unknown,,file
a-sa11-f004265-c2,CONFIRMED,,,,,unknown,,file
a-sa11-f004265-c3,CONFIRMED,,,,,unknown,,file
a-sa11-f004265-c4,CONFIRMED,,,,,unknown,,file
a-sa11-f004265-c5,CONFIRMED,,,,,unknown,,recheck
a-sa11-f004471-c1,CONFIRMED,,,,,unknown,,file
a-sa11-f004512-c3,CONFIRMED,,,,,unknown,,file
a-sa11-f004512-c4,CONFIRMED,,,,,unknown,,file
a-sa12-f004598-c1,CONFIRMED,,,,,unknown,,file
a-sa12-f004598-c2,CONFIRMED,,,,,unknown,,file
a-sa12-f004637-c1,CONFIRMED,,,,,unknown,,file
a-sa12-f004637-c2,CONFIRMED,,,,,unknown,,file
a-sa13-f004772-c1,CONFIRMED,,,,,unknown,,file
a-sa13-f004772-c3,CONFIRMED,,,,,unknown,,file
a-sa13-f004772-c4,CONFIRMED,,,,,unknown,,recheck
a-sa13-f004772-c5,CONFIRMED,,,,,unknown,,recheck
a-sa13-f004772-c7,CONFIRMED,,,,,unknown,,file
a-sa14-f004947-c1,CONFIRMED,,,,,unknown,,recheck
a-sa14-f004985-c1,CONFIRMED,,,,,unknown,,recheck
a-sa14-f004985-c2,CONFIRMED,,,,,unknown,,recheck
a-sa14-f004985-c3,CONFIRMED,,,,,unknown,,recheck
a-sa14-f005079-c1,CONFIRMED,,,,,unknown,,recheck
a-sa14-f005079-c2,UNFAITHFUL,,,,yes,unknown,,recheck
a-sa14-f005079-c3,CONFIRMED,,,,,unknown,,recheck
a-sa14-f005079-c4,CONFIRMED,,,,,unknown,,recheck
a-sa14-f005079-c5,CONFIRMED,,,,,unknown,,recheck
a-sa14-f005079-c6,UNFAITHFUL,,,,yes,unknown,,recheck
a-sa14-f005149-c1,CONFIRMED,,,,,unknown,,recheck
a-sa14-f005149-c2,CONFIRMED,,,,,unknown,,recheck
a-sa14-f005149-c3,CONFIRMED,,,,,unknown,,recheck
a-sa14-f005162-c1,CONFIRMED,,,,,unknown,,recheck
a-sa14-f005360-c7,CONFIRMED,,,,,unknown,,recheck
a-sa14-f005454-c3,CONFIRMED,,,,,unknown,,recheck
a-sa15-f005516-c1,CONFIRMED,,,,,unknown,,recheck
a-sa15-f005604-c1,CONFIRMED,,,,,unknown,,recheck
a-sa15-f005821-c1,UNFAITHFUL,§ Performance results (ARM64/x86-64 tables); the WASM 1.2–4.6x figures are in the later § One more thing section,,"ARM64/x86-64 benchmark portions confirmed verbatim. The WASM portion overstates the source: the post never ties the WASM slowdown to ""register spills to the stack"" — that codegen observation is made earlier about native x86 tail-call output. The stated reason for the WASM numbers is only ""patterns which generate good assembly don't map well to the WASM stack machine, and the JITs aren't smart enough to lower it to optimal machine code.""",,unknown,,recheck
a-sa15-f005821-c2,CONFIRMED,,,,,unknown,,recheck
a-sa15-f005857-c1,CONFIRMED,,,,,unknown,,recheck
a-sa15-f005948-c1,CONFIRMED,opening paragraph (first sentence of the post) + § Edge cases and errors (second sentence),,,,unknown,,recheck
a-sa15-f006797-c1,CONFIRMED,,,,,unknown,,recheck
a-sa16-f007175-c1,CONFIRMED,,,,,unknown,,recheck
a-sa16-f007175-c2,CONFIRMED,,,,,unknown,,recheck
a-sa16-f007483-c1,CONFIRMED,,,,,unknown,,recheck
a-sa16-f007483-c2,CONFIRMED,,,,,unknown,,recheck
a-sa16-f007483-c3,CONFIRMED,,,,,unknown,,recheck
a-sa16-f007483-c4,CONFIRMED,,,,,unknown,,recheck
a-sa17-f007736-c1,CONFIRMED,,,,,unknown,,recheck
a-sa17-f007797-c1,CONFIRMED,,,,,unknown,,recheck
a-sa17-f007846-c1,CONFIRMED,,,,,unknown,,recheck
a-sa17-f008217-c1,CONFIRMED,,,,,unknown,,recheck
a-sa17-f008217-c2,CONFIRMED,,,,,unknown,,recheck
a-sa18-f008389-c1,CONFIRMED,,,,,unknown,,recheck
a-sa18-f008583-c1,CONFIRMED,,,,,unknown,,recheck
a-sa18-f008651-c1,CONFIRMED,,,,,unknown,,recheck
a-sa18-f008694-c1,CONFIRMED,,,,,unknown,,recheck
a-sa18-f008787-c1,CONFIRMED,,,,,unknown,,recheck
a-sa18-f009026-c1,CONFIRMED,,,,,unknown,,recheck
a-sa18-f009104-c1,CONFIRMED,,,,,unknown,,recheck
a-sa18-f009104-c2,CONFIRMED,,,,,unknown,,recheck
a-sa18-f009104-c3,CONFIRMED,,,,,unknown,,recheck
a-sa19-f009123-c1,CONFIRMED,,,,,unknown,,recheck
a-sa19-f009123-c2,CONFIRMED,,,,,unknown,,recheck
a-sa19-f009123-c3,CONFIRMED,,,,,unknown,,recheck
a-sa19-f009196-c1,CONFIRMED,,,,,unknown,,recheck
a-sa19-f009196-c3,CONFIRMED,,,,,unknown,,recheck
a-sa19-f009196-c4,CONFIRMED,,,,,unknown,,recheck
a-sa19-f009196-c5,CONFIRMED,,,,,unknown,,recheck
a-sa19-f009196-c6,CONFIRMED,,,,,unknown,,recheck
a-sa19-f009292-c2,CONFIRMED,,,,,unknown,,recheck
a-sa19-f009292-c3,CONFIRMED,,,,,unknown,,recheck
a-sa19-f009292-c5,CONFIRMED,,,,,unknown,,recheck
a-sa19-f009292-c6,CONFIRMED,,,,,unknown,,recheck
a-sa19-f009292-c8,CONFIRMED,,,,,unknown,,recheck
a-sa19-f009316-c1,CONFIRMED,,,,,unknown,,recheck
a-sa19-f009316-c2,CONFIRMED,,,,,unknown,,recheck
a-sa19-f009343-c1,CONFIRMED,,,,,unknown,,recheck
a-sa19-f009343-c2,CONFIRMED,,,,,unknown,,recheck
a-sa19-f009343-c3,CONFIRMED,,,,,unknown,,recheck
a-sa19-f009343-c4,CONFIRMED,,,,,unknown,,recheck
a-sa19-f009343-c5,CONFIRMED,,,,,unknown,,recheck
a-sa19-f009343-c6,CONFIRMED,,,,,unknown,,recheck
a-sa19-f009343-c7,CONFIRMED,"reply, 2026-06-29T17:48:03.889Z (claim gives 2026-06-29T15:04:10.084Z, which is a different, earlier comment by the same author that day)",,,,unknown,,recheck
a-sa20-f009698-c1,CONFIRMED,,,,,unknown,,recheck
a-sa20-f009698-c2,CONFIRMED,,,,,unknown,,recheck
a-sa20-f009698-c3,CONFIRMED,,,,,unknown,,recheck
a-sa20-f009698-c4,CONFIRMED,,,,,unknown,,recheck
a-sa21-f011069-c1,UNFAITHFUL,,,"states the OP's desired rejection of both unit and integration testing for this problem, corroborated by the transcript's [14:41]-[17:49] span (unit-testing rejection through ""Wrong again."" on integration tests)",yes,unknown,,recheck
a-sa21-f011069-c2,CONFIRMED,,,,,unknown,,recheck
a-sa21-f011069-c3,CONFIRMED,,,,,unknown,,recheck
a-sa21-f011069-c4,CONFIRMED,,,,,unknown,,recheck
a-sa21-f011069-c5,CONFIRMED,,,,,unknown,,recheck
a-sa22-f011092-c1,CONFIRMED,,,,,unknown,,recheck
a-sa23-f011186-c1,CONFIRMED,,,,,unknown,,recheck
a-sa23-f011186-c2,CONFIRMED,,,,,unknown,,recheck
a-sa23-f011186-c3,CONFIRMED,,,,,unknown,,recheck
a-sa23-f011186-c4,CONFIRMED,,,,,unknown,,recheck
a-sa23-f011186-c5,CONFIRMED,,,,,unknown,,recheck
a-sa24-f011220-c1,UNFAITHFUL,,,"after porting the same Rust web API and Kafka-consuming background service from Fargate to Lambda, latency/p50/p99 held steady, memory dropped, cold starts were rare, and idle 24/7 container cost went away; concludes serverless should be reached for by default",yes,unknown,,recheck
a-sa24-f011220-c2,CONFIRMED,,,,,unknown,,recheck
a-sa25-f011413-c1,UNFAITHFUL,,,"procedural macros are a pure AST transform shaped as Rust source that the compiler must compile, optimize, run, and grant disk/network access to ""just in case""; many people have tried to fix this and nothing has stuck",yes,unknown,,recheck
a-sa25-f011413-c2,CONFIRMED,,,,,unknown,,recheck
a-sa25-f011413-c3,CONFIRMED,,,,,unknown,,recheck
a-sa25-f011413-c4,CONFIRMED,,,,,unknown,,recheck
a-sa25-f011413-c5,CONFIRMED,,,,,unknown,,recheck
a-sa25-f011413-c6,UNFAITHFUL,,,"his own ""Canada"" benchmark against serde_json is not apples-to-apples because it skips serde's precise floating-point rounding mode; states microbenchmarks should be treated as suspect by default",yes,unknown,,recheck
a-sa25-f011413-c7,CONFIRMED,,,,,unknown,,recheck
a-sa26-f011305-c1,CONFIRMED,,,,,unknown,,recheck
a-sa26-f011305-c2,CONFIRMED,,,,,unknown,,recheck
a-sa26-f011305-c3,CONFIRMED,,,,,unknown,,recheck
a-sa26-f011305-c4,CONFIRMED,,,,,unknown,,recheck
a-sa26-f011305-c5,CONFIRMED,,,,,unknown,,recheck
a-sa26-f011305-c6,CONFIRMED,,,,,unknown,,recheck
a-sa26-f011460-c1,CONFIRMED,,,,,unknown,,recheck
a-sa26-f011460-c2,CONFIRMED,"§ the 2x-faster figure itself is stated later, ~[21:31]-[22:37], after the optimization steps; the quoted line at ~[18:28]-[19:29] is the setup framing, not the result",,,,unknown,,recheck
a-sa26-f011460-c3,CONFIRMED,,,,,unknown,,recheck
a-sa26-f011605-c1,CONFIRMED,,,,,unknown,,recheck
a-sa26-f011605-c2,CONFIRMED,,,,,unknown,,recheck
a-sa26-f011684-c1,CONFIRMED,,,,,unknown,,recheck
a-sa26-f011993-c1,CONFIRMED,,,,,unknown,,recheck
a-sa26-f012146-c1,CONFIRMED,,,,,unknown,,recheck
a-sa27-f012237-c1,CONFIRMED,,,,,unknown,,recheck
a-sa27-f012237-c2,DATE-WRONG,,2024-12-03,,,unknown,,recheck
a-sa28-f012469-c1,CONFIRMED,,,,,unknown,,recheck
a-sa28-f012469-c10,CONFIRMED,,,,,unknown,,recheck
a-sa28-f012469-c11,CONFIRMED,,,,,unknown,,recheck
a-sa28-f012469-c12,CONFIRMED,,,,,unknown,,recheck
a-sa28-f012469-c2,CONFIRMED,,,,,unknown,,recheck
a-sa28-f012469-c3,CONFIRMED,,,,,unknown,,recheck
a-sa28-f012469-c4,CONFIRMED,,,,,unknown,,recheck
a-sa28-f012469-c6,CONFIRMED,,,,,unknown,,recheck
a-sa28-f012469-c7,CONFIRMED,,,,,unknown,,recheck
a-sa28-f012469-c9,CONFIRMED,,,,,unknown,,recheck
a-sa29-f013113-c1,CONFIRMED,,,,,unknown,,recheck
a-sa29-f013113-c2,CONFIRMED,,,,,unknown,,recheck
a-sa29-f013113-c3,CONFIRMED,,,,,unknown,,recheck
a-sa29-f013113-c5,CONFIRMED,,,,,unknown,,recheck
a-sa29-f013224-c1,CONFIRMED,,,,,unknown,,recheck
a-sa29-f013224-c4,CONFIRMED,,,,,unknown,,recheck
a-sa29-f013224-c6,CONFIRMED,,,,,unknown,,recheck
a-sa30-f013276-c3,CONFIRMED,,,,,unknown,,recheck
a-sa30-f013276-c4,CONFIRMED,,,,,unknown,,recheck
a-sa30-f013276-c5,CONFIRMED,,,,,unknown,,recheck
a-sa30-f013276-c6,CONFIRMED,,,,,unknown,,recheck
a-sa30-f013276-c7,CONFIRMED,,,,,unknown,,recheck
a-saL1-f005360-c2,CONFIRMED,,,,,unknown,,recheck
a-saL1-f005360-c3,CONFIRMED,,,,,unknown,,recheck
a-saL1-f005360-c4,CONFIRMED,,,,,unknown,,recheck
a-saL1-f005360-c6,CONFIRMED,,,,,unknown,,recheck
a-saL1-f005360-c7,CONFIRMED,,,,,unknown,,recheck
a-saL1-f005360-c8,CONFIRMED,,,,,unknown,,recheck
a-saL1-f005360-c9,CONFIRMED,,,,,unknown,,recheck
a-saL1-f005454-c1,CONFIRMED,,,,,unknown,,recheck
a-saL1-f005454-c2,CONFIRMED,,,,,unknown,,recheck
a-saL1-f005454-c3,CONFIRMED,,,,,unknown,,recheck
a-saL1-f005454-c4,CONFIRMED,,,,,unknown,,recheck
a-saL1-f005516-c10,CONFIRMED,,,,,unknown,,recheck
a-saL1-f005516-c11,CONFIRMED,,,,,unknown,,recheck
a-saL1-f005516-c12,CONFIRMED,,,,,unknown,,recheck
a-saL1-f005516-c3,CONFIRMED,,,,,unknown,,recheck
a-saL1-f005516-c4,CONFIRMED,,,,,unknown,,recheck
a-saL1-f005516-c5,CONFIRMED,,,,,unknown,,recheck
a-saL1-f005516-c6,CONFIRMED,,,,,unknown,,recheck
a-saL1-f005516-c7,CONFIRMED,,,,,unknown,,recheck
a-saL1-f005516-c8,CONFIRMED,,,,,unknown,,recheck
a-saL1-f005516-c9,CONFIRMED,,,,,unknown,,recheck
a-saL2-f011092-c1,UNFAITHFUL,,,"built a custom wrapper around `cargo test` that builds test binaries on one machine, ships them to other machines as a zip, shards execution, and converts cargo's unstable JSON test output into JUnit XML; tried cargo-nextest first but rejected it because its different test-execution model broke an assumption their own tests relied on, and fixing that would have taken more time than they had",yes,unknown,,recheck
a-saL2-f011092-c2,CONFIRMED,,,,,unknown,,recheck
a-saL2-f011092-c3,CONFIRMED,,,,,unknown,,recheck
a-saL2-f011092-c4,CONFIRMED,,,,,unknown,,recheck
a-saL2-f011092-c5,CONFIRMED,,,,,unknown,,recheck
a-saL2-f011092-c6,CONFIRMED,,,,,unknown,,recheck
b-bk01-f000233-c1,CONFIRMED,,,,,unknown,,recheck
b-bk01-f000233-c10,CONFIRMED,,,,,unknown,,recheck
b-bk01-f000233-c11,CONFIRMED,,,,,unknown,,recheck
b-bk01-f000233-c12,CONFIRMED,,,,,unknown,,recheck
b-bk01-f000233-c13,CONFIRMED,,,,,unknown,,recheck
b-bk01-f000233-c14,CONFIRMED,,,,,unknown,,recheck
b-bk01-f000233-c2,CONFIRMED,,,,,unknown,,recheck
b-bk01-f000233-c3,CONFIRMED,,,,,unknown,,recheck
b-bk01-f000233-c4,CONFIRMED,,,,,unknown,,recheck
b-bk01-f000233-c5,CONFIRMED,,,,,unknown,,recheck
b-bk01-f000233-c6,CONFIRMED,,,,,unknown,,recheck
b-bk01-f000233-c7,CONFIRMED,,,,,unknown,,recheck
b-bk01-f000233-c8,CONFIRMED,,,,,unknown,,recheck
b-bk01-f000233-c9,CONFIRMED,,,,,unknown,,recheck
b-bk02-f000256-c1,CONFIRMED,,,,,unknown,,recheck
b-bk02-f000256-c10,CONFIRMED,,,,,unknown,,recheck
b-bk02-f000256-c11,CONFIRMED,,,,,unknown,,recheck
b-bk02-f000256-c12,CONFIRMED,,,,,unknown,,recheck
b-bk02-f000256-c13,CONFIRMED,,,,,unknown,,recheck
b-bk02-f000256-c2,CONFIRMED,,,,,unknown,,recheck
b-bk02-f000256-c3,CONFIRMED,,,,,unknown,,recheck
b-bk02-f000256-c4,CONFIRMED,,,,,unknown,,recheck
b-bk02-f000256-c5,CONFIRMED,,,,,unknown,,recheck
b-bk02-f000256-c6,CONFIRMED,,,,,unknown,,recheck
b-bk02-f000256-c7,CONFIRMED,,,,,unknown,,recheck
b-bk02-f000256-c8,CONFIRMED,,,,,unknown,,recheck
b-bk02-f000256-c9,CONFIRMED,,,,,unknown,,recheck
b-bk03-f000267-c1,CONFIRMED,,,,,unknown,,recheck
b-bk03-f000267-c10,CONFIRMED,,,,,unknown,,recheck
b-bk03-f000267-c11,CONFIRMED,,,,,unknown,,recheck
b-bk03-f000267-c12,CONFIRMED,,,,,unknown,,recheck
b-bk03-f000267-c13,CONFIRMED,,,,,unknown,,recheck
b-bk03-f000267-c14,CONFIRMED,,,,,unknown,,recheck
b-bk03-f000267-c15,CONFIRMED,,,,,unknown,,recheck
b-bk03-f000267-c16,CONFIRMED,,,,,unknown,,recheck
b-bk03-f000267-c17,CONFIRMED,,,,,unknown,,recheck
b-bk03-f000267-c2,CONFIRMED,,,,,unknown,,recheck
b-bk03-f000267-c3,CONFIRMED,,,,,unknown,,recheck
b-bk03-f000267-c4,CONFIRMED,,,,,unknown,,recheck
b-bk03-f000267-c5,CONFIRMED,,,,,unknown,,recheck
b-bk03-f000267-c6,CONFIRMED,,,,,unknown,,recheck
b-bk03-f000267-c7,CONFIRMED,,,,,unknown,,recheck
b-bk03-f000267-c8,CONFIRMED,,,,,unknown,,recheck
b-bk03-f000267-c9,CONFIRMED,,,,,unknown,,recheck
b-sR01-f000233-c1,CONFIRMED,,,,,unknown,,recheck
b-sR01-f000233-c2,CONFIRMED,,,,,unknown,,recheck
b-sR01-f000256-c1,CONFIRMED,,,,,unknown,,recheck
b-sR01-f000464-c1,CONFIRMED,,2023-10-08,,,unknown,,recheck
b-sR01-f000464-c2,CONFIRMED,,2023-10-06,,,unknown,,recheck
b-sR03-f000763-c1,CONFIRMED,,2024-01-18,,,unknown,,recheck
b-sR03-f000763-c2,CONFIRMED,,2024-01-18,,,unknown,,recheck
b-sR03-f000763-c3,CONFIRMED,,2024-01-18,,,unknown,,recheck
b-sR03-f000889-c1,CONFIRMED,,2024-02-05,,,unknown,,recheck
b-sR03-f001160-c1,CONFIRMED,,2024-04-03,,,unknown,,recheck
b-sR03-f001160-c2,CONFIRMED,,2024-04-03,,,unknown,,recheck
b-sR04-f001401-c1,CONFIRMED,,2024-05-14,,,unknown,,recheck
b-sR04-f001515-c1,CONFIRMED,,,,,unknown,,recheck
b-sR04-f001617-c1,CONFIRMED,,,,,unknown,,recheck
b-sR04-f001724-c1,CONFIRMED,,,,,unknown,,recheck
b-sR04-f001724-c2,CONFIRMED,,,,,unknown,,recheck
b-sR04-f001749-c1,CONFIRMED,,,,,unknown,,recheck
b-sR04-f001749-c2,CONFIRMED,,,,,unknown,,recheck
b-sR05-f001983-c1,CONFIRMED,,,,,unknown,,recheck
b-sR05-f002048-c1,CONFIRMED,,,,,unknown,,recheck
b-sR05-f002048-c2,CONFIRMED,,,,,unknown,,recheck
b-sR05-f002151-c1,CONFIRMED,,,,,unknown,,recheck
b-sR05-f002151-c2,CONFIRMED,,,,,unknown,,recheck
b-sR05-f002177-c1,CONFIRMED,,,,,unknown,,recheck
b-sR05-f002326-c1,CONFIRMED,,,,,unknown,,recheck
b-sR05-f002341-c1,CONFIRMED,,,,,unknown,,recheck
b-sR05-f002453-c1,CONFIRMED,,,,,unknown,,recheck
b-sR05-f002453-c2,CONFIRMED,,,,,unknown,,recheck
b-sR05-f002466-c1,CONFIRMED,,,,,unknown,,recheck
b-sR06-f002937-c1,CONFIRMED,,,,,unknown,,recheck
b-sR08-f003531-c1,CONFIRMED,,,,,unknown,,recheck
b-sR08-f003540-c1,CONFIRMED,,,,,unknown,,recheck
b-sR08-f003540-c2,CONFIRMED,,,,,unknown,,recheck
b-sR08-f003550-c1,CONFIRMED,,,,,unknown,,recheck
b-sR08-f003587-c1,CONFIRMED,,,,,unknown,,recheck
b-sR08-f003587-c2,CONFIRMED,,,,,unknown,,recheck
b-sR08-f003587-c3,CONFIRMED,,,,,unknown,,recheck
b-sR08-f003702-c1,CONFIRMED,,,,,unknown,,recheck
b-sR08-f003731-c1,CONFIRMED,,,,,unknown,,recheck
b-sR08-f003731-c2,CONFIRMED,,,,,unknown,,recheck
b-sR09-f003815-c1,CONFIRMED,,,,,unknown,,recheck
b-sR09-f003938-c1,CONFIRMED,,,,,unknown,,recheck
b-sR09-f003955-c1,CONFIRMED,,,,,unknown,,recheck
b-sR09-f003955-c2,CONFIRMED,,,,,unknown,,recheck
b-sR10-f004423-c1,CONFIRMED,,,,,unknown,,recheck
b-sR10-f004423-c2,CONFIRMED,,,,,unknown,,recheck
b-sR10-f004573-c1,CONFIRMED,,,,,unknown,,recheck
b-sR10-f004573-c3,CONFIRMED,,,,,unknown,,recheck
b-sR10-f004573-c4,CONFIRMED,,,,,unknown,,recheck
b-sR10-f004706-c1,CONFIRMED,,,,,unknown,,recheck
b-sR10-f004741-c1,CONFIRMED,,,,,unknown,,recheck
b-sR10-f004741-c2,CONFIRMED,,,,,unknown,,recheck
b-sR10-f004741-c3,CONFIRMED,,,,,unknown,,recheck
b-sR10-f004804-c2,CONFIRMED,,,,,unknown,,recheck
b-sR10-f004804-c3,CONFIRMED,,,,,unknown,,recheck
b-sR10-f004809-c1,CONFIRMED,,,,,unknown,,recheck
b-sR10-f004809-c2,CONFIRMED,,,,,unknown,,recheck
b-sR11-f004947-c1,CONFIRMED,,,,,unknown,,recheck
b-sR11-f004960-c1,CONFIRMED,,,,,unknown,,recheck
b-sR11-f004993-c1,CONFIRMED,,,,,unknown,,recheck
b-sR11-f004993-c2,CONFIRMED,,,,,unknown,,recheck
b-sR11-f005050-c1,CONFIRMED,,,,,unknown,,recheck
b-sR11-f005050-c2,CONFIRMED,,,,,unknown,,recheck
b-sR11-f005053-c1,CONFIRMED,,,,,unknown,,recheck
b-sR11-f005071-c1,CONFIRMED,,,,,unknown,,recheck
b-sR12-f005085-c1,CONFIRMED,,,,,unknown,,recheck
b-sR12-f005085-c2,CONFIRMED,,,,,unknown,,recheck
b-sR12-f005120-c1,CONFIRMED,,,,,unknown,,recheck
b-sR12-f005120-c2,CONFIRMED,,,,,unknown,,recheck
b-sR12-f005169-c1,CONFIRMED,,,,,unknown,,recheck
b-sR12-f005421-c1,CONFIRMED,,,,,unknown,,recheck
b-sR12-f005668-c1,CONFIRMED,,,,,unknown,,recheck
b-sR12-f005668-c2,CONFIRMED,,,,,unknown,,recheck
b-sR13-f007973-c1,CONFIRMED,,2023-02-20,,,unknown,,recheck
b-sR13-f008801-c1,CONFIRMED,,,,,unknown,,recheck
b-sR13-f009740-c1,CONFIRMED,,,,,unknown,,recheck
b-sR13-f009755-c1,CONFIRMED,,,,,unknown,,recheck
b-sT02-f000576-c1,CONFIRMED,,,,,unknown,,recheck
b-sT04-f001890-c1,CONFIRMED,,,,,unknown,,recheck
b-sT04-f002233-c1,CONFIRMED,,,,,unknown,,recheck
b-sT05-f002499-c10,CONFIRMED,,,,,unknown,,recheck
b-sT05-f002499-c2,CONFIRMED,,,,,unknown,,recheck
b-sT05-f002499-c3,CONFIRMED,,,,,unknown,,recheck
b-sT05-f002499-c4,CONFIRMED,,,,,unknown,,recheck
b-sT05-f002499-c8,CONFIRMED,,,,,unknown,,recheck
b-sT05-f002501-c1,CONFIRMED,,,,,unknown,,recheck
b-sT05-f002550-c1,CONFIRMED,,,,,unknown,,recheck
b-sT05-f002550-c2,CONFIRMED,,,,,unknown,,recheck
b-sT05-f002550-c3,CONFIRMED,,,,,unknown,,recheck
b-sT05-f002775-c1,CONFIRMED,,,,,unknown,,recheck
b-sT07-f003809-c2,CONFIRMED,,,,,unknown,,recheck
b-sT07-f003809-c3,CONFIRMED,,,,,unknown,,recheck
b-sT07-f003809-c4,CONFIRMED,,,,,unknown,,recheck
b-sT09-f005312-c1,CONFIRMED,,,,,unknown,,recheck
b-sT09-f005440-c1,CONFIRMED,,,,,unknown,,recheck
b-sT09-f011688-c1,CONFIRMED,,,,,unknown,,recheck
b-sT09-f011688-c2,CONFIRMED,,,,,unknown,,recheck
b-sb03-f000569-c1,CONFIRMED,,,,,unknown,,recheck
b-sb03-f000669-c1,CONFIRMED,,,,,unknown,,recheck
b-sb03-f000669-c2,CONFIRMED,,,,,unknown,,recheck
b-sb03-f000715-c1,CONFIRMED,,,,,unknown,,recheck
b-sb03-f000715-c2,CONFIRMED,,,,,unknown,,recheck
b-sb04-f001365-c1,CONFIRMED,,,,,unknown,,recheck
b-sb04-f001365-c2,CONFIRMED,,,,,unknown,,recheck
b-sb04-f001392-c1,CONFIRMED,,,,,unknown,,recheck
b-sb04-f001392-c2,CONFIRMED,,,,,unknown,,recheck
b-sb04-f001392-c3,CONFIRMED,,,,,unknown,,recheck
b-sb04-f001392-c4,CONFIRMED,,,,,unknown,,recheck
b-sb04-f001392-c5,CONFIRMED,,,,,unknown,,recheck
b-sb04-f001392-c6,CONFIRMED,,,,,unknown,,recheck
b-sb05-f001512-c1,CONFIRMED,,,,,unknown,,recheck
b-sb05-f001512-c2,CONFIRMED,,,,,unknown,,recheck
b-sb05-f001512-c3,CONFIRMED,,,,,unknown,,recheck
b-sb05-f001512-c4,CONFIRMED,,,,,unknown,,recheck
b-sb05-f001512-c5,CONFIRMED,,,,,unknown,,recheck
b-sb05-f001582-c1,CONFIRMED,,,,,unknown,,recheck
b-sb05-f001582-c2,CONFIRMED,,,,,unknown,,recheck
b-sb06-f001838-c1,CONFIRMED,,,,,unknown,,recheck
b-sb06-f002027-c2,CONFIRMED,,,,,unknown,,recheck
b-sb06-f002033-c1,CONFIRMED,,,,,unknown,,recheck
b-sb07-f002142-c1,CONFIRMED,,,,,unknown,,recheck
b-sb07-f002142-c2,CONFIRMED,,,,,unknown,,recheck
b-sb07-f002142-c3,CONFIRMED,,,,,unknown,,recheck
b-sb08-f002517-c1,CONFIRMED,,,,,unknown,,recheck
b-sb08-f002517-c3,CONFIRMED,,,,,unknown,,recheck
b-sb08-f002517-c4,CONFIRMED,,,,,unknown,,recheck
b-sb08-f002518-c1,CONFIRMED,,,,,unknown,,recheck
b-sb08-f002518-c3,CONFIRMED,,,,,unknown,,recheck
b-sb08-f002538-c1,CONFIRMED,,,,,unknown,,recheck
b-sb08-f002538-c2,CONFIRMED,,,,,unknown,,recheck
b-sb08-f002538-c3,CONFIRMED,,,,,unknown,,recheck
b-sb09-f002567-c1,CONFIRMED,,,,,unknown,,recheck
b-sb09-f002567-c3,CONFIRMED,,,,,unknown,,recheck
b-sb09-f002567-c4,CONFIRMED,,,,,unknown,,recheck
b-sb09-f002567-c5,CONFIRMED,,,,,unknown,,recheck
b-sb09-f002567-c6,CONFIRMED,,,,,unknown,,recheck
b-sb09-f002615-c1,CONFIRMED,,,,,unknown,,recheck
b-sb09-f002615-c2,CONFIRMED,,,,,unknown,,recheck
b-sb09-f002615-c3,CONFIRMED,,,,,unknown,,file
b-sb09-f002615-c4,CONFIRMED,,,,,unknown,,file
b-sb09-f002615-c5,CONFIRMED,,,,,unknown,,file
b-sb09-f002615-c6,CONFIRMED,,,,,unknown,,file
b-sb09-f002615-c7,CONFIRMED,,,,,unknown,,recheck
b-sb09-f002615-c8,CONFIRMED,,,,,unknown,,file
b-sb09-f002719-c1,CONFIRMED,,,,,unknown,,file
b-sb09-f002719-c3,CONFIRMED,,,,,unknown,,file
b-sb09-f003030-c1,CONFIRMED,,,,,unknown,,file
b-sb09-f003030-c2,CONFIRMED,,,,,unknown,,file
b-sb09-f003030-c3,CONFIRMED,,,,,unknown,,file
b-sb09-f003030-c4,CONFIRMED,,,,,unknown,,file
b-sb09-f003030-c5,CONFIRMED,,,,,unknown,,file
b-sb09-f003030-c6,CONFIRMED,,,,,unknown,,file
b-sb09-f003030-c7,CONFIRMED,,,,,unknown,,file
b-sb09-f003030-c8,CONFIRMED,,,,,unknown,,file
b-sb09-f003036-c1,CONFIRMED,,,,,unknown,,file
b-sb09-f003036-c2,CONFIRMED,,,,,unknown,,file
b-sb09-f003052-c1,CONFIRMED,,,,,unknown,,recheck
b-sb09-f003052-c2,CONFIRMED,,,,,unknown,,file
b-sb09-f003052-c3,CONFIRMED,,,,,unknown,,file
b-sb10-f003186-c1,CONFIRMED,,,,,unknown,,file
b-sb10-f003186-c2,CONFIRMED,,,,,unknown,,file
b-sb10-f003188-c1,CONFIRMED,,,,,unknown,,file
b-sb10-f003188-c2,CONFIRMED,,,,,unknown,,recheck
b-sb10-f003222-c1,CONFIRMED,,,,,unknown,,recheck
b-sb10-f003222-c2,CONFIRMED,,,,,unknown,,file
b-sb11-f003384-c1,CONFIRMED,,,,,unknown,,file
b-sb11-f003384-c2,CONFIRMED,,,,,unknown,,file
b-sb11-f003384-c9,CONFIRMED,,,,,unknown,,file
b-sb13-f003963-c1,CONFIRMED,,,,,unknown,,file
b-sb13-f003963-c2,CONFIRMED,,,,,unknown,,file
b-sb13-f003963-c3,CONFIRMED,,,,,unknown,,file
b-sb13-f003963-c4,CONFIRMED,comment @gbj 2025-12-12T20:04:23Z,,,,unknown,,recheck
b-sb13-f004160-c1,CONFIRMED,,,,,unknown,,file
b-sb13-f004160-c4,CONFIRMED,,,,,unknown,,file
b-sb13-f004367-c1,CONFIRMED,,,,,unknown,,file
b-sb14-f004398-c2,CONFIRMED,,,,,unknown,,file
b-sb14-f004398-c4,CONFIRMED,,,,,unknown,,file
b-sb14-f004398-c6,CONFIRMED,,,,,unknown,,file
b-sb14-f004398-c7,CONFIRMED,,,,,unknown,,file
b-sb14-f004399-c1,CONFIRMED,,,,,unknown,,file
b-sb14-f004399-c2,CONFIRMED,,,,,unknown,,file
b-sb14-f004399-c3,CONFIRMED,,,,,unknown,,file
b-sb14-f004399-c4,CONFIRMED,,,,,unknown,,file
b-sb15-f004721-c1,CONFIRMED,,,,,unknown,,file
b-sb16-f004997-c1,CONFIRMED,,,,,unknown,,file
b-sb16-f004997-c2,CONFIRMED,,,,,unknown,,file
b-sb16-f004997-c3,CONFIRMED,,,,,unknown,,recheck
b-sb16-f004997-c4,CONFIRMED,,,,,unknown,,file
b-sb16-f005000-c2,CONFIRMED,,,,,unknown,,file
b-sb16-f005000-c3,CONFIRMED,,,,,unknown,,file
b-sb16-f005000-c5,CONFIRMED,,,,,unknown,,file
b-sb16-f005000-c7,CONFIRMED,,,,,unknown,,file
b-sb17-f005113-c1,CONFIRMED,,,,,unknown,,recheck
b-sb17-f005144-c1,CONFIRMED,,,,,unknown,,file
b-sb17-f005159-c1,CONFIRMED,,,,,unknown,,file
b-sb17-f005159-c2,CONFIRMED,,,,,unknown,,file
b-sb17-f005159-c3,CONFIRMED,,,,,unknown,,file
b-sb17-f005159-c4,CONFIRMED,,,,,unknown,,recheck
b-sb17-f005159-c5,CONFIRMED,,,,,unknown,,recheck
b-sb18-f005307-c1,CONFIRMED,,,,,unknown,,file
b-sb18-f005307-c2,CONFIRMED,,,,,unknown,,file
b-sb18-f005307-c3,CONFIRMED,,,,,unknown,,file
b-sb18-f005332-c2,CONFIRMED,,,,,unknown,,file
b-sb18-f005332-c3,CONFIRMED,,,,,unknown,,file
b-sb18-f005332-c4,CONFIRMED,,,,,unknown,,file
b-sb18-f005600-c1,CONFIRMED,,,,,unknown,,file
b-sb18-f005600-c2,CONFIRMED,,,,,unknown,,file
b-sb19-f005691-c1,CONFIRMED,,,,,unknown,,file
b-sb19-f005699-c1,CONFIRMED,,,,,unknown,,file
b-sb19-f005743-c3,CONFIRMED,,,,,unknown,,file
b-sb19-f005743-c6,CONFIRMED,,,,,unknown,,file
b-sb19-f005743-c8,CONFIRMED,,,,,unknown,,file
b-sb19-f005836-c1,CONFIRMED,,,,,unknown,,file
b-sb19-f005836-c2,CONFIRMED,,,,,unknown,,file
b-sb19-f005872-c1,CONFIRMED,"§ ""What I've done before"" (last line, immediately preceding the named heading)",,,,unknown,,recheck
b-sb19-f005948-c1,CONFIRMED,,,,,unknown,,file
b-sb19-f005964-c1,DATE-WRONG,,2025-05-13,,,unknown,,recheck
b-sb19-f007042-c1,CONFIRMED,,,,,unknown,,file
b-sb19-f007207-c1,CONFIRMED,,,,,unknown,,file
b-sb19-f007207-c2,CONFIRMED,,,,,unknown,,file
b-sb19-f007207-c3,CONFIRMED,,,,,unknown,,recheck
b-sb20-f007213-c1,CONFIRMED,,,,,unknown,,file
b-sb20-f007290-c1,CONFIRMED,,,,,unknown,,file
b-sb20-f007290-c2,CONFIRMED,"§ ""A practical example"" (last lines, just before the ""Love-hate"" heading)",,,,unknown,,recheck
b-sb20-f007364-c1,CONFIRMED,,,,,unknown,,file
b-sb20-f007608-c1,CONFIRMED,,,,,unknown,,file
b-sb20-f007608-c2,CONFIRMED,,,,,unknown,,file
b-sb20-f007678-c1,CONFIRMED,,,,,unknown,,file
b-sb20-f007678-c2,CONFIRMED,,,,,unknown,,file
b-sb20-f007736-c1,CONFIRMED,,,,,unknown,,file
b-sb20-f007760-c1,CONFIRMED,,,,,unknown,,file
b-sb20-f007797-c1,CONFIRMED,,,,,unknown,,file
b-sb20-f007942-c1,CONFIRMED,,,,,unknown,,recheck
b-sb21-f008390-c1,CONFIRMED,,,,,unknown,,file
b-sb21-f008390-c2,CONFIRMED,,,,,unknown,,file
b-sb21-f008390-c3,CONFIRMED,"last line of § ""egui"" (just before the ""Digression"" heading)",,,,unknown,,recheck
b-sb21-f008390-c4,CONFIRMED,,,,,unknown,,file
b-sb21-f008396-c1,CONFIRMED,,,,,unknown,,recheck
b-sb21-f008583-c1,CONFIRMED,,,,,unknown,,file
b-sb21-f008793-c1,CONFIRMED,,,,,unknown,,file
b-sb21-f008808-c1,CONFIRMED,,,,,unknown,,file
b-sb22-f008906-c1,CONFIRMED,,,,,unknown,,file
b-sb22-f008906-c2,CONFIRMED,,,,,unknown,,recheck
b-sb22-f008906-c3,CONFIRMED,,,,,unknown,,file
b-sb22-f008906-c4,CONFIRMED,,,,,unknown,,file
b-sb22-f008906-c5,CONFIRMED,,,,,unknown,,file
b-sb22-f008906-c6,CONFIRMED,,,,,unknown,,file
b-sb22-f009062-c1,CONFIRMED,,,,,unknown,,file
b-sb22-f009062-c2,CONFIRMED,,,,,unknown,,file
b-sb22-f009132-c2,CONFIRMED,,,,,unknown,,file
b-sb22-f009236-c2,CONFIRMED,,,,,unknown,,recheck
b-sb22-f009236-c3,CONFIRMED,,,,,unknown,,file
b-sb22-f009292-c2,CONFIRMED,,,,,unknown,,file
b-sb22-f009292-c3,CONFIRMED,,,,,unknown,,file
b-sb23-f009334-c1,CONFIRMED,,,,,unknown,,file
b-sb23-f009334-c2,CONFIRMED,,,,,unknown,,file
b-sb23-f009334-c4,CONFIRMED,,,,,unknown,,file
b-sb23-f009334-c5,CONFIRMED,,,,,unknown,,file
b-sb23-f009334-c7,CONFIRMED,,,,,unknown,,file
b-sb23-f009657-c1,CONFIRMED,"""Possible drawbacks"" section",,,,unknown,,recheck
b-sb23-f009737-c1,CONFIRMED,,,,,unknown,,recheck
b-sb23-f011133-c1,CONFIRMED,,,,,unknown,,file
b-sb23-f011178-c1,CONFIRMED,,,,,unknown,,recheck
b-sb23-f011233-c1,CONFIRMED,,,,,unknown,,file
b-sb23-f011233-c2,CONFIRMED,,,,,unknown,,file
b-sb23-f011233-c3,CONFIRMED,,,,,unknown,,file
b-sb23-f011235-c1,CONFIRMED,,,,,unknown,,file
b-sb24-f011295-c1,CONFIRMED,,,,,unknown,,file
b-sb24-f011295-c2,CONFIRMED,,,,,unknown,,file
b-sb24-f011295-c3,CONFIRMED,,,,,unknown,,file
b-sb24-f011306-c1,CONFIRMED,,,,,unknown,,file
b-sb24-f011306-c2,CONFIRMED,,,,,unknown,,file
b-sb24-f011306-c3,CONFIRMED,,,,,unknown,,file
b-sb24-f011312-c1,CONFIRMED,,,,,unknown,,file
b-sb24-f011312-c2,CONFIRMED,,,,,unknown,,file
b-sb24-f011312-c3,CONFIRMED,,,,,unknown,,file
b-sb24-f011312-c4,CONFIRMED,,,,,unknown,,file
b-sb24-f011312-c5,CONFIRMED,,,,,unknown,,file
b-sb24-f011312-c6,CONFIRMED,,,,,unknown,,file
b-sb24-f011413-c1,CONFIRMED,,,,,unknown,,file
b-sb24-f011413-c2,CONFIRMED,,,,,unknown,,file
b-sb24-f011413-c3,CONFIRMED,,,,,unknown,,file
b-sb24-f011413-c4,CONFIRMED,,,,,unknown,,file
b-sb25-f011435-c1,CONFIRMED,,,,,unknown,,file
b-sb25-f011435-c2,CONFIRMED,,,,,unknown,,file
b-sb25-f012561-c1,CONFIRMED,,,,,unknown,,file
b-sb25-f012561-c2,CONFIRMED,,,,,unknown,,file
b-sb25-f012561-c3,CONFIRMED,,,,,unknown,,file
b-sb25-f012642-c1,CONFIRMED,,,,,unknown,,recheck
b-sb26-f012849-c3,CONFIRMED,,,,,unknown,,file
b-sb26-f012866-c1,CONFIRMED,,,,,unknown,,file
b-sb26-f012866-c2,CONFIRMED,,,,,unknown,,file
b-sb26-f013214-c1,CONFIRMED,,,,,unknown,,file
b-sb26-f013214-c2,CONFIRMED,,,,,unknown,,file
b-sb26-f013214-c3,CONFIRMED,,,,,unknown,,file
b-sb26-f013214-c4,CONFIRMED,,,,,unknown,,file
b-sb26-f013214-c5,CONFIRMED,,,,,unknown,,file
b-sb26-f013214-c6,CONFIRMED,,,,,unknown,,file
