replaced_id,replacement_id,language,hint,class,pool,seed
f000070,f000182,en,desktop-cli-ui,books-courses,12,1511926367
f000088,f000149,en,ml,books-courses,6,1511926367
f000114,f000207,en,desktop-cli-ui,books-courses,11,1511926367
f013433,,de,*,books,0,1511926367
f013435,,de,*,books,0,1511926367
f005514,f005692,en,wasm,hn-lobsters,3,621279008
f005855,f005676,en,wasm,hn-lobsters,2,621279008
f007507,f008860,en,desktop-cli-ui,individual-blogs,68,621279008
f011194,f011372,en,core,talks,268,621279008
f011336,f011286,en,ml,talks,4,621279008
f011546,f011863,en,core,twir-links,1553,621279008
f013434,,de,*,books,0,621279008
f015639,f015635,en,core,youtube,4,621279008
f013431,f013414,de,*,blogs,12,72851214
f013438,f014287,zh,ml,conference-talks,86,682461957
f013439,f015537,zh,ml,conference-talks,85,682461957
f013441,f015413,zh,embedded,conference-talks,16,682461957
f013451,f014128,zh,core,conference-talks,1632,682461957
f013454,f013846,zh,ml,conference-talks,84,682461957
f013456,f013949,zh,web,conference-talks,63,682461957
f013460,f014160,zh,ml,conference-talks,83,682461957
f013461,f013765,zh,embedded,conference-talks,15,682461957
f013464,f014239,zh,decentralized-iroh,conference-talks,13,682461957
f013465,f013583,zh,decentralized-iroh,conference-talks,12,682461957
f013474,,zh,frontend,conference-talks,0,682461957
f013476,f014113,zh,decentralized-iroh,conference-talks,11,682461957
f013484,f013782,zh,web,conference-talks,62,682461957
f013487,f013976,zh,decentralized-iroh,conference-talks,10,682461957
f013491,f014864,zh,wasm,conference-talks,8,682461957
f013492,f015095,zh,desktop-cli-ui,conference-talks,22,682461957
f013497,f014231,zh,decentralized-iroh,conference-talks,9,682461957
f013498,f015446,zh,core,conference-talks,1631,682461957
f013499,f015006,zh,embedded,conference-talks,14,682461957
f013501,,zh,frontend,conference-talks,0,682461957
f013502,f014117,zh,embedded,conference-talks,13,682461957
f013503,f015261,zh,ml,conference-talks,82,682461957
f013504,f014934,zh,ml,conference-talks,81,682461957
f013505,f014335,zh,core,conference-talks,1630,682461957
f013506,f013787,zh,decentralized-iroh,conference-talks,8,682461957
f013521,f015224,zh,wasm,conference-talks,7,682461957
f013522,f013763,zh,decentralized-iroh,conference-talks,7,682461957
f013528,f014193,zh,embedded,conference-talks,12,682461957
f013529,f014622,zh,core,conference-talks,1629,682461957
f013533,,zh,frontend,conference-talks,0,682461957
f013535,f015272,zh,embedded,conference-talks,11,682461957
f013537,f015490,zh,distributed,conference-talks,24,682461957
f013538,,zh,frontend,conference-talks,0,682461957
