id,language,hint,class
f000095,en,embedded,books-courses
f000098,en,wasm,books-courses
f000176,en,desktop-cli-ui,books-courses
f000182,en,desktop-cli-ui,books-courses
f000202,en,ml,books-courses
f000203,en,embedded,books-courses
f000214,en,core,books-courses
f000222,en,ml,books-courses
f000255,en,core,books-courses
f000258,en,wasm,books-courses
f000491,en,desktop-cli-ui,domain-subframes
f000725,en,embedded,domain-subframes
f001795,en,wasm,domain-subframes
f002563,en,wasm,domain-subframes
f002722,en,ml,domain-subframes
f002835,en,embedded,domain-subframes
f003114,en,ml,domain-subframes
f003232,en,desktop-cli-ui,domain-subframes
f005231,en,ml,hn-lobsters
f005337,en,embedded,hn-lobsters
f005350,en,embedded,hn-lobsters
f005351,en,core,hn-lobsters
f005626,en,ml,hn-lobsters
f005691,en,wasm,hn-lobsters
f005692,en,wasm,hn-lobsters
f005802,en,ml,hn-lobsters
f005938,en,desktop-cli-ui,hn-lobsters
f005943,en,core,hn-lobsters
f006820,en,ml,individual-blogs
f007538,en,embedded,individual-blogs
f007990,en,wasm,individual-blogs
f008141,en,core,individual-blogs
f008275,en,embedded,individual-blogs
f008325,en,embedded,individual-blogs
f008686,en,ml,individual-blogs
f008879,en,desktop-cli-ui,individual-blogs
f009097,en,wasm,individual-blogs
f009157,en,core,internals
f009201,en,ml,internals
f009230,en,wasm,internals
f009308,en,core,internals
f009331,en,ml,internals
f009358,en,desktop-cli-ui,internals
f009604,en,desktop-cli-ui,project-blog
f009612,en,wasm,project-blog
f009635,en,wasm,project-blog
f009652,en,wasm,project-blog
f009664,en,core,project-blog
f009733,en,desktop-cli-ui,project-blog
f009735,en,core,project-blog
f009743,en,ml,project-blog
f010838,en,core,rfc
f010894,en,core,rfc
f010935,en,desktop-cli-ui,rfc
f010976,en,embedded,rfc
f010992,en,embedded,rfc
f011014,en,ml,rfc
f011034,en,desktop-cli-ui,rfc
f011072,en,wasm,talks
f011101,en,wasm,talks
f011126,en,desktop-cli-ui,talks
f011219,en,embedded,talks
f011308,en,ml,talks
f011369,en,embedded,talks
f011370,en,ml,talks
f011374,en,core,talks
f011404,en,core,talks
f011430,en,desktop-cli-ui,talks
f011843,en,desktop-cli-ui,twir-links
f012023,en,core,twir-links
f012048,en,wasm,twir-links
f012231,en,wasm,twir-links
f012293,en,ml,twir-links
f012336,en,embedded,twir-links
f012476,en,embedded,twir-links
f012563,en,desktop-cli-ui,twir-links
f012601,en,wasm,twir-links
f012698,en,ml,twir-links
f013199,en,wasm,users-forum
f013230,en,ml,users-forum
f013233,en,desktop-cli-ui,users-forum
f013257,en,embedded,users-forum
f013353,en,core,users-forum
f013354,en,core,users-forum
f013374,en,desktop-cli-ui,users-forum
f013407,de,*,blogs
f013411,de,*,blogs
f013419,de,*,blogs
f013424,de,*,blogs
f013425,de,*,blogs
f013426,de,*,blogs
f013429,de,*,blogs
f013430,de,*,blogs
f013432,de,*,blogs
f013439,zh,ml,conference-talks
f013454,zh,ml,conference-talks
f013456,zh,web,conference-talks
f013459,zh,ml,conference-talks
f013460,zh,ml,conference-talks
f013463,zh,core,conference-talks
f013464,zh,decentralized-iroh,conference-talks
f013465,zh,decentralized-iroh,conference-talks
f013469,zh,core,conference-talks
f013474,zh,frontend,conference-talks
f013476,zh,decentralized-iroh,conference-talks
f013481,zh,core,conference-talks
f013482,zh,embedded,conference-talks
f013484,zh,web,conference-talks
f013487,zh,decentralized-iroh,conference-talks
f013489,zh,core,conference-talks
f013491,zh,embedded,conference-talks
f013492,zh,desktop-cli-ui,conference-talks
f013496,zh,embedded,conference-talks
f013497,zh,decentralized-iroh,conference-talks
f013499,zh,embedded,conference-talks
f013501,zh,frontend,conference-talks
f013503,zh,ml,conference-talks
f013504,zh,ml,conference-talks
f013506,zh,decentralized-iroh,conference-talks
f013518,zh,core,conference-talks
f013521,zh,wasm,conference-talks
f013522,zh,decentralized-iroh,conference-talks
f013533,zh,frontend,conference-talks
f013535,zh,embedded,conference-talks
f013537,zh,distributed,conference-talks
f013538,zh,frontend,conference-talks
f013539,zh,embedded,conference-talks
f013540,uk,*,dou
f013541,uk,*,dou
f013543,uk,*,dou
f013544,uk,*,dou
f013546,uk,*,dou
f013548,uk,*,dou
f013549,uk,*,dou
f013555,zh,embedded,forum-threads
f013556,zh,embedded,forum-threads
f013604,zh,core,forum-threads
f013632,zh,embedded,forum-threads
f013658,zh,web,forum-threads
f013669,zh,embedded,forum-threads
f013679,zh,desktop-cli-ui,forum-threads
f013695,zh,frontend,forum-threads
f013757,zh,distributed,forum-threads
f013774,zh,frontend,forum-threads
f013816,zh,web,forum-threads
f013828,zh,frontend,forum-threads
f013871,zh,desktop-cli-ui,forum-threads
f013875,zh,web,forum-threads
f013889,zh,desktop-cli-ui,forum-threads
f013895,zh,embedded,forum-threads
f013914,zh,web,forum-threads
f013917,zh,core,forum-threads
f013927,zh,decentralized-iroh,forum-threads
f013985,zh,desktop-cli-ui,forum-threads
f014015,zh,embedded,forum-threads
f014037,zh,distributed,forum-threads
f014050,zh,desktop-cli-ui,forum-threads
f014058,zh,core,forum-threads
f014086,zh,frontend,forum-threads
f014089,zh,frontend,forum-threads
f014090,zh,web,forum-threads
f014101,zh,distributed,forum-threads
f014113,zh,decentralized-iroh,forum-threads
f014114,zh,distributed,forum-threads
f014138,zh,distributed,forum-threads
f014143,zh,web,forum-threads
f014159,zh,decentralized-iroh,forum-threads
f014173,zh,decentralized-iroh,forum-threads
f014185,zh,decentralized-iroh,forum-threads
f014205,zh,desktop-cli-ui,forum-threads
f014212,zh,distributed,forum-threads
f014218,zh,frontend,forum-threads
f014221,zh,decentralized-iroh,forum-threads
f014223,zh,wasm,forum-threads
f014231,zh,decentralized-iroh,forum-threads
f014242,zh,core,forum-threads
f014295,zh,desktop-cli-ui,forum-threads
f014305,zh,desktop-cli-ui,forum-threads
f014309,zh,ml,forum-threads
f014351,zh,ml,forum-threads
f014367,zh,ml,forum-threads
f014374,zh,ml,forum-threads
f014393,zh,distributed,forum-threads
f014410,zh,ml,forum-threads
f014427,zh,distributed,forum-threads
f014460,zh,frontend,forum-threads
f014481,uk,*,github
f014489,uk,*,github
f014493,uk,*,github
f014513,uk,*,github
f014517,uk,*,github
f014520,uk,*,github
f014552,uk,*,github
f014554,de,*,podcasts
f014555,de,*,podcasts
f014556,de,*,podcasts
f014558,de,*,podcasts
f014559,de,*,podcasts
f014560,de,*,podcasts
f014582,zh,web,qa-topics
f014583,zh,core,qa-topics
f014589,zh,web,qa-topics
f014596,zh,web,qa-topics
f014636,zh,core,qa-topics
f014644,zh,core,qa-topics
f014663,zh,core,qa-topics
f014673,zh,web,qa-topics
f014676,zh,core,qa-topics
f014701,zh,ml,qa-topics
f014708,zh,desktop-cli-ui,qa-topics
f014709,zh,web,qa-topics
f014711,de,*,talks
f014712,de,*,talks
f014715,zh,frontend,weekly-newsletter-links
f014716,zh,desktop-cli-ui,weekly-newsletter-links
f014754,zh,frontend,weekly-newsletter-links
f014772,zh,web,weekly-newsletter-links
f014798,zh,wasm,weekly-newsletter-links
f014800,zh,distributed,weekly-newsletter-links
f014820,zh,embedded,weekly-newsletter-links
f014874,zh,wasm,weekly-newsletter-links
f014905,zh,desktop-cli-ui,weekly-newsletter-links
f014924,zh,frontend,weekly-newsletter-links
f014927,zh,wasm,weekly-newsletter-links
f014928,zh,frontend,weekly-newsletter-links
f014942,zh,frontend,weekly-newsletter-links
f014947,zh,decentralized-iroh,weekly-newsletter-links
f014956,zh,distributed,weekly-newsletter-links
f014976,zh,core,weekly-newsletter-links
f014978,zh,desktop-cli-ui,weekly-newsletter-links
f015006,zh,embedded,weekly-newsletter-links
f015044,zh,distributed,weekly-newsletter-links
f015081,zh,frontend,weekly-newsletter-links
f015085,zh,embedded,weekly-newsletter-links
f015086,zh,core,weekly-newsletter-links
f015089,zh,frontend,weekly-newsletter-links
f015095,zh,desktop-cli-ui,weekly-newsletter-links
f015100,zh,distributed,weekly-newsletter-links
f015110,zh,wasm,weekly-newsletter-links
f015116,zh,distributed,weekly-newsletter-links
f015122,zh,wasm,weekly-newsletter-links
f015164,zh,distributed,weekly-newsletter-links
f015166,zh,distributed,weekly-newsletter-links
f015171,zh,embedded,weekly-newsletter-links
f015172,zh,decentralized-iroh,weekly-newsletter-links
f015174,zh,embedded,weekly-newsletter-links
f015177,zh,desktop-cli-ui,weekly-newsletter-links
f015188,zh,desktop-cli-ui,weekly-newsletter-links
f015208,zh,web,weekly-newsletter-links
f015224,zh,wasm,weekly-newsletter-links
f015239,zh,ml,weekly-newsletter-links
f015240,zh,ml,weekly-newsletter-links
f015268,zh,wasm,weekly-newsletter-links
f015286,zh,ml,weekly-newsletter-links
f015358,zh,wasm,weekly-newsletter-links
f015359,zh,web,weekly-newsletter-links
f015362,zh,desktop-cli-ui,weekly-newsletter-links
f015374,zh,distributed,weekly-newsletter-links
f015380,zh,wasm,weekly-newsletter-links
f015398,zh,ml,weekly-newsletter-links
f015404,zh,desktop-cli-ui,weekly-newsletter-links
f015440,zh,wasm,weekly-newsletter-links
f015452,zh,core,weekly-newsletter-links
f015493,zh,embedded,weekly-newsletter-links
f015500,zh,decentralized-iroh,weekly-newsletter-links
f015507,zh,wasm,weekly-newsletter-links
f015523,zh,ml,weekly-newsletter-links
f015524,zh,ml,weekly-newsletter-links
f015528,zh,web,weekly-newsletter-links
f015533,zh,wasm,weekly-newsletter-links
f015548,zh,wasm,weekly-newsletter-links
f015552,zh,web,weekly-newsletter-links
f015555,zh,wasm,weekly-newsletter-links
f015561,zh,decentralized-iroh,weekly-newsletter-links
f015564,zh,wasm,weekly-newsletter-links
f015567,zh,wasm,weekly-newsletter-links
f015586,zh,distributed,weekly-newsletter-links
f015611,zh,core,weekly-newsletter-links
f015634,uk,*,youtube
f015635,en,core,youtube
f015637,uk,*,youtube
f015640,en,embedded,youtube
f015643,uk,*,youtube
f015644,uk,*,youtube
f015645,en,desktop-cli-ui,youtube
f015647,uk,*,youtube
f015648,en,core,youtube
f015653,en,embedded,youtube
f015654,uk,*,youtube
