id,url,class,language
f000203,https://embedded-trainings.ferrous-systems.com/preparations.html,books-courses,en
f000214,https://lang-team.rust-lang.org/design_notes.html,books-courses,en
f000222,https://plotly.github.io/plotly.rs/content/getting_started.html,books-courses,en
f013434,https://rust-lernen.de/books/978-3-98871-003-1.html,books,de
f013555,https://rustcc.cn/article?id=7614a3ca-5d0b-4f92-b6dc-23cc8f74bcb9,forum-threads,zh
f013604,https://rustcc.cn/article?id=00f536ed-608e-4272-b744-de814b038008,forum-threads,zh
f013644,https://rustcc.cn/article?id=f1875505-af4e-4043-ba92-f95a2e7e01a1,forum-threads,zh
f013669,https://rustcc.cn/article?id=ac77b4d0-9915-4b7b-a90c-f1f6f495906b,forum-threads,zh
f013679,https://rustcc.cn/article?id=3c076695-7832-439e-830e-13fc550b8762,forum-threads,zh
f013682,https://rustcc.cn/article?id=7003d812-a0dc-4d10-965a-2d99a4c5398a,forum-threads,zh
f013711,https://rustcc.cn/article?id=2165a4cb-bc54-4006-9436-e9397d396863,forum-threads,zh
f013712,https://rustcc.cn/article?id=2856e49d-40ba-4b04-86eb-ebae8a20eb4c,forum-threads,zh
f013774,https://rustcc.cn/article?id=07f2d8c7-93ee-4e89-90f1-de89e7905b14,forum-threads,zh
f013804,https://rustcc.cn/article?id=70a95e9a-1d57-4c1b-8026-eafc3064859c,forum-threads,zh
f013828,https://rustcc.cn/article?id=b33f061e-f4b9-4101-add7-04a5da8c8a8a,forum-threads,zh
f013871,https://rustcc.cn/article?id=f436ad07-c62d-460f-8a73-7ac0b9058c49,forum-threads,zh
f013889,https://rustcc.cn/article?id=f2690891-ed7d-41d0-9c67-eaa45a453dc8,forum-threads,zh
f013914,https://rustcc.cn/article?id=2249ef7a-1f65-4eed-b9f7-d56ebdd1d221,forum-threads,zh
f013917,https://rustcc.cn/article?id=49e4d50b-d23f-43b1-bf08-00f7449546ce,forum-threads,zh
f013927,https://rustcc.cn/article?id=cb8ea27f-4ab3-4750-8925-c618a64f1914,forum-threads,zh
f013951,https://rustcc.cn/article?id=16cb9e9a-e49f-49b0-a61f-5e4b9893cc13,forum-threads,zh
f013979,https://rustcc.cn/article?id=ef644156-8fec-4cbc-bb8d-1ce19c8c6d2f,forum-threads,zh
f013982,https://rustcc.cn/article?id=ded4dfd9-a4c3-4585-98f0-bb6cf92cc238,forum-threads,zh
f014006,https://rustcc.cn/article?id=d3c532a1-abb6-4a8f-ac9f-869cb504c6e8,forum-threads,zh
f014015,https://rustcc.cn/article?id=57f7d298-f375-4e7d-b0a2-7bfb4e153d9a,forum-threads,zh
f014037,https://rustcc.cn/article?id=e8ffdc9d-405f-40ae-b0cc-497c863f280b,forum-threads,zh
f014050,https://rustcc.cn/article?id=75e6f9cb-8ed6-4ff0-9cbb-2d59852b7012,forum-threads,zh
f014058,https://rustcc.cn/article?id=14ae37c7-c550-431a-8877-5caf0bd89680,forum-threads,zh
f014089,https://rustcc.cn/article?id=dfbcbf72-69ac-4a0b-884a-2c8fa8e85290,forum-threads,zh
f014101,https://rustcc.cn/article?id=cfd94cdc-e061-426b-aad3-6b28e578d008,forum-threads,zh
f014113,https://rustcc.cn/article?id=6494c97f-9a98-4958-8147-a97b21ca09d1,forum-threads,zh
f014114,https://rustcc.cn/article?id=4c2d9279-54cd-4179-953b-aa6fe7a9378d,forum-threads,zh
f014126,https://rustcc.cn/article?id=64a61391-61ac-4d8a-b18f-7d991218be49,forum-threads,zh
f014138,https://rustcc.cn/article?id=f42f101e-1d6b-40a0-aa02-b49249576bb8,forum-threads,zh
f014143,https://rustcc.cn/article?id=d763e68d-7035-4199-964e-50e327a1b92e,forum-threads,zh
f014185,https://rustcc.cn/article?id=8d5a6151-2ed4-401c-b0db-597e271e6e37,forum-threads,zh
f014221,https://rustcc.cn/article?id=4ce6e8d2-e4f8-41b3-91d8-a698661aa9d4,forum-threads,zh
f014223,https://rustcc.cn/article?id=f067879c-10ae-408c-b65c-94645b3c5217,forum-threads,zh
f014231,https://rustcc.cn/article?id=ba16e35b-f21e-4fee-836f-79ef4ad6c8eb,forum-threads,zh
f014237,https://rustcc.cn/article?id=f753812a-12df-45d4-af76-7dfd1a2e0bd9,forum-threads,zh
f014295,https://rustcc.cn/article?id=58b4a89f-c728-4866-8632-19ad1a3fbd4d,forum-threads,zh
f014309,https://rustcc.cn/article?id=b0628330-44d6-4460-ab41-56281c0ba56f,forum-threads,zh
f014393,https://rustcc.cn/article?id=41509fbb-e18b-4b56-92ce-fc2a044fcfb1,forum-threads,zh
f014405,https://rustcc.cn/article?id=fe614c11-b5c7-43d6-92ca-a8bb4df4774e,forum-threads,zh
f014406,https://rustcc.cn/article?id=dbc472b1-0dc4-417b-8554-18e8e110359b,forum-threads,zh
f014583,https://rustcc.cn/article?id=c6be55b8-51f8-427e-8aaa-d4768c86f288,qa-topics,zh
f014596,https://rustcc.cn/article?id=574c7336-97e6-4bc1-b4bf-5b2b8ce92844,qa-topics,zh
f014663,https://rustcc.cn/article?id=6b7c7368-b966-49b5-903b-efee1ed8e455,qa-topics,zh
f014708,https://rustcc.cn/article?id=abddca40-c6c3-4cb8-8591-9d6e611f5dd1,qa-topics,zh
f014716,https://rustcc.cn/article?id=3fea9951-b3f8-4899-827d-a2fa4a020ce3,weekly-newsletter-links,zh
f014776,https://rustcc.cn/article?id=2c60170b-6548-4978-b3ff-00b4d32d0d30,weekly-newsletter-links,zh
f014798,https://rustcc.cn/article?id=3d4642e9-d076-4b10-9d53-bcc28d4e42e0,weekly-newsletter-links,zh
f014800,https://rustcc.cn/article?id=3d62b53e-811a-4b2f-8e02-5e7ad4acba30,weekly-newsletter-links,zh
f014820,https://rustcc.cn/article?id=218bdd13-af84-4fc5-8b92-9aa1529fde22,weekly-newsletter-links,zh
f014884,https://rustcc.cn/article?id=25be5e31-ca9a-4a73-a5c2-d53a1dba98c3,weekly-newsletter-links,zh
f014924,https://rustcc.cn/article?id=300f2657-0252-41a9-b42c-2c3965fbe5d7,weekly-newsletter-links,zh
f014927,https://rustcc.cn/article?id=6da14894-cb17-4348-b26d-d5ad34bd0d7c,weekly-newsletter-links,zh
f014939,https://rustcc.cn/article?id=625bb099-0400-4597-9416-2284db771ced,weekly-newsletter-links,zh
f014947,https://rustcc.cn/article?id=fdf0ba94-44a3-4970-8e0d-0f2b4e0359ad,weekly-newsletter-links,zh
f014956,https://rustcc.cn/article?id=2ddfdc4b-4651-49c2-aba0-d279e67c8e9e,weekly-newsletter-links,zh
f014984,https://rustcc.cn/article?id=8d21e594-7cc9-4bf2-8374-30a388cf6587,weekly-newsletter-links,zh
f014992,https://rustcc.cn/article?id=bab6fade-aa98-4abf-a373-20b429b5cc20,weekly-newsletter-links,zh
f015081,https://rustcc.cn/article?id=dde70904-3c84-47a1-bfe2-3aa195f641dd,weekly-newsletter-links,zh
f015085,https://rustcc.cn/article?id=f55fd8ed-2246-4809-aec6-6c09027ebbe9,weekly-newsletter-links,zh
f015110,https://rustcc.cn/article?id=c0ad6f71-1b2b-4a80-8c5c-1f90cad3c653,weekly-newsletter-links,zh
f015112,https://rustcc.cn/article?id=7870a2c3-d23e-48ec-acfc-42be2bf69e32,weekly-newsletter-links,zh
f015164,https://rustcc.cn/article?id=eed72b2f-dd48-4d02-b043-9a42ea7a3085,weekly-newsletter-links,zh
f015174,https://rustcc.cn/article?id=c7c0d022-c4f9-4a21-ab4b-3654dafd729d,weekly-newsletter-links,zh
f015177,https://rustcc.cn/article?id=4a6bb95c-7bf3-4637-b071-af4aa0e0f118,weekly-newsletter-links,zh
f015190,https://rustcc.cn/article?id=7daf5a1b-6c79-45b7-874c-4bb01efd0e0f,weekly-newsletter-links,zh
f015567,https://rustcc.cn/article?id=3621442a-7d01-40f7-8b3b-1cf7e83fb2ee,weekly-newsletter-links,zh
