id,url,class,status,key,chars,route
f000095,https://anachro.computer/,books-courses,fetched,fddd5fc3ded8,15389,book-print
f000098,https://azriel.im/wasm_it,books-courses,fetched,7a2b3d8a5fb9,17016,book-print
f000137,https://highassurance.rs/,books-courses,fetched,2d486e8cef20,400038,book-print
f000149,https://nogibjj.github.io/rust-tutorial,books-courses,cached,e0691bb45018,33500,book-print
f000159,https://psichix.github.io/emergent,books-courses,fetched,29c0c88c9c70,96765,book-print
f000167,https://tfpk.github.io/nominomicon,books-courses,fetched,c12da27548d0,21284,book-print
f000176,https://bevyengine.org/learn/book/introduction,books-courses,cached,7965aff9e8ef,52664,book-crawl
f000182,https://dbrgn.github.io/tealdeer,books-courses,fetched,83cd2f723b9b,10160,book-print
f000202,https://embarkstudios.github.io/rust-gpu/book,books-courses,fetched,3613981f82db,32884,book-print
f000203,https://embedded-trainings.ferrous-systems.com/preparations.html,books-courses,failed,,0,book: no chapters found past the front page (3894 chars)
f000207,https://fyrox-book.github.io/,books-courses,fetched,9072acf7422a,400038,book-print
f000214,https://lang-team.rust-lang.org/design_notes.html,books-courses,failed,,0,book: no chapters found past the front page (526 chars)
f000217,https://nalgebra.org/docs,books-courses,cached,aa6b3073ae14,98420,book-crawl
f000222,https://plotly.github.io/plotly.rs/content/getting_started.html,books-courses,failed,,0,book: no chapters found past the front page (6044 chars)
f000229,https://rust-embedded.github.io/book,books-courses,fetched,137aaae49e5e,190073,book-print
f000255,https://rustc-dev-guide.rust-lang.org/,books-courses,fetched,3730e3823bd4,400038,book-print
f000258,https://rustwasm.github.io/docs/wasm-pack,books-courses,cached,b50ae639b4d7,47950,book-print
f000491,https://github.com/bevyengine/bevy/issues/10157,domain-subframes,fetched,96a3f7836cf8,9003,gh-api-thread
f000516,https://github.com/huggingface/candle/issues/1177,domain-subframes,fetched,b4a96d05af86,60939,gh-api-thread
f000725,https://blog.rust-embedded.org/embedded-hal-v1,domain-subframes,fetched,84d50684c47b,4452,html
f001122,https://github.com/probe-rs/probe-rs/pull/2292,domain-subframes,fetched,ff34707b5fb3,38243,gh-api-thread
f001169,https://github.com/slint-ui/slint/pull/4895,domain-subframes,fetched,5409ea67c422,11312,gh-api-thread
f001321,https://zed.dev/blog/language-extensions-part-1,domain-subframes,fetched,69d6a83f7101,11588,html
f001795,https://github.com/WebAssembly/component-model/issues/385,domain-subframes,fetched,ad23a5c8e48d,18382,gh-api-thread
f001824,https://github.com/wasm-bindgen/wasm-bindgen/pull/4056,domain-subframes,fetched,e27123de08ff,5954,gh-api-thread
f002244,https://github.com/esp-rs/esp-hal/issues/2416,domain-subframes,fetched,ffe5613a18eb,8700,gh-api-thread
f002563,https://github.com/bytecodealliance/wasmtime/pull/10047,domain-subframes,fetched,38128de4bdd6,9208,gh-api-thread
f002722,https://github.com/tracel-ai/burn/pull/2843,domain-subframes,fetched,05c177dad317,8992,gh-api-thread
f002835,https://github.com/esp-rs/esp-hal/pull/3293,domain-subframes,fetched,75aa4ce7247a,5037,gh-api-thread
f003103,https://github.com/bytecodealliance/wasmtime/pull/11003,domain-subframes,fetched,413640e60388,20190,gh-api-thread
f003114,https://github.com/huggingface/candle/pull/2989,domain-subframes,fetched,d47cf215b5b2,26287,gh-api-thread
f003232,https://github.com/bevyengine/bevy/pull/20065,domain-subframes,fetched,b9023e5a7762,8704,gh-api-thread
f004106,https://github.com/tracel-ai/burn/issues/4312,domain-subframes,fetched,0a7db21317ec,14330,gh-api-thread
f004775,https://ferrous-systems.com/blog/where-to-meet-us-2026,domain-subframes,fetched,f9fc3e6e654e,2478,html
f005208,https://jyn.dev/2024/01/16/the-rust-project-has-a-burnout-problem.html,hn-lobsters,fetched,befde6187a43,5646,html
f005231,https://jalopnik.com/why-tesla-cybertrucks-are-rusting-despite-being-made-of-1851257091,hn-lobsters,fetched,f5be6b15bbeb,5522,html
f005313,https://polyfight.io/,hn-lobsters,failed,,0,"html: <urlopen error [Errno 8] nodename nor servname provided, or not known>; wayback: wayback: no snapshot for https://polyfight.io/; browser: Page.goto: net::ERR_NAME_NOT_RESOLVED at https://polyfight.io/
Call log:
  - navigating to ""https://polyfight.io/"", waiting until ""domcontentloaded""
"
f005323,https://lobste.rs/s/46pt2l,hn-lobsters,fetched,20c1f9c2fb10,151066,lobsters-json
f005337,https://lobste.rs/s/yx57uf,hn-lobsters,fetched,ef4744ab0ea2,74203,lobsters-json
f005350,https://gavinhoward.com/2024/09/rewriting-rust-a-response,hn-lobsters,fetched,f93b63288944,17277,html
f005490,https://lobste.rs/s/v7lsrv,hn-lobsters,fetched,6618014ddf0b,47177,lobsters-json
f005514,https://trynova.dev/,hn-lobsters,failed,,0,"html: page too short to trust (804 chars, min 1500); wayback: page too short to trust (1001 chars, min 1500); browser: page too short to trust (804 chars, min 1500)"
f005623,https://lwn.net/SubscriberLink/1046841/5bbf1fc049a18947,hn-lobsters,fetched,be44fff1f186,240078,html
f005626,https://prisma.io/blog/announcing-prisma-orm-7-0-0,hn-lobsters,fetched,4075b9d56d69,11274,html
f005733,https://github.com/oven-sh/bun/issues/30719,hn-lobsters,fetched,f27584245b83,22733,gh-api-thread
f005755,https://github.com/kyle-ssg/kyde,hn-lobsters,fetched,3f9dd957b314,15090,gh-api-repo
f005802,https://mathstodon.xyz/@andreasthom/117240535270608201,hn-lobsters,cached,782d6bbf2b52,5333,browser
f005840,https://blog.lohr.dev/embedded-rust,hn-lobsters;individual-blogs;twir-links,fetched,b527d9e6c17b,7590,html
f005842,https://kobzol.github.io/rust/rustc/2024/03/15/rustc-what-takes-so-long.html,hn-lobsters;individual-blogs;twir-links,fetched,f4fca8b2a549,11833,html
f005855,https://legendofworlds.com/blog/4,hn-lobsters;individual-blogs;twir-links,failed,,0,"html: <urlopen error [SSL: TLSV1_UNRECOGNIZED_NAME] tlsv1 unrecognized name (_ssl.c:1006)>; wayback: wayback: no snapshot for https://legendofworlds.com/blog/4; browser: Page.goto: net::ERR_SSL_UNRECOGNIZED_NAME_ALERT at https://legendofworlds.com/blog/4
Call log:
  - navigating to ""https://legendof"
f005938,https://rust-glancer.github.io/blog/why-lsp-is-hard,hn-lobsters;individual-blogs;twir-links,fetched,f7a8d81cf943,35017,html
f005943,https://security.googleblog.com/2023/10/bare-metal-rust-in-android.html,hn-lobsters;twir-links,fetched,7b793b2ac33e,1962,html
f006820,https://jyn.dev/the-rust-project-has-a-burnout-problem,individual-blogs,fetched,fdad38adde8a,5646,html
f006880,https://gburghoorn.com/posts/just-nix-rust-wasm,individual-blogs,fetched,469a75892a83,1693,html
f007187,https://ralfj.de/blog/2025/07/02/minirust-talk.html,individual-blogs,failed,,0,"html: page too short to trust (903 chars, min 1500); wayback: page too short to trust (1134 chars, min 1500); browser: page too short to trust (903 chars, min 1500)"
f007507,https://blog.sheerluck.dev/posts/gpui/your-first-gpui-app-building-a-desktop-ui-in-rust,individual-blogs,failed,,0,"html: HTTP Error 404: Not Found; wayback: wayback: no snapshot for https://blog.sheerluck.dev/posts/gpui/your-first-gpui-app-building-a-desktop-ui-in-rust; browser: page too short to trust (355 chars, min 1500)"
f007538,https://blog.theembeddedrustacean.com/embedded-rust-bsps-with-uferris-xiao-ldr-support-with-adc,individual-blogs,fetched,8a4f95ce0dfb,18466,html
f007606,https://elvisbrevi.hashnode.dev/improving-nodejs-with-rust-wasm-library,individual-blogs;twir-links,fetched,858f5e706bf8,7536,html
f007802,https://apollolabsblog.hashnode.dev/esp-embedded-rust-command-line-interface,individual-blogs;twir-links,fetched,a45eb6e6eac8,16244,html
f007844,https://apollolabsblog.hashnode.dev/embedded-rust-bluetooth-on-esp-ble-server,individual-blogs;twir-links,fetched,62d51911fa9f,21918,html
f007972,https://d34dl0ck.me/rust-bites-cidr-trie/index.html,individual-blogs;twir-links,fetched,8d4f50a3a835,10553,html
f007990,https://dzfrias.dev/blog/rust-wasm-minimal-setup,individual-blogs;twir-links,fetched,a1b2d36f188a,4862,html
f008275,https://theembeddedrustacean.com/p/the-embedded-rustacean-issue-37,individual-blogs;twir-links,fetched,2b3b7503d21c,10878,html
f008318,https://theembeddedrustacean.com/p/the-embedded-rustacean-issue-39,individual-blogs;twir-links,fetched,d34579723c4c,11905,html
f008325,https://onevariable.com/blog/ew25-guide,individual-blogs;twir-links,fetched,ff95260f1254,7805,html
f008522,https://kerkour.com/signal-protocol-pqxdh-rust,individual-blogs;twir-links,fetched,bd24b7b361b3,27964,browser
f008686,https://pranitha.dev/posts/neural-networks-with-candle,individual-blogs;twir-links,fetched,1070c2def511,33313,html
f008879,https://mercurialsolo.github.io/posts/claudectl-tui-dashboard,individual-blogs;twir-links,fetched,3dd55e50cb12,17645,html
f008902,https://blog.sheerluck.dev/posts/learn-error-hanlding-in-rust,individual-blogs;twir-links,fetched,fc19931f9c7a,42314,html
f009097,https://rust-blog.github.io/post/wasm-time-panic-traps,individual-blogs;twir-links,fetched,95e88cd13684,13139,browser
f009152,https://internals.rust-lang.org/t/syntactic-sugar-for-str-to-string-conversion/20488,internals,fetched,28e243b9ac73,16550,discourse-json
f009157,https://internals.rust-lang.org/t/todo-should-prevent-unused-variables-warning/20542,internals,fetched,230662fe667c,33051,discourse-json
f009166,https://internals.rust-lang.org/t/relaxation-of-reference-rules-for-single-threaded-applications/20790,internals,fetched,30ab76307386,14493,discourse-json
f009201,https://internals.rust-lang.org/t/discussion-adding-grammar-information-to-procedural-macros-for-proper-custom-syntax-support-in-the-toolchain/21496,internals,fetched,1b286f406bb2,49839,discourse-json
f009223,https://internals.rust-lang.org/t/bug-rounding-error-that-break-the-ensurance-of-f32-div-euclid/21917,internals,fetched,c482274cfec9,13855,discourse-json
f009230,https://internals.rust-lang.org/t/can-we-have-either-a-new-target-wasm32v1-unknown-unknown-or-a-set-of-new-targets-wasm32-v1-web-bindgen/22041,internals,fetched,1d17e73e709e,30169,discourse-json
f009263,https://internals.rust-lang.org/t/giving-generics-traits-via-unsafe-code/22753,internals,fetched,2960c002eb86,6758,discourse-json
f009282,https://internals.rust-lang.org/t/distributed-builds/23303,internals,fetched,0e3011b5398b,24632,discourse-json
f009308,https://internals.rust-lang.org/t/complex-numbers-pre-acp/23769,internals,fetched,dc0965d69e9e,12054,discourse-json
f009331,https://internals.rust-lang.org/t/change-error-message-of-a-failing-assert-eq/24118,internals,fetched,74bb5dcb5f0e,16612,discourse-json
f009343,https://internals.rust-lang.org/t/code-compiles-on-playground-but-fails-when-passed-via-stdin-to-rustc/24393,internals,cached,c77121810211,37911,discourse-json
f009358,https://internals.rust-lang.org/t/ai-skills-based-on-official-guidelines/24566,internals,fetched,a01807686fbb,28313,discourse-json
f009604,https://blog.rust-lang.org/2024/02/28/Clippy-deprecating-feature-cargo-clippy,project-blog,fetched,3add3d8e9469,3000,html
f009612,https://blog.rust-lang.org/2024/04/09/updates-to-rusts-wasi-targets,project-blog,fetched,4b44a48193c8,6518,html
f009635,https://blog.rust-lang.org/2024/11/26/wasip2-tier-2,project-blog,fetched,7d01b003f871,4309,html
f009652,https://blog.rust-lang.org/2025/04/04/c-abi-changes-for-wasm32-unknown-unknown,project-blog,fetched,31cc02d778d4,11409,html
f009659,https://blog.rust-lang.org/2025/12/05/crates.io-malicious-crates-finch-rust-and-sha-rust,project-blog,fetched,c07617a48ad8,1845,html
f009664,https://blog.rust-lang.org/2026/05/25/cve-2026-5223,project-blog,fetched,b2cbf1e3cd4b,2620,html
f009733,https://blog.rust-lang.org/2026/03/13/call-for-testing-build-dir-layout-v2,project-blog;twir-links,fetched,d31ed437776c,6777,html
f009735,https://blog.rust-lang.org/2026/03/21/cve-2026-33056,project-blog;twir-links,fetched,b50ba9bd7615,1914,html
f009743,https://blog.rust-lang.org/2026/06/25/vision-doc-journeys-to-learning-rust,project-blog;twir-links,fetched,1dbf0cfdd9c9,26068,html
f010838,https://github.com/rust-lang/rfcs/pull/3539,rfc,fetched,154b780c8200,169,gh-api-thread
f010894,https://github.com/rust-lang/rfcs/pull/3790,rfc,fetched,acef8f4cfac6,284,gh-api-thread
f010935,https://github.com/rust-lang/rfcs/pull/3949,rfc,fetched,78172fbe4783,298,gh-api-thread
f010964,https://github.com/rust-lang/rfcs/pull/3531,rfc;twir-links,fetched,e98e636bc47a,5355,gh-api-thread
f010976,https://github.com/rust-lang/rfcs/pull/3503,rfc;twir-links,fetched,87769c1f89ac,110767,gh-api-thread
f010992,https://github.com/rust-lang/rfcs/pull/2801,rfc;twir-links,fetched,a022c4679f6f,131820,gh-api-thread
f011014,https://github.com/rust-lang/rfcs/pull/3772,rfc;twir-links,fetched,ae20eced1403,5103,gh-api-thread
f011020,https://github.com/rust-lang/rfcs/pull/3809,rfc;twir-links,fetched,4e9abc4ca68c,46733,gh-api-thread
f011034,https://github.com/rust-lang/rfcs/pull/3875,rfc;twir-links,fetched,d6dbe61e477b,43162,gh-api-thread
f011545,https://huggingface.co/blog/santiagomed/building-a-rag-cli-application-application,twir-links,fetched,4b20d8c837fa,19297,html
f011546,https://phoronix.com/news/Google-Linux-Binder-In-Rust,twir-links,failed,,0,html: HTTP Error 403: Forbidden; wayback: wayback: no snapshot for https://phoronix.com/news/Google-Linux-Binder-In-Rust; browser: bot-wall/login-wall marker matched (335 chars)
f012023,https://users.rust-lang.org/t/twir-quote-of-the-week/328/1593,twir-links,fetched,1e029610d551,625762,discourse-json
f012048,https://filtra.io/rust-quadratic-aug-24,twir-links,fetched,7cadea3c39c1,23403,html
f012076,https://tube.xy-space.de/w/1uSn42TmjCUpR2Ta23CgMA,twir-links,fetched,5e22ab968d52,2718,browser
f012144,https://towardsdatascience.com/nine-rules-for-running-rust-in-the-browser-8228353649d1,twir-links,fetched,307acd73c2c3,37672,html
f012231,https://blog.rust-lang.org/2024/11/26/wasip2-tier-2.html,twir-links,fetched,7fe909f37898,4309,html
f012293,https://users.rust-lang.org/t/why-do-some-people-confound-t-with-stack-memory/123336/8,twir-links,fetched,ffc4ff0aba44,5968,discourse-json
f012500,https://users.rust-lang.org/t/twir-quote-of-the-week/328/1687,twir-links,fetched,81eae6698547,625762,discourse-json
f012563,https://blog.rust-lang.org/inside-rust/2025/06/21/announcing-the-clippy-feature-freeze,twir-links,fetched,1ab8fdc7f078,2750,html
f012584,https://polarsignals.com/blog/posts/2025/07/08/dst-rust,twir-links,fetched,7287ba3815a9,14359,html
f012601,https://blog.rust-lang.org/inside-rust/2025/07/21/sunsetting-the-rustwasm-github-org,twir-links,fetched,f954e44c2907,6749,html
f013199,https://users.rust-lang.org/t/treeshaking-wasm/101515,users-forum,fetched,ee5a0b425ee1,15188,discourse-json
f013230,https://users.rust-lang.org/t/serde-yaml-deprecation-alternatives/108868,users-forum,fetched,591ec0a8246a,31945,discourse-json
f013233,https://users.rust-lang.org/t/recommendations-for-2-phase-cyclic-graph-structure-app/109452,users-forum,fetched,fd06f960b0a1,30825,discourse-json
f013257,https://users.rust-lang.org/t/no-std-no-allocator-heap-no-void-how/115809,users-forum,fetched,dc8f141d0c9f,58431,discourse-json
f013302,https://users.rust-lang.org/t/let-else-syntax-feels-underwhelming/129240,users-forum,fetched,df3f95be34f6,18366,discourse-json
f013348,https://users.rust-lang.org/t/mod-seems-to-be-counter-intuitive-in-rust/137102,users-forum,fetched,893a7780f6ee,12637,discourse-json
f013353,https://users.rust-lang.org/t/rust-is-perfectly-imperfect/137693,users-forum,fetched,65300d797aa5,32626,discourse-json
f013354,https://users.rust-lang.org/t/im-learning-rust-and-i-need-advice/137707,users-forum,fetched,600a3ac04c46,25873,discourse-json
f013374,https://users.rust-lang.org/t/clippy-rust-format-and-cargo-toml/139637,users-forum,fetched,3d5d733b8666,10454,discourse-json
f013390,https://users.rust-lang.org/t/std-hashmap-is-slower-than-other-languages-hashmap/140941,users-forum,fetched,aabaecb17d46,24867,discourse-json
f013407,https://golem.de/news/softwareentwicklung-welche-programmiersprachen-2024-wichtig-sind-2401-180700.amp.html,blogs,fetched,99206c8bd52c,2483,html
f013410,https://t3n.de/news/microsoft-c-code-rust-1723011,blogs,fetched,1761c3d28764,6888,html
f013411,https://heise.de/hintergrund/Cross-Plattform-Applikationen-mit-Rust-3-Fachlichkeiten-und-Shell-Integration-11273602.html,blogs,fetched,1cdf7e1ec093,12365,html
f013412,https://heise.de/news/Zed-1-0-GPU-beschleunigter-Open-Source-Editor-mit-KI-Support-11278480.html,blogs,fetched,7c7a9755b449,6279,html
f013416,https://heise.de/news/Rust-Coreutils-0-9-0-weniger-unsafe-mehr-Tempo-11315063.html,blogs,fetched,76ea9bcf36df,10014,html
f013417,https://heise.de/news/Unix-Befehle-nativ-unter-Windows-Microsoft-veroeffentlicht-eigene-Coreutils-11316882.html,blogs,fetched,1dbdbee3e6ff,8393,html
f013419,https://heise.de/news/Rust-startet-kommerzielles-Netzwerk-11344130.html,blogs,fetched,8ab6b39862e2,6345,html
f013424,https://heise.de/news/Mojo-1-Sieht-aus-wie-Python-ist-aber-mehr-Rust-11415648.html,blogs,fetched,091387c41d2f,11429,html
f013425,https://heise.de/news/Paketmanager-pnpm-12-beschleunigt-sich-selbst-mit-Rust-11436339.html,blogs,fetched,e04a694ac899,7946,html
f013426,https://heise.de/news/Rust-trifft-auf-Agentic-AI-Online-Konferenz-betterCode-Rust-im-November-11421652.html,blogs,fetched,765b11cd6d1d,5821,html
f013429,https://heise.de/news/Ubuntu-schliesst-Rust-Umstieg-ab-11456307.html,blogs,fetched,aab6bc30a3c3,9356,html
f013430,https://golem.de/news/von-c-nach-rust-ki-bringt-bewegung-in-die-legacy-migration-2609-213199.html,blogs,fetched,b80b8b1ddd54,2483,html
f013431,https://golem.de/news/von-typescript-und-node-js-github-migriert-mit-ki-800-000-codezeilen-nach-rust-2609-213310.html,blogs,fetched,ca686ac277b5,2483,html
f013432,https://heise.de/news/Rust-statt-Ruby-Rails-Gruender-Hanssons-neues-Projekt-11465387.html,blogs,fetched,4d9cfc0a927f,10929,html
f013434,https://rust-lernen.de/books/978-3-98871-003-1.html,books,failed,,0,book: no chapters found past the front page (1640 chars)
f013438,https://rustcc.cn/2024conf/schedule.html#talk-11,conference-talks,cached,7e7125eb4dd7,16315,html
f013439,https://rustcc.cn/2024conf/schedule.html#talk-12,conference-talks,fetched,75b8ac632ab0,16315,html
f013441,https://rustcc.cn/2024conf/schedule.html#talk-14,conference-talks,fetched,8e63f78053b9,16315,html
f013451,https://rustcc.cn/2024conf/schedule.html#talk-23,conference-talks,fetched,7e28d38e33c7,16315,html
f013454,https://rustcc.cn/2024conf/schedule.html#talk-3,conference-talks,fetched,478ab44ec614,16315,html
f013456,https://rustcc.cn/2024conf/schedule.html#talk-5,conference-talks,fetched,bee4be7bb494,16315,html
f013459,https://rustcc.cn/2024conf/schedule.html#talk-8,conference-talks,fetched,cac7f973d8a5,16315,html
f013460,https://rustcc.cn/2024conf/schedule.html#talk-9,conference-talks,fetched,4063169877b1,16315,html
f013461,https://rustcc.cn/2024conf/schedule.html#talk-26,conference-talks,fetched,72e64edc9e6c,16315,html
f013463,https://rustcc.cn/2024conf/schedule.html#talk-28,conference-talks,fetched,4ef5f0558b44,16315,html
f013464,https://rustcc.cn/2024conf/schedule.html#talk-29,conference-talks,fetched,55bea636a1ef,16315,html
f013465,https://rustcc.cn/2024conf/schedule.html#talk-30,conference-talks,fetched,2f4c730986ef,16315,html
f013469,https://rustcc.cn/2024conf/schedule.html#talk-34,conference-talks,fetched,144786205b83,16315,html
f013474,https://rustcc.cn/2024conf/schedule.html#talk-39,conference-talks,fetched,86f955177928,16315,html
f013476,https://rustcc.cn/2024conf/schedule.html#talk-41,conference-talks,fetched,2da4ae9e519b,16315,html
f013481,https://rustcc.cn/2024conf/schedule.html#talk-46,conference-talks,fetched,03c39e478564,16315,html
f013482,https://rustcc.cn/2024conf/schedule.html#talk-47,conference-talks,fetched,c10523063825,16315,html
f013484,https://rustcc.cn/2024conf/schedule.html#talk-49,conference-talks,fetched,a072b22dfaae,16315,html
f013487,https://rustcc.cn/2025conf/schedule.html#talk-11,conference-talks,fetched,2333d504ff66,38015,html
f013489,https://rustcc.cn/2025conf/schedule.html#talk-13,conference-talks,fetched,e0ca67b18b71,38015,html
f013491,https://rustcc.cn/2025conf/schedule.html#talk-15,conference-talks,fetched,26638fe27240,38015,html
f013492,https://rustcc.cn/2025conf/schedule.html#talk-16,conference-talks,fetched,67bbd8352d15,38015,html
f013496,https://rustcc.cn/2025conf/schedule.html#talk-2,conference-talks,fetched,ffb5221133e8,38015,html
f013497,https://rustcc.cn/2025conf/schedule.html#talk-20,conference-talks,fetched,5a474355b026,38015,html
f013498,https://rustcc.cn/2025conf/schedule.html#talk-21,conference-talks,fetched,b493e3f0c837,38015,html
f013499,https://rustcc.cn/2025conf/schedule.html#talk-22,conference-talks,fetched,7f4ce731a7f0,38015,html
f013501,https://rustcc.cn/2025conf/schedule.html#talk-24,conference-talks,fetched,847b860d8618,38015,html
f013502,https://rustcc.cn/2025conf/schedule.html#talk-25,conference-talks,fetched,744400313405,38015,html
f013503,https://rustcc.cn/2025conf/schedule.html#talk-26,conference-talks,fetched,3f980ee41c7b,38015,html
f013504,https://rustcc.cn/2025conf/schedule.html#talk-27,conference-talks,fetched,a31b18b7235f,38015,html
f013505,https://rustcc.cn/2025conf/schedule.html#talk-28,conference-talks,fetched,206725c13ef9,38015,html
f013506,https://rustcc.cn/2025conf/schedule.html#talk-29,conference-talks,fetched,3de356b0d2a8,38015,html
f013518,https://rustcc.cn/2025conf/schedule.html#talk-34,conference-talks,fetched,6c5bb7dccbee,38015,html
f013521,https://rustcc.cn/2025conf/schedule.html#talk-37,conference-talks,fetched,d503c4160d38,38015,html
f013522,https://rustcc.cn/2025conf/schedule.html#talk-38,conference-talks,fetched,fbc96ddadaac,38015,html
f013528,https://rustcc.cn/2025conf/schedule.html#talk-44,conference-talks,fetched,609b65e0dade,38015,html
f013529,https://rustcc.cn/2025conf/schedule.html#talk-45,conference-talks,fetched,c496e41a9226,38015,html
f013533,https://rustcc.cn/2025conf/schedule.html#talk-49,conference-talks,fetched,5ed5b4d2d73a,38015,html
f013535,https://rustcc.cn/2025conf/schedule.html#talk-51,conference-talks,fetched,7d2a0e8ce6c3,38015,html
f013537,https://rustcc.cn/2025conf/schedule.html#talk-53,conference-talks,fetched,2d44a6c1804b,38015,html
f013538,https://rustcc.cn/2025conf/schedule.html#talk-54,conference-talks,fetched,bd3583aa7512,38015,html
f013539,https://rustcc.cn/2025conf/schedule.html#talk-55,conference-talks,fetched,8c6cae66f588,38015,html
f013540,https://dou.ua/forums/topic/46708,dou,fetched,fd7492c5df42,47784,html
f013541,https://dou.ua/forums/topic/52106,dou,fetched,9961b4237a6e,7132,html
f013543,https://dou.ua/lenta/articles/salary-report-devs-winter-2026,dou,fetched,3531187f9bac,20420,html
f013544,https://dou.ua/forums/topic/57710,dou,fetched,6d2e88a77f6c,45904,html
f013545,https://dou.ua/forums/topic/59542,dou,fetched,e04e3e26e445,20057,html
f013546,https://dou.ua/forums/topic/59642,dou,fetched,7bed17758018,18076,html
f013548,https://dou.ua/lenta/articles/salary-report-devs-summer-2026,dou,fetched,0e50d10e0d4a,21722,html
f013549,https://dou.ua/forums/topic/61490,dou,fetched,154d1fe3105b,27237,html
f013555,https://rustcc.cn/article?id=7614a3ca-5d0b-4f92-b6dc-23cc8f74bcb9,forum-threads,failed,,0,"html: page too short to trust (1240 chars, min 1500); wayback: page too short to trust (1483 chars, min 1500); browser: page too short to trust (1240 chars, min 1500)"
f013556,https://rustcc.cn/article?id=406fa8eb-2009-4331-b7e2-acc46d710e8c,forum-threads,fetched,1748b4f82cd6,1528,wayback
f013604,https://rustcc.cn/article?id=00f536ed-608e-4272-b744-de814b038008,forum-threads,failed,,0,"html: page too short to trust (941 chars, min 1500); wayback: wayback: no snapshot for https://rustcc.cn/article?id=00f536ed-608e-4272-b744-de814b038008; browser: page too short to trust (941 chars, min 1500)"
f013632,https://rustcc.cn/article?id=c9ca6c45-8323-4ab2-aeec-6fdc928ab7f3,forum-threads,fetched,2c6a9ec9b17e,1615,wayback
f013644,https://rustcc.cn/article?id=f1875505-af4e-4043-ba92-f95a2e7e01a1,forum-threads,failed,,0,"html: page too short to trust (1149 chars, min 1500); wayback: wayback: no snapshot for https://rustcc.cn/article?id=f1875505-af4e-4043-ba92-f95a2e7e01a1; browser: page too short to trust (1149 chars, min 1500)"
f013658,https://rustcc.cn/article?id=90de7546-ba73-4200-becb-2a12e1a29508,forum-threads,fetched,64c8dd87f29e,1552,html
f013669,https://rustcc.cn/article?id=ac77b4d0-9915-4b7b-a90c-f1f6f495906b,forum-threads,failed,,0,"html: page too short to trust (810 chars, min 1500); wayback: page too short to trust (1053 chars, min 1500); browser: page too short to trust (810 chars, min 1500)"
f013679,https://rustcc.cn/article?id=3c076695-7832-439e-830e-13fc550b8762,forum-threads,failed,,0,"html: page too short to trust (1186 chars, min 1500); wayback: page too short to trust (1429 chars, min 1500); browser: page too short to trust (1186 chars, min 1500)"
f013682,https://rustcc.cn/article?id=7003d812-a0dc-4d10-965a-2d99a4c5398a,forum-threads,failed,,0,"html: page too short to trust (1175 chars, min 1500); wayback: wayback: no snapshot for https://rustcc.cn/article?id=7003d812-a0dc-4d10-965a-2d99a4c5398a; browser: page too short to trust (1175 chars, min 1500)"
f013695,https://rustcc.cn/article?id=1020fdd7-2572-4bd9-800d-8bd53465178c,forum-threads,fetched,7874fb02e052,2861,html
f013707,https://rustcc.cn/article?id=31aebdb6-a164-443d-b698-aba3112cc14f,forum-threads,fetched,c7c57015eb5e,3049,html
f013711,https://rustcc.cn/article?id=2165a4cb-bc54-4006-9436-e9397d396863,forum-threads,failed,,0,"html: page too short to trust (409 chars, min 1500); wayback: wayback: no snapshot for https://rustcc.cn/article?id=2165a4cb-bc54-4006-9436-e9397d396863; browser: page too short to trust (409 chars, min 1500)"
f013712,https://rustcc.cn/article?id=2856e49d-40ba-4b04-86eb-ebae8a20eb4c,forum-threads,failed,,0,"html: page too short to trust (526 chars, min 1500); wayback: wayback: no snapshot for https://rustcc.cn/article?id=2856e49d-40ba-4b04-86eb-ebae8a20eb4c; browser: page too short to trust (526 chars, min 1500)"
f013713,https://rustcc.cn/article?id=46e842e1-4d7c-4839-9fb4-201e138fff42,forum-threads,fetched,3dc7122888ce,1619,wayback
f013757,https://rustcc.cn/article?id=aa5426b5-232a-4838-bdd1-2b84407c7666,forum-threads,fetched,58a38f06f645,7605,html
f013761,https://rustcc.cn/article?id=b4604666-9a1e-4518-bd61-3f7304e379b3,forum-threads,fetched,22527880a991,7867,html
f013774,https://rustcc.cn/article?id=07f2d8c7-93ee-4e89-90f1-de89e7905b14,forum-threads,failed,,0,"html: page too short to trust (612 chars, min 1500); wayback: page too short to trust (855 chars, min 1500); browser: page too short to trust (612 chars, min 1500)"
f013785,https://rustcc.cn/article?id=18e30118-64da-4249-b8be-0192a0f25236,forum-threads,fetched,25177ff5d539,4234,html
f013804,https://rustcc.cn/article?id=70a95e9a-1d57-4c1b-8026-eafc3064859c,forum-threads,failed,,0,"html: page too short to trust (1157 chars, min 1500); wayback: page too short to trust (1400 chars, min 1500); browser: page too short to trust (1157 chars, min 1500)"
f013816,https://rustcc.cn/article?id=61e5dd0a-45c6-4f09-8554-c6b7c01f202b,forum-threads,fetched,c2fdb66f787a,1972,html
f013828,https://rustcc.cn/article?id=b33f061e-f4b9-4101-add7-04a5da8c8a8a,forum-threads,failed,,0,"html: page too short to trust (489 chars, min 1500); wayback: page too short to trust (732 chars, min 1500); browser: page too short to trust (489 chars, min 1500)"
f013871,https://rustcc.cn/article?id=f436ad07-c62d-460f-8a73-7ac0b9058c49,forum-threads,failed,,0,"html: page too short to trust (590 chars, min 1500); wayback: wayback: no snapshot for https://rustcc.cn/article?id=f436ad07-c62d-460f-8a73-7ac0b9058c49; browser: page too short to trust (590 chars, min 1500)"
f013875,https://rustcc.cn/article?id=42f6ad67-55d6-4377-a6f6-f97e6dcc0d0e,forum-threads,fetched,a7be34ea6650,7188,html
f013889,https://rustcc.cn/article?id=f2690891-ed7d-41d0-9c67-eaa45a453dc8,forum-threads,failed,,0,"html: page too short to trust (729 chars, min 1500); wayback: page too short to trust (957 chars, min 1500); browser: page too short to trust (729 chars, min 1500)"
f013895,https://rustcc.cn/article?id=621427b9-e0ac-4883-af41-b020c5ec41bb,forum-threads,fetched,3bb47759fb0e,4345,html
f013906,https://rustcc.cn/article?id=176231c8-e430-45d5-bfcb-ca43c7b72401,forum-threads,fetched,962881ffdd97,2197,html
f013914,https://rustcc.cn/article?id=2249ef7a-1f65-4eed-b9f7-d56ebdd1d221,forum-threads,failed,,0,"html: page too short to trust (991 chars, min 1500); wayback: page too short to trust (1234 chars, min 1500); browser: page too short to trust (991 chars, min 1500)"
f013917,https://rustcc.cn/article?id=49e4d50b-d23f-43b1-bf08-00f7449546ce,forum-threads,failed,,0,"html: page too short to trust (874 chars, min 1500); wayback: page too short to trust (1117 chars, min 1500); browser: page too short to trust (874 chars, min 1500)"
f013924,https://rustcc.cn/article?id=407d143c-07b3-466d-b722-369dd97eb670,forum-threads,fetched,67af56fb518c,14940,html
f013927,https://rustcc.cn/article?id=cb8ea27f-4ab3-4750-8925-c618a64f1914,forum-threads,failed,,0,"html: page too short to trust (782 chars, min 1500); wayback: page too short to trust (1025 chars, min 1500); browser: page too short to trust (782 chars, min 1500)"
f013951,https://rustcc.cn/article?id=16cb9e9a-e49f-49b0-a61f-5e4b9893cc13,forum-threads,failed,,0,"html: page too short to trust (732 chars, min 1500); wayback: page too short to trust (975 chars, min 1500); browser: page too short to trust (732 chars, min 1500)"
f013954,https://rustcc.cn/article?id=2fb21c05-26b6-43de-b289-415a5fbf0176,forum-threads,fetched,1b201ff9971b,2538,html
f013975,https://rustcc.cn/article?id=ffbf60eb-4905-471f-a0d8-69c2f5af6b5b,forum-threads,fetched,2c35163eb31f,1611,html
f013979,https://rustcc.cn/article?id=ef644156-8fec-4cbc-bb8d-1ce19c8c6d2f,forum-threads,failed,,0,"html: page too short to trust (889 chars, min 1500); wayback: wayback: no snapshot for https://rustcc.cn/article?id=ef644156-8fec-4cbc-bb8d-1ce19c8c6d2f; browser: page too short to trust (889 chars, min 1500)"
f013982,https://rustcc.cn/article?id=ded4dfd9-a4c3-4585-98f0-bb6cf92cc238,forum-threads,failed,,0,"html: page too short to trust (907 chars, min 1500); wayback: wayback: no snapshot for https://rustcc.cn/article?id=ded4dfd9-a4c3-4585-98f0-bb6cf92cc238; browser: page too short to trust (907 chars, min 1500)"
f013985,https://rustcc.cn/article?id=f7d1fac9-2907-4540-8dcd-cc79311b98be,forum-threads,fetched,9cd7ca615e36,1511,wayback
f014006,https://rustcc.cn/article?id=d3c532a1-abb6-4a8f-ac9f-869cb504c6e8,forum-threads,failed,,0,"html: page too short to trust (626 chars, min 1500); wayback: page too short to trust (869 chars, min 1500); browser: page too short to trust (626 chars, min 1500)"
f014015,https://rustcc.cn/article?id=57f7d298-f375-4e7d-b0a2-7bfb4e153d9a,forum-threads,failed,,0,"html: page too short to trust (1033 chars, min 1500); wayback: page too short to trust (1276 chars, min 1500); browser: page too short to trust (1033 chars, min 1500)"
f014023,https://rustcc.cn/article?id=1335a831-646d-4934-97e8-a48bccefc612,forum-threads,fetched,4d43798fce1b,1714,html
f014025,https://rustcc.cn/article?id=8d7b2dc0-33c1-4463-8608-49a052db31d3,forum-threads,fetched,c19c10882405,2956,html
f014037,https://rustcc.cn/article?id=e8ffdc9d-405f-40ae-b0cc-497c863f280b,forum-threads,failed,,0,"html: page too short to trust (551 chars, min 1500); wayback: page too short to trust (794 chars, min 1500); browser: page too short to trust (551 chars, min 1500)"
f014050,https://rustcc.cn/article?id=75e6f9cb-8ed6-4ff0-9cbb-2d59852b7012,forum-threads,failed,,0,"html: page too short to trust (731 chars, min 1500); wayback: wayback: no snapshot for https://rustcc.cn/article?id=75e6f9cb-8ed6-4ff0-9cbb-2d59852b7012; browser: page too short to trust (731 chars, min 1500)"
f014058,https://rustcc.cn/article?id=14ae37c7-c550-431a-8877-5caf0bd89680,forum-threads,failed,,0,"html: page too short to trust (977 chars, min 1500); wayback: page too short to trust (1205 chars, min 1500); browser: page too short to trust (977 chars, min 1500)"
f014086,https://rustcc.cn/article?id=e5f29f8f-7477-4567-a0d6-b70eef162c0b,forum-threads,fetched,1bebd4f65ea5,2519,html
f014089,https://rustcc.cn/article?id=dfbcbf72-69ac-4a0b-884a-2c8fa8e85290,forum-threads,failed,,0,"html: page too short to trust (636 chars, min 1500); wayback: page too short to trust (879 chars, min 1500); browser: page too short to trust (636 chars, min 1500)"
f014090,https://rustcc.cn/article?id=03573059-5d06-4d5f-b36e-36d98ed2a223,forum-threads,fetched,6ce6915799ae,3787,html
f014101,https://rustcc.cn/article?id=cfd94cdc-e061-426b-aad3-6b28e578d008,forum-threads,failed,,0,"html: page too short to trust (498 chars, min 1500); wayback: wayback: no snapshot for https://rustcc.cn/article?id=cfd94cdc-e061-426b-aad3-6b28e578d008; browser: page too short to trust (498 chars, min 1500)"
f014113,https://rustcc.cn/article?id=6494c97f-9a98-4958-8147-a97b21ca09d1,forum-threads,failed,,0,"html: page too short to trust (665 chars, min 1500); wayback: page too short to trust (908 chars, min 1500); browser: page too short to trust (665 chars, min 1500)"
f014114,https://rustcc.cn/article?id=4c2d9279-54cd-4179-953b-aa6fe7a9378d,forum-threads,failed,,0,"html: page too short to trust (422 chars, min 1500); wayback: page too short to trust (665 chars, min 1500); browser: page too short to trust (422 chars, min 1500)"
f014126,https://rustcc.cn/article?id=64a61391-61ac-4d8a-b18f-7d991218be49,forum-threads,failed,,0,"html: page too short to trust (743 chars, min 1500); wayback: page too short to trust (986 chars, min 1500); browser: page too short to trust (743 chars, min 1500)"
f014138,https://rustcc.cn/article?id=f42f101e-1d6b-40a0-aa02-b49249576bb8,forum-threads,failed,,0,"html: page too short to trust (789 chars, min 1500); wayback: wayback: no snapshot for https://rustcc.cn/article?id=f42f101e-1d6b-40a0-aa02-b49249576bb8; browser: page too short to trust (789 chars, min 1500)"
f014141,https://rustcc.cn/article?id=0654290c-efc1-44f3-a27e-c3e95c40fabc,forum-threads,fetched,eda23c84e6c2,3689,html
f014143,https://rustcc.cn/article?id=d763e68d-7035-4199-964e-50e327a1b92e,forum-threads,failed,,0,"html: page too short to trust (713 chars, min 1500); wayback: page too short to trust (941 chars, min 1500); browser: page too short to trust (713 chars, min 1500)"
f014159,https://rustcc.cn/article?id=b349d951-0e05-46bd-8ded-07c06a598e94,forum-threads,fetched,c14e743210c0,1595,html
f014173,https://rustcc.cn/article?id=a5ae1a99-4caa-4274-916b-a925afe343d3,forum-threads,fetched,cf5f13d1440f,1628,wayback
f014185,https://rustcc.cn/article?id=8d5a6151-2ed4-401c-b0db-597e271e6e37,forum-threads,failed,,0,"html: page too short to trust (881 chars, min 1500); wayback: wayback: no snapshot for https://rustcc.cn/article?id=8d5a6151-2ed4-401c-b0db-597e271e6e37; browser: page too short to trust (881 chars, min 1500)"
f014205,https://rustcc.cn/article?id=225156dc-79e1-4fc3-adae-fea1528675d5,forum-threads,fetched,2e4f9011291c,2714,html
f014212,https://rustcc.cn/article?id=6fe0c511-0d97-4c1c-b23c-aeecb4dc2bd6,forum-threads,fetched,77895f60dbe7,11231,html
f014218,https://rustcc.cn/article?id=724fc189-c2c3-4fa9-af08-d14245ed7618,forum-threads,fetched,7352c501fef4,1551,wayback
f014221,https://rustcc.cn/article?id=4ce6e8d2-e4f8-41b3-91d8-a698661aa9d4,forum-threads,failed,,0,"html: page too short to trust (876 chars, min 1500); wayback: page too short to trust (1104 chars, min 1500); browser: page too short to trust (876 chars, min 1500)"
f014223,https://rustcc.cn/article?id=f067879c-10ae-408c-b65c-94645b3c5217,forum-threads,failed,,0,"html: page too short to trust (930 chars, min 1500); wayback: page too short to trust (1158 chars, min 1500); browser: page too short to trust (930 chars, min 1500)"
f014231,https://rustcc.cn/article?id=ba16e35b-f21e-4fee-836f-79ef4ad6c8eb,forum-threads,failed,,0,"html: page too short to trust (484 chars, min 1500); wayback: page too short to trust (727 chars, min 1500); browser: page too short to trust (484 chars, min 1500)"
f014237,https://rustcc.cn/article?id=f753812a-12df-45d4-af76-7dfd1a2e0bd9,forum-threads,failed,,0,"html: page too short to trust (592 chars, min 1500); wayback: wayback: no snapshot for https://rustcc.cn/article?id=f753812a-12df-45d4-af76-7dfd1a2e0bd9; browser: page too short to trust (592 chars, min 1500)"
f014242,https://rustcc.cn/article?id=cadacff7-c4a3-44e5-b529-8e64ebe2c248,forum-threads,fetched,54c5cc40210c,4867,html
f014277,https://rustcc.cn/article?id=90cf3114-3423-4ed4-a696-967d13059038,forum-threads,fetched,f934db8051e6,1586,wayback
f014284,https://rustcc.cn/article?id=d4bd943e-1b9c-445d-940f-78fcf1067ce9,forum-threads,fetched,f62769275134,2319,html
f014295,https://rustcc.cn/article?id=58b4a89f-c728-4866-8632-19ad1a3fbd4d,forum-threads,failed,,0,"html: page too short to trust (1082 chars, min 1500); wayback: wayback: no snapshot for https://rustcc.cn/article?id=58b4a89f-c728-4866-8632-19ad1a3fbd4d; browser: page too short to trust (1082 chars, min 1500)"
f014299,https://rustcc.cn/article?id=3cfa6aa8-448f-4724-a915-b5d94dbf88f8,forum-threads,fetched,28e738e3fecd,1978,html
f014304,https://rustcc.cn/article?id=ba1073ad-377d-404d-b490-a521f82ef248,forum-threads,fetched,ab9dbe2e7e8e,9384,html
f014305,https://rustcc.cn/article?id=15ae5590-e2b6-4ead-b4bd-8ff17718199c,forum-threads,fetched,d5c19388f9c9,3949,html
f014309,https://rustcc.cn/article?id=b0628330-44d6-4460-ab41-56281c0ba56f,forum-threads,failed,,0,"html: page too short to trust (1043 chars, min 1500); wayback: wayback: no snapshot for https://rustcc.cn/article?id=b0628330-44d6-4460-ab41-56281c0ba56f; browser: page too short to trust (1043 chars, min 1500)"
f014328,https://rustcc.cn/article?id=53b22dca-82f3-48aa-b91d-3d91784b01d4,forum-threads,fetched,36548309116c,1900,html
f014342,https://rustcc.cn/article?id=ee3727bb-beec-4a4c-b570-5d56f0dd2d06,forum-threads,fetched,6b3f26dcf2f9,1743,html
f014351,https://rustcc.cn/article?id=b835ffd3-74ef-4bb7-9a98-c2d08fb12b02,forum-threads,fetched,226f145e371d,4383,html
f014367,https://rustcc.cn/article?id=be9a7439-ecf0-422d-9f59-4f2481ae8924,forum-threads,fetched,32e41ffcfaf4,1555,html
f014368,https://rustcc.cn/article?id=fa5ced63-de04-49e4-b7c0-297f00740cbc,forum-threads,fetched,f49b440c7e65,2485,html
f014374,https://rustcc.cn/article?id=a1f6e92e-3420-487d-abfa-446690f3f6ca,forum-threads,fetched,fb4b748b155f,3065,html
f014393,https://rustcc.cn/article?id=41509fbb-e18b-4b56-92ce-fc2a044fcfb1,forum-threads,failed,,0,"html: page too short to trust (1277 chars, min 1500); wayback: wayback: no snapshot for https://rustcc.cn/article?id=41509fbb-e18b-4b56-92ce-fc2a044fcfb1; browser: page too short to trust (1277 chars, min 1500)"
f014397,https://rustcc.cn/article?id=c7b9bc5e-2fad-42fc-983e-5302127be8ca,forum-threads,fetched,5586a275a3a1,4315,html
f014405,https://rustcc.cn/article?id=fe614c11-b5c7-43d6-92ca-a8bb4df4774e,forum-threads,failed,,0,"html: page too short to trust (1371 chars, min 1500); wayback: wayback: no snapshot for https://rustcc.cn/article?id=fe614c11-b5c7-43d6-92ca-a8bb4df4774e; browser: page too short to trust (1371 chars, min 1500)"
f014406,https://rustcc.cn/article?id=dbc472b1-0dc4-417b-8554-18e8e110359b,forum-threads,failed,,0,"html: page too short to trust (1323 chars, min 1500); wayback: wayback: no snapshot for https://rustcc.cn/article?id=dbc472b1-0dc4-417b-8554-18e8e110359b; browser: page too short to trust (1323 chars, min 1500)"
f014410,https://rustcc.cn/article?id=cf2cbce7-1b30-44d5-a437-e185b7508048,forum-threads,fetched,396b55f4ada0,1861,html
f014427,https://rustcc.cn/article?id=3c18904c-8f24-47e9-bdd0-f55aae9f8d82,forum-threads,fetched,d34cec2f41eb,3146,html
f014441,https://rustcc.cn/article?id=546f947a-cff2-493c-8640-42c6382d7a67,forum-threads,fetched,d73f5d15959e,6848,html
f014460,https://rustcc.cn/article?id=75f55093-28f6-41a6-94bf-3fa5b73fa1a6,forum-threads,fetched,17396500cef9,2265,html
f014474,https://github.com/rust-lang-ua/kma_rustlang_course_2024_Andrii_Kviatkovskyi,github,fetched,e68697e3db70,17,gh-api-repo
f014477,https://github.com/rust-lang-ua/kma_rustlang_course_2024_Andrii_Shandryk,github,fetched,90513050d3df,17,gh-api-repo
f014478,https://github.com/rust-lang-ua/kma_rustlang_course_2024_Anton_Pysmennyi,github,fetched,2fac1937193d,17,gh-api-repo
f014481,https://github.com/rust-lang-ua/kma_rustlang_course_2024_Artem_Shylov,github,fetched,6dc0a079c905,20,gh-api-repo
f014483,https://github.com/rust-lang-ua/kma_rustlang_course_2024_Artem_Trokhymchuk,github,fetched,b83cebcc263c,17,gh-api-repo
f014484,https://github.com/rust-lang-ua/kma_rustlang_course_2024_Artemii_Kolomiichuk,github,fetched,70c49a799e83,17,gh-api-repo
f014489,https://github.com/rust-lang-ua/kma_rustlang_course_2024_Daniil_Melnyk,github,fetched,92085c139174,17,gh-api-repo
f014493,https://github.com/rust-lang-ua/kma_rustlang_course_2024_Daria_Vetrykush,github,fetched,f601485ff213,17,gh-api-repo
f014509,https://github.com/rust-lang-ua/kma_rustlang_course_2024_Khrystyna_Kosiv,github,fetched,d4bfee3f424c,17,gh-api-repo
f014513,https://github.com/rust-lang-ua/kma_rustlang_course_2024_Maksym_Khomenko,github,fetched,38d16b8a6a42,17,gh-api-repo
f014517,https://github.com/rust-lang-ua/kma_rustlang_course_2024_Mariia_Sychova,github,fetched,984b1748eb7e,17,gh-api-repo
f014520,https://github.com/rust-lang-ua/kma_rustlang_course_2024_Mykola_Andrusenko,github,fetched,b337d66ef646,17,gh-api-repo
f014534,https://github.com/rust-lang-ua/kma_rustlang_course_2024_Olha_Horban,github,fetched,84a30d2970e6,17,gh-api-repo
f014552,https://github.com/rust-lang-ua/kma_rustlang_course_2024_Yulia_Skip,github,fetched,24d5e945a393,17,gh-api-repo
f014554,https://engineeringkiosk.dev/podcast/episode/98-der-hype-um-rust-mit-matthias-endler,podcasts,fetched,f385e52112c7,89759,html
f014555,https://iotusecase.com/de/podcast/so-geht-iot-embedded-softwareentwicklung-mit-der-programmiersprache-rust,podcasts,fetched,e2748c63a341,30189,html
f014556,https://rhebo.com/de/unternehmen/news/post/wie-die-programmiersprache-rust-fuer-einen-sichereren-produktcode-sorgt,podcasts,fetched,61ad67984716,29005,html
f014558,https://podcasts.apple.com/de/podcast/rust-konzepte-architektur-und-einsatzgebiete-mit-marcel/id1663188205?i=1000768463960,podcasts,fetched,377a67f8054a,8201,html
f014559,https://programmier.bar/podcast/news-22-26-bun-rewrite-in-rust-erwartungen-an-ai-labs-apple-design-awards,podcasts,fetched,32b20e0405c6,55127,html
f014560,https://programmier.bar/podcast/news-35-26-replit-mit-dauerhaft-kostenlosem-tier-bun-1-4-und-der-rust-rewrite-slack-code-channels,podcasts,fetched,60ddbf5e4d10,32544,html
f014582,https://rustcc.cn/article?id=62441312-195b-4938-81c4-5bc0112baf86,qa-topics,fetched,03d27213fe51,5952,html
f014583,https://rustcc.cn/article?id=c6be55b8-51f8-427e-8aaa-d4768c86f288,qa-topics,failed,,0,"html: page too short to trust (962 chars, min 1500); wayback: wayback: no snapshot for https://rustcc.cn/article?id=c6be55b8-51f8-427e-8aaa-d4768c86f288; browser: page too short to trust (962 chars, min 1500)"
f014589,https://rustcc.cn/article?id=21264345-1838-42c1-8d7d-526bedee042d,qa-topics,fetched,6363b203d365,3597,html
f014592,https://rustcc.cn/article?id=926f8f73-912c-4860-a4e8-979b8d73b4ba,qa-topics,fetched,ffe9d052d8f4,2125,html
f014595,https://rustcc.cn/article?id=3c65a1a9-dad5-40a7-8dd7-6e0951c7a456,qa-topics,fetched,3974731b398c,1544,html
f014596,https://rustcc.cn/article?id=574c7336-97e6-4bc1-b4bf-5b2b8ce92844,qa-topics,failed,,0,"html: page too short to trust (935 chars, min 1500); wayback: wayback: no snapshot for https://rustcc.cn/article?id=574c7336-97e6-4bc1-b4bf-5b2b8ce92844; browser: page too short to trust (935 chars, min 1500)"
f014607,https://rustcc.cn/article?id=fd4cdc06-a24a-424b-abd0-1081e44c2e26,qa-topics,fetched,65b8004f9b63,11406,html
f014615,https://rustcc.cn/article?id=3a4cdb60-8db4-476e-9cff-655d47695730,qa-topics,fetched,d91a652b41f4,3722,html
f014636,https://rustcc.cn/article?id=dc842698-3cfd-4e08-8352-e8149c44fef7,qa-topics,fetched,43e2d20b87b7,1549,wayback
f014644,https://rustcc.cn/article?id=f7ab4261-9be1-479f-ad38-4241ebea207f,qa-topics,fetched,c18bc9c40920,1727,wayback
f014650,https://rustcc.cn/article?id=a5886497-acbc-4030-a660-003201ba7070,qa-topics,fetched,f565f6dd31b6,4262,html
f014663,https://rustcc.cn/article?id=6b7c7368-b966-49b5-903b-efee1ed8e455,qa-topics,failed,,0,"html: page too short to trust (588 chars, min 1500); wayback: wayback: no snapshot for https://rustcc.cn/article?id=6b7c7368-b966-49b5-903b-efee1ed8e455; browser: page too short to trust (588 chars, min 1500)"
f014673,https://rustcc.cn/article?id=85c4a651-36e1-410c-865e-210b2c42f86b,qa-topics,fetched,07e29ccf9b90,2678,html
f014676,https://rustcc.cn/article?id=32bd9162-ee83-46aa-9897-9164bd8d9bd8,qa-topics,fetched,45611576721f,6054,html
f014701,https://rustcc.cn/article?id=e0739a27-d99f-4ce9-b411-91aab42a4047,qa-topics,fetched,b2c2bd5f6740,32830,html
f014708,https://rustcc.cn/article?id=abddca40-c6c3-4cb8-8591-9d6e611f5dd1,qa-topics,failed,,0,"html: page too short to trust (447 chars, min 1500); wayback: wayback: no snapshot for https://rustcc.cn/article?id=abddca40-c6c3-4cb8-8591-9d6e611f5dd1; browser: page too short to trust (447 chars, min 1500)"
f014709,https://rustcc.cn/article?id=ec019b35-3462-4a07-9c93-0804f0b86e71,qa-topics,fetched,e8415a44854b,3388,html
f014711,https://media.ccc.de/v/froscon2024-3105-in_rust_radikal_refactorn,talks,fetched,03a6b418ad04,2052,html
f014712,https://media.ccc.de/v/ulm-56311-einfuhrung-in-embeddded-system,talks,fetched,3208978b5450,1573,wayback
f014715,https://rustcc.cn/article?id=cad2d9fc-0ea0-48fd-954d-9d6518fb6cf5,weekly-newsletter-links,fetched,c483b92aa7b2,1730,html
f014716,https://rustcc.cn/article?id=3fea9951-b3f8-4899-827d-a2fa4a020ce3,weekly-newsletter-links,failed,,0,"html: page too short to trust (1315 chars, min 1500); wayback: wayback: no snapshot for https://rustcc.cn/article?id=3fea9951-b3f8-4899-827d-a2fa4a020ce3; browser: page too short to trust (1315 chars, min 1500)"
f014754,https://rustcc.cn/article?id=ecfb64fa-cee5-4760-9e3d-90ba5ffd72f6,weekly-newsletter-links,fetched,caf1379cde15,1523,wayback
f014772,https://rustcc.cn/article?id=07543498-bdf7-4264-bf99-666af57c85f7,weekly-newsletter-links,fetched,a32a9de0a3a7,1816,html
f014776,https://rustcc.cn/article?id=2c60170b-6548-4978-b3ff-00b4d32d0d30,weekly-newsletter-links,failed,,0,"html: page too short to trust (1182 chars, min 1500); wayback: wayback: no snapshot for https://rustcc.cn/article?id=2c60170b-6548-4978-b3ff-00b4d32d0d30; browser: page too short to trust (1182 chars, min 1500)"
f014793,https://rustcc.cn/article?id=6ac335fa-5037-4570-a18f-d94d705a9ff5,weekly-newsletter-links,fetched,4da9d815d5ad,2352,html
f014798,https://rustcc.cn/article?id=3d4642e9-d076-4b10-9d53-bcc28d4e42e0,weekly-newsletter-links,failed,,0,"html: page too short to trust (805 chars, min 1500); wayback: wayback: no snapshot for https://rustcc.cn/article?id=3d4642e9-d076-4b10-9d53-bcc28d4e42e0; browser: page too short to trust (805 chars, min 1500)"
f014800,https://rustcc.cn/article?id=3d62b53e-811a-4b2f-8e02-5e7ad4acba30,weekly-newsletter-links,failed,,0,"html: page too short to trust (1482 chars, min 1500); wayback: wayback: no snapshot for https://rustcc.cn/article?id=3d62b53e-811a-4b2f-8e02-5e7ad4acba30; browser: page too short to trust (1482 chars, min 1500)"
f014820,https://rustcc.cn/article?id=218bdd13-af84-4fc5-8b92-9aa1529fde22,weekly-newsletter-links,failed,,0,"html: page too short to trust (1314 chars, min 1500); wayback: wayback: no snapshot for https://rustcc.cn/article?id=218bdd13-af84-4fc5-8b92-9aa1529fde22; browser: page too short to trust (1314 chars, min 1500)"
f014821,https://rustcc.cn/article?id=dbbaaa97-72d5-475e-bd36-0bd6a9755647,weekly-newsletter-links,fetched,652aae22f323,1705,html
f014874,https://rustcc.cn/article?id=d7f6b174-c9d3-4f95-b65e-c9dc3e0d15da,weekly-newsletter-links,fetched,4df9f89d2149,1610,html
f014882,https://rustcc.cn/article?id=0d821b5f-1562-414f-9b3c-cbc682b70dde,weekly-newsletter-links,fetched,5ce31ba4ce8e,1877,html
f014884,https://rustcc.cn/article?id=25be5e31-ca9a-4a73-a5c2-d53a1dba98c3,weekly-newsletter-links,failed,,0,"html: page too short to trust (1250 chars, min 1500); wayback: wayback: no snapshot for https://rustcc.cn/article?id=25be5e31-ca9a-4a73-a5c2-d53a1dba98c3; browser: page too short to trust (1250 chars, min 1500)"
f014905,https://rustcc.cn/article?id=f22b3a4c-21c7-4c87-8a88-1d3f84e478cd,weekly-newsletter-links,fetched,298c9eff030f,2065,html
f014911,https://rustcc.cn/article?id=782c33cc-6bd3-4cdd-8eb5-347b2521e254,weekly-newsletter-links,fetched,e9078ad34656,2479,html
f014919,https://rustcc.cn/article?id=07963ef6-1326-417b-a96e-462e329ed418,weekly-newsletter-links,fetched,904b9c0e14d5,1544,html
f014924,https://rustcc.cn/article?id=300f2657-0252-41a9-b42c-2c3965fbe5d7,weekly-newsletter-links,failed,,0,"html: page too short to trust (700 chars, min 1500); wayback: page too short to trust (928 chars, min 1500); browser: page too short to trust (700 chars, min 1500)"
f014927,https://rustcc.cn/article?id=6da14894-cb17-4348-b26d-d5ad34bd0d7c,weekly-newsletter-links,failed,,0,"html: page too short to trust (788 chars, min 1500); wayback: wayback: no snapshot for https://rustcc.cn/article?id=6da14894-cb17-4348-b26d-d5ad34bd0d7c; browser: page too short to trust (788 chars, min 1500)"
f014928,https://rustcc.cn/article?id=4a45f13e-f3ca-4e75-8cf9-b7f2dd67fad7,weekly-newsletter-links,fetched,1b3936fea0d0,1584,html
f014939,https://rustcc.cn/article?id=625bb099-0400-4597-9416-2284db771ced,weekly-newsletter-links,failed,,0,"html: page too short to trust (669 chars, min 1500); wayback: page too short to trust (912 chars, min 1500); browser: page too short to trust (669 chars, min 1500)"
f014942,https://rustcc.cn/article?id=2943c0aa-23f4-42ea-bcdd-1725310f4c61,weekly-newsletter-links,fetched,aad4894ef323,1623,html
f014947,https://rustcc.cn/article?id=fdf0ba94-44a3-4970-8e0d-0f2b4e0359ad,weekly-newsletter-links,failed,,0,"html: page too short to trust (726 chars, min 1500); wayback: page too short to trust (969 chars, min 1500); browser: page too short to trust (726 chars, min 1500)"
f014956,https://rustcc.cn/article?id=2ddfdc4b-4651-49c2-aba0-d279e67c8e9e,weekly-newsletter-links,failed,,0,"html: page too short to trust (1463 chars, min 1500); wayback: wayback: no snapshot for https://rustcc.cn/article?id=2ddfdc4b-4651-49c2-aba0-d279e67c8e9e; browser: page too short to trust (1463 chars, min 1500)"
f014976,https://rustcc.cn/article?id=91810b6e-feaf-4cd1-bac8-632d0eba5073,weekly-newsletter-links,fetched,480286192980,1525,wayback
f014977,https://rustcc.cn/article?id=d28a7f0d-6aaf-4c7e-af42-0efffff215ea,weekly-newsletter-links,fetched,b2bc8b0caadd,1655,html
f014978,https://rustcc.cn/article?id=bac815fd-7636-40f7-bccf-1dcc2d2337b4,weekly-newsletter-links,fetched,32a9e9f1eda7,1647,wayback
f014984,https://rustcc.cn/article?id=8d21e594-7cc9-4bf2-8374-30a388cf6587,weekly-newsletter-links,failed,,0,"html: page too short to trust (1175 chars, min 1500); wayback: page too short to trust (1418 chars, min 1500); browser: page too short to trust (1175 chars, min 1500)"
f014992,https://rustcc.cn/article?id=bab6fade-aa98-4abf-a373-20b429b5cc20,weekly-newsletter-links,failed,,0,"html: page too short to trust (1197 chars, min 1500); wayback: page too short to trust (1440 chars, min 1500); browser: page too short to trust (1197 chars, min 1500)"
f015002,https://rustcc.cn/article?id=3fa86b8d-c7e2-4229-a7c3-948088f6b98c,weekly-newsletter-links,fetched,1e1ead36f9f1,2766,html
f015006,https://rustcc.cn/article?id=8acecc39-a317-4db7-8ced-2f3a6488a5ec,weekly-newsletter-links,fetched,53514d0bfce2,2510,html
f015008,https://rustcc.cn/article?id=e782bdc6-da62-4ed6-92bb-026991417ab8,weekly-newsletter-links,fetched,645d845e761b,3271,html
f015011,https://rustcc.cn/article?id=f54609e4-2c2f-4465-9c2a-a8414aef664a,weekly-newsletter-links,fetched,ee8bb3cd8108,2014,html
f015014,https://rustcc.cn/article?id=ae695af8-ef5a-4249-953d-05136dadfa9e,weekly-newsletter-links,fetched,3f4130f1534b,1609,html
f015044,https://rustcc.cn/article?id=3540ca55-c9be-46cb-bc4b-c1517b683499,weekly-newsletter-links,fetched,d9b7d25f2e83,1645,html
f015076,https://rustcc.cn/article?id=78bacf90-4be8-47f7-a6ff-18452531926b,weekly-newsletter-links,fetched,435c49d60da2,1643,html
f015081,https://rustcc.cn/article?id=dde70904-3c84-47a1-bfe2-3aa195f641dd,weekly-newsletter-links,failed,,0,"html: page too short to trust (1355 chars, min 1500); wayback: wayback: no snapshot for https://rustcc.cn/article?id=dde70904-3c84-47a1-bfe2-3aa195f641dd; browser: page too short to trust (1355 chars, min 1500)"
f015085,https://rustcc.cn/article?id=f55fd8ed-2246-4809-aec6-6c09027ebbe9,weekly-newsletter-links,failed,,0,"html: page too short to trust (917 chars, min 1500); wayback: page too short to trust (1160 chars, min 1500); browser: page too short to trust (917 chars, min 1500)"
f015086,https://rustcc.cn/article?id=94794f50-7bda-415b-95ab-9456d96500f8,weekly-newsletter-links,fetched,6d0f4220acb0,1687,html
f015089,https://rustcc.cn/article?id=846a9be7-8cc1-4f4b-9f21-ebbc528a9a9d,weekly-newsletter-links,fetched,4175c47de83d,1692,wayback
f015095,https://rustcc.cn/article?id=ba089e06-9537-4159-8a8d-85eee7003f50,weekly-newsletter-links,fetched,11d3b38f9ca1,1586,wayback
f015100,https://rustcc.cn/article?id=a5b5eb9d-2fe0-41b9-b3a9-b191b42b0fb5,weekly-newsletter-links,fetched,128fc8007f97,2052,html
f015110,https://rustcc.cn/article?id=c0ad6f71-1b2b-4a80-8c5c-1f90cad3c653,weekly-newsletter-links,failed,,0,"html: page too short to trust (826 chars, min 1500); wayback: wayback: no snapshot for https://rustcc.cn/article?id=c0ad6f71-1b2b-4a80-8c5c-1f90cad3c653; browser: page too short to trust (826 chars, min 1500)"
f015112,https://rustcc.cn/article?id=7870a2c3-d23e-48ec-acfc-42be2bf69e32,weekly-newsletter-links,failed,,0,"html: page too short to trust (1274 chars, min 1500); wayback: wayback: no snapshot for https://rustcc.cn/article?id=7870a2c3-d23e-48ec-acfc-42be2bf69e32; browser: page too short to trust (1274 chars, min 1500)"
f015116,https://rustcc.cn/article?id=9bb22d8d-9666-4b03-bc1a-e9f20275f25f,weekly-newsletter-links,fetched,5b36f17cd150,1682,wayback
f015122,https://rustcc.cn/article?id=897e1a52-df8c-47e3-8899-206e2d93316e,weekly-newsletter-links,fetched,2f7a348e87d7,1653,html
f015137,https://rustcc.cn/article?id=33d321eb-fe4a-4db3-baf3-358526149e6b,weekly-newsletter-links,fetched,09882eb5a055,1571,wayback
f015164,https://rustcc.cn/article?id=eed72b2f-dd48-4d02-b043-9a42ea7a3085,weekly-newsletter-links,failed,,0,"html: page too short to trust (995 chars, min 1500); wayback: page too short to trust (1238 chars, min 1500); browser: page too short to trust (995 chars, min 1500)"
f015166,https://rustcc.cn/article?id=b09a5d9c-bced-4abc-baa6-26baeb5d3152,weekly-newsletter-links,fetched,80f600d38cdc,3806,html
f015171,https://rustcc.cn/article?id=de160b7a-dec8-4bf7-81e2-27e5e88c2717,weekly-newsletter-links,fetched,ea6715f426f1,2055,html
f015172,https://rustcc.cn/article?id=210f2fb8-5424-426b-b2ff-8004c72d158d,weekly-newsletter-links,fetched,c7a1fd2a749a,1705,wayback
f015174,https://rustcc.cn/article?id=c7c0d022-c4f9-4a21-ab4b-3654dafd729d,weekly-newsletter-links,failed,,0,"html: page too short to trust (1002 chars, min 1500); wayback: page too short to trust (1245 chars, min 1500); browser: page too short to trust (1002 chars, min 1500)"
f015177,https://rustcc.cn/article?id=4a6bb95c-7bf3-4637-b071-af4aa0e0f118,weekly-newsletter-links,failed,,0,"html: page too short to trust (1205 chars, min 1500); wayback: page too short to trust (1448 chars, min 1500); browser: page too short to trust (1205 chars, min 1500)"
f015181,https://rustcc.cn/article?id=c208d03f-d217-4532-aaf0-066bdc7a135f,weekly-newsletter-links,fetched,05771d734fed,3378,html
f015188,https://rustcc.cn/article?id=05ee73e2-78e9-473a-9455-9ed7181ff4a1,weekly-newsletter-links,fetched,7fc4974b4a8b,1647,html
f015190,https://rustcc.cn/article?id=7daf5a1b-6c79-45b7-874c-4bb01efd0e0f,weekly-newsletter-links,failed,,0,"html: page too short to trust (1247 chars, min 1500); wayback: page too short to trust (1490 chars, min 1500); browser: page too short to trust (1247 chars, min 1500)"
f015208,https://rustcc.cn/article?id=f585df55-7ede-41cf-8061-b78e343ae3ed,weekly-newsletter-links,fetched,5ea8ea4264cd,4782,html
f015211,https://rustcc.cn/article?id=02a654fc-b6c1-4906-8942-5180e5bd8d73,weekly-newsletter-links,fetched,2c0a1c579245,4762,html
f015215,https://rustcc.cn/article?id=caf83eb8-e689-43bb-9f11-d55e1dda2ebd,weekly-newsletter-links,fetched,2cf5d7d44e64,4173,html
f015221,https://rustcc.cn/article?id=383d8c4c-cfd6-47e6-8b83-73fa08725a0f,weekly-newsletter-links,fetched,3392ad05799e,3514,html
f015224,https://rustcc.cn/article?id=79b20c8f-8816-4600-aac6-8c99323dcc55,weekly-newsletter-links,fetched,640f00f48de8,4483,html
f015239,https://rustcc.cn/article?id=ac47401e-fe2d-44ee-b980-7b7c4079dcc0,weekly-newsletter-links,fetched,d2c88c54454a,3144,html
f015240,https://rustcc.cn/article?id=465a4b6a-b87b-473c-90b6-9d5ac804b4da,weekly-newsletter-links,fetched,e096bf24205d,3031,html
f015268,https://rustcc.cn/article?id=eecc9e02-2691-40e2-89ac-219f9b0c56d3,weekly-newsletter-links,fetched,cb072d203650,2163,html
f015286,https://rustcc.cn/article?id=9f9630cf-920a-47e2-944e-7a09604a23f7,weekly-newsletter-links,fetched,8a0ffe332183,2002,html
f015313,https://rustcc.cn/article?id=e9ec35a1-fe08-4b57-8461-47e0b3198c91,weekly-newsletter-links,fetched,abd958863a8b,2626,html
f015358,https://rustcc.cn/article?id=0e22679d-183e-4a2d-bc20-478a84778a1d,weekly-newsletter-links,fetched,91a112b32b4a,1523,html
f015359,https://rustcc.cn/article?id=30b7d3ba-62ac-4195-bffa-76c29ad7431d,weekly-newsletter-links,fetched,76eab6339a33,1704,html
f015362,https://rustcc.cn/article?id=3f91fb8b-028f-4037-9e5c-b6b68803ce6c,weekly-newsletter-links,fetched,60d63790888c,2201,html
f015374,https://rustcc.cn/article?id=e2ec31ec-65e1-4c63-ba9e-bd24662a50e0,weekly-newsletter-links,fetched,61e9c250bc09,2334,html
f015380,https://rustcc.cn/article?id=62275307-8ce8-496d-89ef-3d0b7034958c,weekly-newsletter-links,fetched,6b8b069d4132,3344,html
f015398,https://rustcc.cn/article?id=e817240c-e22a-4bbe-bacd-8a3c734dcfa4,weekly-newsletter-links,fetched,5400612efa64,4589,html
f015404,https://rustcc.cn/article?id=011c4a44-bfa9-46ef-b49b-ebd68790800c,weekly-newsletter-links,fetched,83b7905f6f58,3433,html
f015440,https://rustcc.cn/article?id=052ee289-cd10-488f-8994-4dcb506816c8,weekly-newsletter-links,fetched,5e23a5c307a3,1938,html
f015452,https://rustcc.cn/article?id=ebb62462-6fbb-4b1c-83d4-cd58cad7e726,weekly-newsletter-links,fetched,d169306e6939,2201,html
f015493,https://rustcc.cn/article?id=55f21f35-3a24-4eaf-9f68-0fdc3971c49b,weekly-newsletter-links,fetched,9ad92e9051c7,2075,html
f015500,https://rustcc.cn/article?id=bb9650e7-fa6d-4b2b-b066-5de61a6a5b53,weekly-newsletter-links,fetched,a388d05d1d39,2365,html
f015507,https://rustcc.cn/article?id=fcd8780b-a36d-4c4f-8a7c-64e56ec6f121,weekly-newsletter-links,fetched,94e57b8084f8,2234,html
f015523,https://rustcc.cn/article?id=83c61b63-d413-47d2-b902-6b760487c65e,weekly-newsletter-links,fetched,e3721a2a6f97,1767,html
f015524,https://rustcc.cn/article?id=b2fe4131-5600-4031-88fc-577012d0e7c0,weekly-newsletter-links,fetched,f6f2a44283cb,2443,html
f015528,https://rustcc.cn/article?id=3bcf235b-40a8-464e-9d16-49e374db4769,weekly-newsletter-links,fetched,21ce64e3b3d4,1842,html
f015531,https://rustcc.cn/article?id=7b4b4e80-0c95-4f2e-9ac1-a994c5456cfe,weekly-newsletter-links,fetched,3848d3ee393f,2118,html
f015533,https://rustcc.cn/article?id=bf0200c6-7e43-44e2-92fd-105e7b4af727,weekly-newsletter-links,fetched,76ad1e23bb4e,2119,html
f015543,https://rustcc.cn/article?id=02e548c1-d0a8-445b-9376-671136ffa6f8,weekly-newsletter-links,fetched,35f76c87370b,3442,html
f015548,https://rustcc.cn/article?id=7a31318e-8dcf-44cc-8d06-b464c46bf2d3,weekly-newsletter-links,fetched,fe20ef9e0fe4,3833,html
f015552,https://rustcc.cn/article?id=a8706cc2-6178-4fb1-976e-13c29fdc648b,weekly-newsletter-links,fetched,cdbbd062e44a,4385,html
f015555,https://rustcc.cn/article?id=e83c05ae-290e-41ae-bc0a-dc9eb50094fe,weekly-newsletter-links,fetched,5db0a9018bb5,2934,html
f015561,https://rustcc.cn/article?id=515efa1a-770f-49c8-9145-e44cfdbcf712,weekly-newsletter-links,fetched,81aab1401999,3055,html
f015564,https://rustcc.cn/article?id=f2f7becb-c42f-4f34-9edb-7f2d29c131cd,weekly-newsletter-links,fetched,1eb7d0a21b6e,3534,html
f015567,https://rustcc.cn/article?id=3621442a-7d01-40f7-8b3b-1cf7e83fb2ee,weekly-newsletter-links,failed,,0,"html: page too short to trust (1382 chars, min 1500); wayback: wayback: no snapshot for https://rustcc.cn/article?id=3621442a-7d01-40f7-8b3b-1cf7e83fb2ee; browser: page too short to trust (1382 chars, min 1500)"
f015574,https://rustcc.cn/article?id=4b614f97-e803-48cb-9207-fbd12af4d562,weekly-newsletter-links,fetched,5677937a667c,1806,html
f015586,https://rustcc.cn/article?id=eb232745-440f-4112-94b9-93520abd8fcb,weekly-newsletter-links,fetched,7fc48b28b420,1902,html
f015596,https://rustcc.cn/article?id=eb8cb769-f64a-43b9-946d-c264989f5293,weekly-newsletter-links,fetched,dfa343bbb87f,1547,html
f015611,https://rustcc.cn/article?id=de6680f7-1e30-4ee4-aea4-dd01d759a40f,weekly-newsletter-links,fetched,24ec3d44c743,1936,html
f015631,https://rustcc.cn/article?id=b938374f-cc89-407d-a812-e83714982e50,weekly-newsletter-links,fetched,fc1cfc999d7d,2822,html
f011067,https://youtube.com/watch?v=KPxCsk9lX10,talks,cached,2ed6c3a83f5f,26594,yt-dlp-subs
f011072,https://youtube.com/watch?v=SIhZiH5yRHs,talks,fetched,c69a3f71669c,19836,yt-dlp-subs
f011101,https://youtube.com/watch?v=wvccOkvpbY0,talks,fetched,71d6f4f73b80,35371,yt-dlp-subs
f011126,https://youtube.com/watch?v=Fy45Ty2PlGQ,talks,fetched,8120717b77c3,15323,yt-dlp-subs
f011164,https://youtube.com/watch?v=Lc8lBMEJQdo,talks,fetched,b6bfd072441b,5960,yt-dlp-subs
f011230,https://youtube.com/watch?v=YGeCaCEX1p0,talks,fetched,289f6a566c88,42938,yt-dlp-subs
f011293,https://youtube.com/watch?v=3RIxy9YE-Yk,talks,fetched,6768f95d5d93,16255,yt-dlp-subs
f011308,https://youtube.com/watch?v=RaSxyRQ7egU,talks,fetched,a1b99dc77114,14044,yt-dlp-subs
f011374,https://youtube.com/watch?v=mWCVgqgep6Y,talks,fetched,582a63a639a6,19554,yt-dlp-subs
f011404,https://youtube.com/watch?v=aE-tMQjseHM,talks,fetched,8bb9d5bd0da3,30190,yt-dlp-subs
f011430,https://youtube.com/watch?v=ExxxtADP-t8,talks,fetched,355f43ff7f1a,32214,yt-dlp-subs
f011452,https://youtube.com/watch?v=aRwK5dbJy3Y,talks,fetched,4e8c255530d4,21992,yt-dlp-subs
f011822,https://youtube.com/watch?v=zqfF7Ssa2QI,twir-links,fetched,7dd99d644f44,27951,yt-dlp-subs
f011843,https://youtube.com/watch?v=jO-oQH_gK4M,twir-links,fetched,a48663813fd1,6709,yt-dlp-subs
f012295,https://youtube.com/watch?v=qt7ZLYnlBzk,twir-links,fetched,40942c00f98c,30423,yt-dlp-subs
f012336,https://youtube.com/watch?v=NclcQcNcLI4,twir-links,fetched,26dbc5a1ca63,35312,yt-dlp-subs
f012476,https://youtube.com/watch?v=qqF_zFWqFYk,twir-links,fetched,ce8999c6429e,17992,yt-dlp-subs
f012654,https://youtube.com/live/PZZfVAaYTP8?si=2nfis0-IrN9aMkti,twir-links,fetched,e7093f48f32e,55376,yt-dlp-subs
f012698,https://youtube.com/watch?v=ec-ucXJ4x-0,twir-links,fetched,9e7e11022244,33476,yt-dlp-subs
f015634,https://youtube.com/watch?v=j2jWtZRfEec,youtube,fetched,fcff2d44d833,44306,yt-dlp-subs
f015635,https://youtube.com/watch?v=NWJlLWiWYMw,youtube,fetched,45a725bafa44,51224,yt-dlp-subs
f015636,https://youtube.com/watch?v=1kDp2OXtV6I,youtube,fetched,8506e7ffbb97,1620,yt-dlp-subs
f015637,https://youtube.com/watch?v=iBaPIJvYbQE,youtube,fetched,1caedc46d1bf,1417,yt-dlp-subs
f015639,https://youtube.com/watch?v=64lKQjFzECs,youtube,failed,,0,yt-dlp: no subtitles ()
f015640,https://youtube.com/watch?v=cwFFcl9VeAs,youtube,fetched,b9d961fb45b6,43792,yt-dlp-subs
f015643,https://youtube.com/watch?v=6DuQfcvAiZg,youtube,fetched,b595a8646231,1758,yt-dlp-subs
f015644,https://youtube.com/watch?v=KbgeaHou2qU,youtube,fetched,a29a4b9adc23,36313,yt-dlp-subs
f015645,https://youtube.com/watch?v=hm7HnPZEQWo,youtube,fetched,7340cf76072e,25205,yt-dlp-subs
f015646,https://youtube.com/watch?v=_-jBclcGiMY,youtube,fetched,1ae0ade4f9a5,41935,yt-dlp-subs
f015647,https://youtube.com/watch?v=GSAFsZ-CJUg,youtube,fetched,ed751f02e850,23662,yt-dlp-subs
f015648,https://youtube.com/watch?v=aHez0Uz-NRU,youtube,fetched,49c741b49e9c,48362,yt-dlp-subs
f015653,https://youtube.com/watch?v=MLfTw7G2TZ8,youtube,fetched,3737b248f092,31217,yt-dlp-subs
f015654,https://youtube.com/watch?v=SpsXM7Ogog4,youtube,fetched,5b6c1d718d1a,135774,yt-dlp-subs
f011134,https://youtube.com/watch?v=q8qn0dyT3xc,talks,failed,,0,"second try after retry window: yt-dlp: HTTP 429 (ERROR: Unable to download video subtitles for 'en': HTTP Error 429: Too Many Requests
)"
f011173,https://youtube.com/watch?v=a82TJDjUZn0,talks,failed,,0,"second try after retry window: yt-dlp: HTTP 429 (ERROR: Unable to download video subtitles for 'en': HTTP Error 429: Too Many Requests
)"
f011194,https://youtube.com/watch?v=JceLEyphDXU,talks,failed,,0,"second try after retry window: yt-dlp: HTTP 429 ( data received in embedded initial data; re-fetching using API.
ERROR: Unable to download video subtitles for 'en': HTTP Error 429: Too Many Requests
)"
f011336,https://youtube.com/watch?v=Mu6SgVkvEvU,talks,failed,,0,"second try after retry window: yt-dlp: HTTP 429 (ERROR: Unable to download video subtitles for 'en': HTTP Error 429: Too Many Requests
)"
f000203,https://embedded-trainings.ferrous-systems.com/preparations.html,books-courses,cached,994228c7222b,138833,book-print
f000214,https://lang-team.rust-lang.org/design_notes.html,books-courses,cached,ebac8c77bf41,113982,book-print
f000222,https://plotly.github.io/plotly.rs/content/getting_started.html,books-courses,cached,a34a3f8324f3,130968,book-print
f013434,https://rust-lernen.de/books/978-3-98871-003-1.html,books,failed,,0,book: no chapters found past the front page (1640 chars)
f013555,https://rustcc.cn/article?id=7614a3ca-5d0b-4f92-b6dc-23cc8f74bcb9,forum-threads,fetched,c1f2a9e5ba3d,1240,html
f013604,https://rustcc.cn/article?id=00f536ed-608e-4272-b744-de814b038008,forum-threads,fetched,b944779f1e94,941,html
f013644,https://rustcc.cn/article?id=f1875505-af4e-4043-ba92-f95a2e7e01a1,forum-threads,fetched,c5bf10f6f6c5,1149,html
f013669,https://rustcc.cn/article?id=ac77b4d0-9915-4b7b-a90c-f1f6f495906b,forum-threads,fetched,2af9b92edc0a,810,html
f013679,https://rustcc.cn/article?id=3c076695-7832-439e-830e-13fc550b8762,forum-threads,fetched,88c1de9f794a,1186,html
f013682,https://rustcc.cn/article?id=7003d812-a0dc-4d10-965a-2d99a4c5398a,forum-threads,fetched,834e6e84ee95,1175,html
f013711,https://rustcc.cn/article?id=2165a4cb-bc54-4006-9436-e9397d396863,forum-threads,fetched,7a0bbd28d604,409,html
f013712,https://rustcc.cn/article?id=2856e49d-40ba-4b04-86eb-ebae8a20eb4c,forum-threads,fetched,657d87726057,526,html
f013774,https://rustcc.cn/article?id=07f2d8c7-93ee-4e89-90f1-de89e7905b14,forum-threads,fetched,ffe94a04e32d,612,html
f013804,https://rustcc.cn/article?id=70a95e9a-1d57-4c1b-8026-eafc3064859c,forum-threads,fetched,5138d678063e,1157,html
f013828,https://rustcc.cn/article?id=b33f061e-f4b9-4101-add7-04a5da8c8a8a,forum-threads,fetched,0639f4e1105f,489,html
f013871,https://rustcc.cn/article?id=f436ad07-c62d-460f-8a73-7ac0b9058c49,forum-threads,fetched,cfb3be511d7e,590,html
f013889,https://rustcc.cn/article?id=f2690891-ed7d-41d0-9c67-eaa45a453dc8,forum-threads,fetched,2b6d444073e6,729,html
f013914,https://rustcc.cn/article?id=2249ef7a-1f65-4eed-b9f7-d56ebdd1d221,forum-threads,fetched,1f9ab51a638a,991,html
f013917,https://rustcc.cn/article?id=49e4d50b-d23f-43b1-bf08-00f7449546ce,forum-threads,fetched,d8b61549aabe,874,html
f013927,https://rustcc.cn/article?id=cb8ea27f-4ab3-4750-8925-c618a64f1914,forum-threads,fetched,7a48b38498d2,782,html
f013951,https://rustcc.cn/article?id=16cb9e9a-e49f-49b0-a61f-5e4b9893cc13,forum-threads,fetched,4fc5189ea927,732,html
f013979,https://rustcc.cn/article?id=ef644156-8fec-4cbc-bb8d-1ce19c8c6d2f,forum-threads,fetched,57f2630bcf4b,889,html
f013982,https://rustcc.cn/article?id=ded4dfd9-a4c3-4585-98f0-bb6cf92cc238,forum-threads,fetched,39fd2dee9af4,907,html
f014006,https://rustcc.cn/article?id=d3c532a1-abb6-4a8f-ac9f-869cb504c6e8,forum-threads,fetched,38375de98a9e,626,html
f014015,https://rustcc.cn/article?id=57f7d298-f375-4e7d-b0a2-7bfb4e153d9a,forum-threads,fetched,b12c06df1085,1033,html
f014037,https://rustcc.cn/article?id=e8ffdc9d-405f-40ae-b0cc-497c863f280b,forum-threads,fetched,ca23d92a204f,551,html
f014050,https://rustcc.cn/article?id=75e6f9cb-8ed6-4ff0-9cbb-2d59852b7012,forum-threads,fetched,69f8928439ff,731,html
f014058,https://rustcc.cn/article?id=14ae37c7-c550-431a-8877-5caf0bd89680,forum-threads,fetched,eee4ab9dbca9,977,html
f014089,https://rustcc.cn/article?id=dfbcbf72-69ac-4a0b-884a-2c8fa8e85290,forum-threads,fetched,721bd7b1e2c9,636,html
f014101,https://rustcc.cn/article?id=cfd94cdc-e061-426b-aad3-6b28e578d008,forum-threads,fetched,0fc2c59b2739,498,html
f014113,https://rustcc.cn/article?id=6494c97f-9a98-4958-8147-a97b21ca09d1,forum-threads,fetched,e7d157af1f36,665,html
f014114,https://rustcc.cn/article?id=4c2d9279-54cd-4179-953b-aa6fe7a9378d,forum-threads,fetched,3116af5b5c20,422,html
f014126,https://rustcc.cn/article?id=64a61391-61ac-4d8a-b18f-7d991218be49,forum-threads,fetched,7e23fdb3b3c6,743,html
f014138,https://rustcc.cn/article?id=f42f101e-1d6b-40a0-aa02-b49249576bb8,forum-threads,fetched,cc20d415204d,789,html
f014143,https://rustcc.cn/article?id=d763e68d-7035-4199-964e-50e327a1b92e,forum-threads,fetched,4825749959c0,713,html
f014185,https://rustcc.cn/article?id=8d5a6151-2ed4-401c-b0db-597e271e6e37,forum-threads,fetched,539ae370ba5f,881,html
f014221,https://rustcc.cn/article?id=4ce6e8d2-e4f8-41b3-91d8-a698661aa9d4,forum-threads,fetched,c5bfd56da346,876,html
f014223,https://rustcc.cn/article?id=f067879c-10ae-408c-b65c-94645b3c5217,forum-threads,fetched,231d462afdfc,930,html
f014231,https://rustcc.cn/article?id=ba16e35b-f21e-4fee-836f-79ef4ad6c8eb,forum-threads,fetched,6ee4bf3554b2,484,html
f014237,https://rustcc.cn/article?id=f753812a-12df-45d4-af76-7dfd1a2e0bd9,forum-threads,fetched,58d81653937a,592,html
f014295,https://rustcc.cn/article?id=58b4a89f-c728-4866-8632-19ad1a3fbd4d,forum-threads,fetched,c560bddd9816,1082,html
f014309,https://rustcc.cn/article?id=b0628330-44d6-4460-ab41-56281c0ba56f,forum-threads,fetched,d74658bb7369,1043,html
f014393,https://rustcc.cn/article?id=41509fbb-e18b-4b56-92ce-fc2a044fcfb1,forum-threads,fetched,5687820876cc,1277,html
f014405,https://rustcc.cn/article?id=fe614c11-b5c7-43d6-92ca-a8bb4df4774e,forum-threads,fetched,8269f7e272c1,1371,html
f014406,https://rustcc.cn/article?id=dbc472b1-0dc4-417b-8554-18e8e110359b,forum-threads,fetched,c9ad95cbb013,1323,html
f014583,https://rustcc.cn/article?id=c6be55b8-51f8-427e-8aaa-d4768c86f288,qa-topics,fetched,9f653681f09d,962,html
f014596,https://rustcc.cn/article?id=574c7336-97e6-4bc1-b4bf-5b2b8ce92844,qa-topics,fetched,8ead92f005ee,935,html
f014663,https://rustcc.cn/article?id=6b7c7368-b966-49b5-903b-efee1ed8e455,qa-topics,fetched,aa9119552131,588,html
f014708,https://rustcc.cn/article?id=abddca40-c6c3-4cb8-8591-9d6e611f5dd1,qa-topics,fetched,713adfb858e5,447,html
f014716,https://rustcc.cn/article?id=3fea9951-b3f8-4899-827d-a2fa4a020ce3,weekly-newsletter-links,fetched,48eb45ca0370,1315,html
f014776,https://rustcc.cn/article?id=2c60170b-6548-4978-b3ff-00b4d32d0d30,weekly-newsletter-links,fetched,9c3b3db3ffd0,1182,html
f014798,https://rustcc.cn/article?id=3d4642e9-d076-4b10-9d53-bcc28d4e42e0,weekly-newsletter-links,fetched,52fa4dcc18cd,805,html
f014800,https://rustcc.cn/article?id=3d62b53e-811a-4b2f-8e02-5e7ad4acba30,weekly-newsletter-links,fetched,19e85b7b419d,1482,html
f014820,https://rustcc.cn/article?id=218bdd13-af84-4fc5-8b92-9aa1529fde22,weekly-newsletter-links,fetched,f20810356d9b,1314,html
f014884,https://rustcc.cn/article?id=25be5e31-ca9a-4a73-a5c2-d53a1dba98c3,weekly-newsletter-links,fetched,a3882cd7278c,1250,html
f014924,https://rustcc.cn/article?id=300f2657-0252-41a9-b42c-2c3965fbe5d7,weekly-newsletter-links,fetched,215dbb2dbb14,700,html
f014927,https://rustcc.cn/article?id=6da14894-cb17-4348-b26d-d5ad34bd0d7c,weekly-newsletter-links,fetched,32dbf45d1b37,788,html
f014939,https://rustcc.cn/article?id=625bb099-0400-4597-9416-2284db771ced,weekly-newsletter-links,fetched,dd050de4b1ff,669,html
f014947,https://rustcc.cn/article?id=fdf0ba94-44a3-4970-8e0d-0f2b4e0359ad,weekly-newsletter-links,fetched,f3283163ee05,726,html
f014956,https://rustcc.cn/article?id=2ddfdc4b-4651-49c2-aba0-d279e67c8e9e,weekly-newsletter-links,fetched,cb0c934e121e,1463,html
f014984,https://rustcc.cn/article?id=8d21e594-7cc9-4bf2-8374-30a388cf6587,weekly-newsletter-links,fetched,944fba42cc46,1175,html
f014992,https://rustcc.cn/article?id=bab6fade-aa98-4abf-a373-20b429b5cc20,weekly-newsletter-links,fetched,fc0cefb3fd7f,1197,html
f015081,https://rustcc.cn/article?id=dde70904-3c84-47a1-bfe2-3aa195f641dd,weekly-newsletter-links,fetched,a9dae752e6af,1355,html
f015085,https://rustcc.cn/article?id=f55fd8ed-2246-4809-aec6-6c09027ebbe9,weekly-newsletter-links,fetched,b8c1f16fa15c,917,html
f015110,https://rustcc.cn/article?id=c0ad6f71-1b2b-4a80-8c5c-1f90cad3c653,weekly-newsletter-links,fetched,5a8f53202c9b,826,html
f015112,https://rustcc.cn/article?id=7870a2c3-d23e-48ec-acfc-42be2bf69e32,weekly-newsletter-links,fetched,9cf9d4e53669,1274,html
f015164,https://rustcc.cn/article?id=eed72b2f-dd48-4d02-b043-9a42ea7a3085,weekly-newsletter-links,fetched,afad67077e5d,995,html
f015174,https://rustcc.cn/article?id=c7c0d022-c4f9-4a21-ab4b-3654dafd729d,weekly-newsletter-links,fetched,46d756190660,1002,html
f015177,https://rustcc.cn/article?id=4a6bb95c-7bf3-4637-b071-af4aa0e0f118,weekly-newsletter-links,fetched,4ccc218fa493,1205,html
f015190,https://rustcc.cn/article?id=7daf5a1b-6c79-45b7-874c-4bb01efd0e0f,weekly-newsletter-links,fetched,b69eab0e604c,1247,html
f015567,https://rustcc.cn/article?id=3621442a-7d01-40f7-8b3b-1cf7e83fb2ee,weekly-newsletter-links,fetched,fa060e57315a,1382,html
f005351,https://ekxide.io/blog/iceoryx2-0-4-release,hn-lobsters,fetched,e39e3e768e31,6229,html
f005676,https://github.com/nearai/ironclaw,hn-lobsters,fetched,58b3d2865c4b,13127,gh-api-repo
f005691,https://notes.brooklynzelenka.com/Blog/Notes-on-Writing-Wasm,hn-lobsters,cached,6d40353fe10e,22402,wayback-after:HTTP Error 404: Not Found
f005692,https://lobste.rs/s/eu5uiz,hn-lobsters,fetched,10bab618911d,6911,lobsters-json
f008141,https://blog.veeso.dev/blog/en/dyn-box-vs-generics-in-rust,individual-blogs;twir-links,fetched,09034229bd85,7056,html
f008860,https://dev.to/ayarotsky/adding-a-scripting-engine-to-a-rust-cli-with-rhai-56g1,individual-blogs;twir-links,fetched,cdd201297ebc,11994,html
f011863,https://rust-osdev.com/this-month/2024-03,twir-links,fetched,a67bcc760e40,6193,html
f011219,https://youtube.com/watch?v=vtIovLsacj8,talks,fetched,d81a0cb862bd,19278,yt-dlp-subs
f011286,https://youtube.com/watch?v=yGHbQTw7e8c,talks,fetched,2b1c02eb92e2,11064,yt-dlp-subs
f011369,https://youtube.com/watch?v=4sYzxv6YijI,talks,fetched,2f030c73b53b,19497,yt-dlp-subs
f011370,https://youtube.com/watch?v=79byawH-D-k,talks,fetched,d6df3355bc65,20443,yt-dlp-subs
f011372,https://youtube.com/watch?v=KqWGpRyQMKc,talks,fetched,a44ee4c1facf,21049,yt-dlp-subs
f015635,https://youtube.com/watch?v=NWJlLWiWYMw,youtube,cached,45a725bafa44,51224,yt-dlp-subs
