team,frame_id
a,f013439
a,f013454
a,f013456
a,f013459
a,f013460
a,f013463
a,f013464
a,f013465
a,f013469
a,f013474
a,f013476
a,f013481
a,f013482
a,f013484
a,f013487
a,f013489
a,f013491
a,f013492
a,f013496
a,f013497
a,f013499
a,f013501
a,f013503
a,f013504
a,f013506
a,f013518
a,f013521
a,f013522
a,f013533
a,f013535
a,f013537
a,f013538
a,f013539
b,f013438
b,f013439
b,f013441
b,f013451
b,f013454
b,f013456
b,f013460
b,f013461
b,f013464
b,f013465
b,f013474
b,f013476
b,f013484
b,f013487
b,f013491
b,f013492
b,f013497
b,f013498
b,f013499
b,f013501
b,f013502
b,f013503
b,f013504
b,f013505
b,f013506
b,f013521
b,f013522
b,f013528
b,f013529
b,f013533
b,f013535
b,f013537
b,f013538
