frame_id,url,read,locator_span,new_questions,claims,minutes
f002142,https://github.com/bevyengine/bevy/pull/15635,yes,1-674,2,4,14
f002151,https://github.com/leptos-rs/leptos/pull/3063,yes,675-938,0,0,6
f002177,https://github.com/n0-computer/iroh/issues/2799,yes,939-1155,0,0,5
f002233,https://iroh.computer/blog/iroh-0-27-0-Squashing-Bugs-And-Taking-Names,yes,1156-1227,0,0,2
f002301,https://github.com/bevyengine/bevy/pull/16340,yes,1228-1360,0,0,3
f002307,https://github.com/zed-industries/zed/issues/20559,yes,1361-1948,1,2,9
f002326,https://github.com/esp-rs/esp-hal/pull/2546,yes,1949-2137,0,0,5
f002341,https://iroh.computer/blog/relay-down-a-post-mortem,yes,2138-2210,0,0,2
f002453,https://iroh.computer/blog/iroh-0-30-0-slimming-down,yes,2211-2406,0,0,3
f002466,https://github.com/bytecodealliance/wasmtime/pull/9889,yes,2407-2609,0,0,6
