frame_id,url,title
f000461,https://forums.swift.org/t/status-check-int128-uint128/67694,Status check: Int128 & UInt128
f000508,https://forums.swift.org/t/se-0410-atomics/68007,SE-0410: Atomics
f000513,https://forums.swift.org/t/find-how-a-symbol-was-imported/68052,Find how a symbol was imported?
f000533,https://forums.swift.org/t/pitch-noncopyable-generics/68180,[Pitch] Noncopyable Generics
f000552,https://forums.swift.org/t/progress-toward-the-swift-6-language-mode/68315,Progress toward the Swift 6 language mode
f000576,https://forums.swift.org/t/pitch-multi-statement-if-switch-do-expressions/68443,Pitch: Multi-statement if/switch/do expressions
f000589,https://forums.swift.org/t/introducing-swift-mmio/68525,Introducing Swift MMIO
f000590,https://forums.swift.org/t/se-0413-typed-throws/68507,SE-0413: Typed throws
f000614,https://forums.swift.org/t/memory-footprint-of-unsafeatomic/68631,Memory footprint of UnsafeAtomic
f000641,https://forums.swift.org/t/se-0414-region-based-isolation/68805,SE-0414: Region Based Isolation
f000642,https://forums.swift.org/t/second-review-se-0410-atomics/68810,[Second Review] SE-0410: Atomics
f000688,https://forums.swift.org/t/how-did-apple-bridge-this-struct-to-objective-c/69131,How did Apple bridge this struct to Objective-C
f000713,https://forums.swift.org/t/recommended-way-to-initialise-a-mandatory-property-in-a-loop/69280,Recommended way to initialise a mandatory property in a loop?
f000788,https://forums.swift.org/t/cant-build-5-9-2-on-debian-linux/69584,Can't build 5.9.2 on Debian Linux
f000789,https://forums.swift.org/t/se-0419-swift-backtracing-api/69595,SE-0419: Swift Backtracing API
f000861,https://forums.swift.org/t/munchausen-benchmark/69798,Munchausen benchmark
f000877,https://forums.swift.org/t/why-does-swift-use-signed-integers-for-unsigned-indices/69812,Why does Swift use signed integers for unsigned indices?
f000895,https://forums.swift.org/t/pitch-non-escapable-types-and-lifetime-dependency/69865,[Pitch] Non-Escapable Types and Lifetime Dependency
f000896,https://forums.swift.org/t/pitch-synchronous-mutual-exclusion-lock/69889,[Pitch] Synchronous Mutual Exclusion Lock
f000910,https://forums.swift.org/t/pitch-bitwisecopyable-marker-protocol/69943,[Pitch] BitwiseCopyable marker protocol
f000915,https://forums.swift.org/t/default-parameters-for-getters-setters-friends/69965,Default parameters for getters / setters & friends
f000930,https://forums.swift.org/t/sub-pitch-task-local-values-in-isolated-synchronous-deinit-and-async-deinit/70060,[Sub-Pitch] Task-local values in isolated synchronous deinit and async deinit
f000958,https://forums.swift.org/t/pitch-allow-trailing-comma-in-tuples-arguments-and-if-guard-while-conditions/70170,"[Pitch] Allow trailing comma in tuples, arguments and if/guard/while conditions"
f000966,https://forums.swift.org/t/pitch-128-bit-integer-types/70188,[Pitch] 128 bit Integer Types
f001077,https://forums.swift.org/t/swift-macros-build-time-overhead-concerns/70443,Swift Macros: Build Time Overhead Concerns
f001094,https://forums.swift.org/t/se-0427-noncopyable-generics/70525,SE-0427: Noncopyable Generics
f001102,https://forums.swift.org/t/asyncstream-and-actors/70545,AsyncStream and Actors
f001105,https://forums.swift.org/t/swift-for-the-content-creation-industry-metaverse-and-beyond/70577,"Swift for the content creation industry, metaverse, and beyond"
f001110,https://forums.swift.org/t/byte-sized-swift-building-tiny-games-for-the-playdate/70615,Byte-sized Swift: Building Tiny Games for the Playdate
f001147,https://forums.swift.org/t/async-channels-for-swift-concurrency/70752,Async Channels for Swift concurrency
f001185,https://forums.swift.org/t/noncopyable-generics-in-swift-a-code-walkthrough/70862,Noncopyable Generics in Swift: A Code Walkthrough
f001331,https://forums.swift.org/t/making-an-official-swift-community-discord-server/71383,Making an official Swift Community Discord server
f001343,https://forums.swift.org/t/improving-swift-support-and-interoperability-experience-for-android/71470,Improving Swift support and interoperability experience for Android
f001375,https://forums.swift.org/t/standard-vapor-website-drops-1-5-of-requests-even-at-concurrency-of-100/71583,"'Standard' vapor website drops 1.5% of requests, even at concurrency of 100!"
f001397,https://forums.swift.org/t/pitch-2-debugdescription-macro/71653,[Pitch #2] DebugDescription macro
f001398,https://forums.swift.org/t/se-0430-second-review-sendable-parameter-and-result-values/71685,SE-0430 (second review): `sendable` parameter and result values
f001419,https://forums.swift.org/t/10-years-on-what-would-you-change-about-swift/71716,"10 years on, what would you change about Swift?"
f001464,https://forums.swift.org/t/api-review-trig-pi-functions/71931,[API review] trig-pi functions
f001471,https://forums.swift.org/t/how-do-i-optimize-compile-times/71938,How do I optimize compile times?
f001510,https://forums.swift.org/t/swiftos-a-proposal/72048,"SwiftOS, a proposal"
f001521,https://forums.swift.org/t/package-manifest-editing-commands-beyond-se-0301/72085,Package manifest editing commands beyond SE-0301
f001540,https://forums.swift.org/t/pitch-package-traits/72191,[Pitch] Package traits
f001570,https://forums.swift.org/t/announcing-swift-5-10-1-for-linux-and-windows/72292,Announcing Swift 5.10.1 for Linux and Windows
f001597,https://forums.swift.org/t/c-interoperability-is-broken-windows-platform/72462,C++ interoperability is broken (Windows platform)
f001628,https://forums.swift.org/t/re-proposal-type-only-unions/72700,[Re-Proposal] Type only Unions
f001629,https://forums.swift.org/t/vs-code-wont-run-swift-on-windows/72721,VS Code won't run Swift on Windows
f001659,https://forums.swift.org/t/se-0439-allow-trailing-comma-in-comma-separated-lists/72876,SE-0439: Allow trailing comma in comma-separated lists
f001677,https://forums.swift.org/t/proposal-set-literals/72929,[Proposal] Set literals
f001704,https://forums.swift.org/t/codable-swiftconcurrency-swift-6-fundamentally-incompatible/73114,"Codable, SwiftConcurrency, Swift 6 - Fundamentally incompatible?"
f001723,https://forums.swift.org/t/making-actor-non-reentrant/73131,Making actor non reentrant
f001728,https://forums.swift.org/t/swift-arc-and-memory-footprint-vs-jvm-and-gc/73151,"Swift, ARC and memory footprint vs JVM and GC"
f001794,https://forums.swift.org/t/can-someone-recommend-a-good-modern-tutorial-on-concurrency/73627,"Can someone recommend a good, modern tutorial on concurrency?"
f001828,https://forums.swift.org/t/rfc-requiring-swift-to-build-the-swift-toolchain/73836,RFC: Requiring Swift to build the Swift toolchain
f001829,https://forums.swift.org/t/swift-concurrency-in-real-apps/73790,Swift Concurrency In Real Apps
f001837,https://forums.swift.org/t/why-do-not-actor-isolated-properties-support-await-setter/73867,Why do not actor-isolated properties support 'await' setter?
f001866,https://forums.swift.org/t/swift-on-stm32c011/73998,Swift on STM32C011
f001903,https://forums.swift.org/t/can-we-make-swift-6-easier/74110,Can we make Swift 6 easier?
f001904,https://forums.swift.org/t/se-0443-precise-control-flags-over-compiler-warnings/74116,SE-0443: Precise Control Flags over Compiler Warnings
f001925,https://forums.swift.org/t/integer-generic-parameters/74181,Integer generic parameters
f001966,https://forums.swift.org/t/default-behavior-of-swift-format/74314,"Default behavior of ""swift format"""
f001982,https://forums.swift.org/t/is-swift-6-a-good-first-language/74384,Is Swift 6 a good first language?
f002036,https://forums.swift.org/t/pitch-foundation-string-encoding-names/74623,Pitch(Foundation): String Encoding Names
f002042,https://forums.swift.org/t/se-0446-nonescapable-types/74666,SE-0446: Nonescapable Types
f002050,https://forums.swift.org/t/se-0447-span-safe-access-to-contiguous-storage/74676,SE-0447: Span: Safe Access to Contiguous Storage
f002088,https://forums.swift.org/t/social-presence-outside-twitter/74968,Social presence outside Twitter
f002119,https://forums.swift.org/t/prospective-vision-optional-strict-memory-safety-for-swift/75090,[Prospective vision] Optional Strict Memory Safety for Swift
f002172,https://forums.swift.org/t/vector-a-fixed-size-array/75264,"Vector, a fixed-size array"
f002218,https://forums.swift.org/t/every-class-observable/75540,Every class @Observable
f002225,https://forums.swift.org/t/se-0450-package-traits/75598,SE-0450: Package traits
f002226,https://forums.swift.org/t/se-0451-raw-identifiers/75602,SE-0451: Raw identifiers
f002238,https://forums.swift.org/t/pitch-modify-and-read-accessors/75627,[Pitch] Modify and read accessors
f002392,https://forums.swift.org/t/is-there-a-reason-we-cant-install-multiple-toolchains-on-windows-simultaneously/76371,Is there a reason we can't install multiple toolchains on windows simultaneously?
f002402,https://forums.swift.org/t/second-review-se-0453-vector-a-fixed-size-array/76412,"[Second review] SE-0453: Vector, a fixed size array"
f002403,https://forums.swift.org/t/subscripting-a-string-should-be-possible-or-have-an-easy-alternative/76416,Subscripting a string should be possible or have an easy alternative
f002404,https://forums.swift.org/t/what-are-the-pain-points-of-deploying-swift-on-server-applications/76435,What are the pain points of deploying Swift on Server applications?
f002408,https://forums.swift.org/t/capture-of-self-in-a-sendable-please-make-it-stop/76463,Capture of self... in a '@Sendable'... Please make it stop!
f002418,https://forums.swift.org/t/lsp-integration-with-cmake-and-nightly-toolchains/76508,LSP integration with CMake and nightly toolchains
f002419,https://forums.swift.org/t/suggestion-tackle-bounds-safety/76516,Suggestion: Tackle bounds safety
f002447,https://forums.swift.org/t/pitch-opt-in-strict-memory-safety-checking/76689,[Pitch] Opt-in Strict Memory Safety Checking
f002488,https://forums.swift.org/t/pitch-explicit-specialization/76967,[Pitch] Explicit Specialization
f002489,https://forums.swift.org/t/pitch-last-expression-as-return-value/76958,[Pitch] Last expression as return value
f002505,https://forums.swift.org/t/pitch-valued-break/76995,[Pitch] Valued break
f002553,https://forums.swift.org/t/se-0456-add-span-providing-properties-to-standard-library-types/77233,SE-0456: Add Span-providing Properties to Standard Library Types
f002562,https://forums.swift.org/t/se-0458-opt-in-strict-memory-safety-checking/77274,SE-0458: Opt-in Strict Memory Safety Checking
f002565,https://forums.swift.org/t/problematic-true-false-boolean-comparisons/77314,Problematic `== true/false` boolean comparisons
f002568,https://forums.swift.org/t/benchmarks-game/77373,Benchmarks game?
f002579,https://forums.swift.org/t/commandline-arguments-is-empty/77387,CommandLine.arguments is empty
f002588,https://forums.swift.org/t/pitch-3-swift-compile-time-values/77434,[Pitch #3] Swift Compile-Time Values
f002600,https://forums.swift.org/t/has-swifts-concurrency-model-gone-too-far/77468,Has Swift's concurrency model gone too far?
f002635,https://forums.swift.org/t/accepted-with-modifications-se-0453-inlinearray-formerly-vector-a-fixed-size-array/77678,"[Accepted with modifications] SE-0453: InlineArray (formerly: Vector, a fixed-size array)"
f002653,https://forums.swift.org/t/pitch-mutablespan/77790,[Pitch] MutableSpan
f002693,https://forums.swift.org/t/pitch-compilersettings-a-top-level-statement-for-enabling-compiler-flags-locally-in-a-specific-file/77994,[PITCH] compilerSettings: a top level statement for enabling compiler flags locally in a specific file
f002718,https://forums.swift.org/t/review-3rd-sf-0007-subprocess/78078,"[Review, 3rd] SF-0007: Subprocess"
f002743,https://forums.swift.org/t/pitch-lifting-restriction-on-explicit-specialization-in-function-calls/78231,[Pitch] Lifting restriction on explicit specialization in function calls
f002756,https://forums.swift.org/t/se-0464-utf8span-safe-utf-8-processing-over-contiguous-bytes/78307,SE-0464: UTF8Span: Safe UTF-8 Processing Over Contiguous Bytes
f002761,https://forums.swift.org/t/pitch-io-uring-support-in-swift-system-on-linux/78340,[PITCH] io_uring support in Swift System on Linux
f002772,https://forums.swift.org/t/android-app-size-and-lib-foundationicu-so/78399,Android app size and lib_FoundationICU.so
f002808,https://forums.swift.org/t/gsoc-2025-re-implement-property-wrappers-with-macros/78573,[GSoC 2025] Re-implement property wrappers with macros
f002809,https://forums.swift.org/t/the-future-of-serialization-deserialization-apis/78585,The future of serialization & deserialization APIs
f002841,https://forums.swift.org/t/pitch-2-lifetime-dependencies-for-non-escapable-values/78821,[Pitch #2] Lifetime dependencies for non-`Escapable` values
f002884,https://forums.swift.org/t/pitch-inlinearray-type-sugar/79142,[Pitch] InlineArray type sugar
f002910,https://forums.swift.org/t/introducing-the-swift-fundraising-cooperative/79252,Introducing the Swift Fundraising Cooperative
f002943,https://forums.swift.org/t/pitch-outputspan/79473,[Pitch] OutputSpan
f002954,https://forums.swift.org/t/replacing-the-type-checker/79518,Replacing the Type Checker
f002979,https://forums.swift.org/t/se-0483-inlinearray-literal-syntax/79643,SE-0483: `InlineArray` Literal Syntax
f003034,https://forums.swift.org/t/creating-an-array-of-random-numbers-in-swift-is-slow/80022,Creating an array of random numbers in Swift is slow
f003049,https://forums.swift.org/t/type-of-s-foo-gotcha/80156,`type(of: s).foo()` gotcha
f003080,https://forums.swift.org/t/redesigned-swift-org-is-now-live/80296,Redesigned Swift.org is now live
f003090,https://forums.swift.org/t/second-review-se-0483-inlinearray-type-sugar/80337,[Second review] SE-0483: `InlineArray` Type Sugar
f003109,https://forums.swift.org/t/review-sf-0027-utcclock-and-epochs/80399,[Review] SF-0027: UTCClock and Epochs
f003137,https://forums.swift.org/t/xcode-26-unable-to-find-module-dependency/80516,Xcode 26: Unable to find module dependency
f003174,https://forums.swift.org/t/announcing-the-android-workgroup/80666,Announcing the Android Workgroup
f003202,https://forums.swift.org/t/pitch-module-selectors/80835,[Pitch] Module selectors
f003221,https://forums.swift.org/t/what-is-the-point-of-having-actor/80908,What is the point of having actor?
f003266,https://forums.swift.org/t/is-this-a-bug-in-automatic-reference-counting/81167,Is this a bug in automatic reference counting?
f003441,https://forums.swift.org/t/explicit-copies-mode/81779,Explicit Copies Mode
f003564,https://forums.swift.org/t/se-0492-section-placement-control/82289,SE-0492: Section Placement Control
f003599,https://forums.swift.org/t/swift-collections-1-3-0/82429,Swift Collections 1.3.0
f003748,https://forums.swift.org/t/efficient-yielding-accessor-abi/82891,Efficient yielding accessor ABI
f003757,https://forums.swift.org/t/pitch-predecessor-and-successor-operators-for-integers/82893,[Pitch] Predecessor and successor operators for integers
f003792,https://forums.swift.org/t/se-0498-expose-demangle-function-in-runtime-module/83032,SE-0498: Expose demangle function in Runtime module
f003812,https://forums.swift.org/t/why-doesnt-removelast-return-a-value/83116,Why doesn't `removeLast(_:)` return a value?
f003833,https://forums.swift.org/t/swift-for-android-vs-kotlin-multi-platform/83220,Swift for Android vs Kotlin Multi-platform
f003923,https://forums.swift.org/t/advent-of-code-2025/83424,Advent of Code 2025
f003949,https://forums.swift.org/t/exclusive-parameter-ownership-modifier/83503,`exclusive` parameter ownership modifier
f004012,https://forums.swift.org/t/shorthand-for-checking-equality-against-multiple-enum-cases/83756,Shorthand for checking equality against multiple enum cases
f004066,https://forums.swift.org/t/pitch-box/84014,[Pitch] Box
f004110,https://forums.swift.org/t/pitch-2-safe-loading-of-values-from-rawspan/84144,[Pitch 2] Safe loading of values from `RawSpan`
f004135,https://forums.swift.org/t/pitch-system-in-the-toolchain/84247,Pitch: System in the toolchain
f004158,https://forums.swift.org/t/pitch-borrowing-sequence/84332,[Pitch] Borrowing Sequence
f004173,https://forums.swift.org/t/sp-001-platform-support-levels/84420,SP-001: Platform Support Levels
f004174,https://forums.swift.org/t/what-is-copyable-for/84437,What is ~Copyable for?
f004185,https://forums.swift.org/t/borrow-and-inout-types-for-safe-first-class-references/84490,"`Borrow` and `Inout` types for safe, first-class references"
f004186,https://forums.swift.org/t/is-copyable-confusing/84463,Is ~Copyable confusing?
f004205,https://forums.swift.org/t/escapable-span-ownership-annotations-etc/84566,"~Escapable, Span, Ownership Annotations, etc"
f004261,https://forums.swift.org/t/typechecker-performance-is-way-worse-in-6-3/84779,Typechecker performance is *way* worse in 6.3
f004270,https://forums.swift.org/t/se-0513-api-to-get-the-path-to-the-current-executable/84800,SE-0513: API to get the path to the current executable
f004279,https://forums.swift.org/t/pitch-add-filepath-to-the-standard-library/84812,Pitch: Add FilePath to the standard library
f004349,https://forums.swift.org/t/se-0517-uniquebox/85107,SE-0517: UniqueBox
f004359,https://forums.swift.org/t/se-0519-borrow-and-inout-types-for-safe-first-class-references/85151,"SE-0519: Borrow and Inout types for safe, first-class references"
f004364,https://forums.swift.org/t/pitch-continuation-safe-and-performant-async-continuations/85165,Pitch: `Continuation` — Safe and Performant Async Continuations
f004371,https://forums.swift.org/t/new-codable-prototype-available-for-feedback/85186,"""New Codable"" prototype available for feedback"
f004433,https://forums.swift.org/t/pitch-uuid-v7-other-improvements/85427,"[Pitch] UUID v7, other improvements"
f004434,https://forums.swift.org/t/proposal-compression-library/85413,[Proposal] Compression Library
f004443,https://forums.swift.org/t/pitch-rigidarray-and-uniquearray/85455,[Pitch] RigidArray and UniqueArray
f004444,https://forums.swift.org/t/se-0522-source-level-control-over-compiler-warnings/85453,SE-0522: Source-Level Control Over Compiler Warnings
f004474,https://forums.swift.org/t/pitch-subprocess-1-0/85589,[Pitch] Subprocess 1.0
f004508,https://forums.swift.org/t/swiftpm-2x-faster-resolves-3x-smaller-disk-footprint/85750,"SwiftPM: 2x faster resolves, 3x smaller disk footprint"
f004509,https://forums.swift.org/t/xylem-a-pure-swift-xml-parser/85754,Xylem: A Pure Swift XML Parser
f004514,https://forums.swift.org/t/compiling-embedded-concurrency-for-armv6/85777,Compiling embedded Concurrency for armv6
f004564,https://forums.swift.org/t/improving-manifest-loading-performance-for-declarative-package-manifests/85994,Improving manifest loading performance for declarative package manifests
f004565,https://forums.swift.org/t/se-0527-rigidarray-and-uniquearray/85985,SE-0527: RigidArray and UniqueArray
f004569,https://forums.swift.org/t/pitch-a-vision-for-com-interoperability-in-swift/86049,Pitch: A vision for COM Interoperability in Swift
f004602,https://forums.swift.org/t/se-0529-add-filepath-to-the-standard-library/86194,SE-0529: Add FilePath to the Standard Library
f004627,https://forums.swift.org/t/pitch-narrowed-any/86369,[Pitch] Narrowed Any
f004666,https://forums.swift.org/t/16-bit-support/86551,16-bit support
f004710,https://forums.swift.org/t/review-sf-0041-uuid-version-support-and-other-enhancements/86848,[Review] SF-0041: UUID Version Support and Other Enhancements
f004711,https://forums.swift.org/t/revision-pitch-iterable-formerly-borrowingsequence/86834,[Revision/Pitch] `Iterable` (formerly `BorrowingSequence`)
f004718,https://forums.swift.org/t/obsolescent-platform-features/86880,Obsolescent Platform Features
f004727,https://forums.swift.org/t/optional-unwrap-to-replace-optional-map/86901,Optional.unwrap() to replace Optional.map()
f004733,https://forums.swift.org/t/se-0532-optional-noncopyable-improvements-and-generalizations/86941,SE-0532: Optional noncopyable improvements and generalizations
f004746,https://forums.swift.org/t/discussion-bag-of-bytes-types/86983,[Discussion] Bag of Bytes Types
f004768,https://forums.swift.org/t/second-review-se-0516-iterable/87106,[Second review] SE-0516: `Iterable`
f004847,https://forums.swift.org/t/review-se-0534-opt-in-exact-matching-for-version-identifiers-with-build-metadata/87815,[Review] SE-0534: Opt-in exact matching for version identifiers with build metadata
f004905,https://forums.swift.org/t/se-0538-disconnected/88361,SE-0538: Disconnected
f004932,https://forums.swift.org/t/proposal-for-swift-dns-types/88492,Proposal for swift-dns-types
f004937,https://forums.swift.org/t/requirements-for-ip-address-and-port-apis/88514,Requirements for IP address and port APIs
f005028,https://forums.swift.org/t/pitch-introduce-a-way-to-annotate-functions-that-are-called-at-most-once/89088,[Pitch] Introduce a way to annotate functions that are called at most once
f005042,https://forums.swift.org/t/pitch-span-over-a-single-value/89189,[Pitch] `Span` over a single value
