claim_id,status,S,R,O,verified_by,file
N3-r1-11,VERIFIED,3,1,1,N3-r1-11-verifier,verify/claims/N3-r1-11.md
N7-r1-06,VERIFIED,4,2,1,N7-r1-06-verifier,verify/claims/N7-r1-06.md
N7-r1-07,VERIFIED,3,2,2,N7-r1-07-verifier,verify/claims/N7-r1-07.md
N7-r1-08,VERIFIED,3,3,1,N7-r1-08-verifier,verify/claims/N7-r1-08.md
N7-r1-09,VERIFIED,3,2,1,N7-r1-09-verifier,verify/claims/N7-r1-09.md
N7-r1-01,VERIFIED,3,1,1,N3-r1-11-verifier,verify/claims/N7-r1-01.md
N7-r1-02,VERIFIED,3,1,1,N3-r1-11-verifier,verify/claims/N7-r1-02.md
N7-r1-03,VERIFIED,3,2,1,N7-r1-03-verifier,verify/claims/N7-r1-03.md
N7-r1-05,UNVERIFIABLE,3,2,1,N7-r1-05-verifier,verify/claims/N7-r1-05.md
N3-r1-02,VERIFIED,4,2,2,t3,verify/claims/N3-r1-02.md
N3-r1-04,UNVERIFIABLE,4,2,1,t3,verify/claims/N3-r1-04.md
N2-r1-05,VERIFIED,3,3,2,t3-n2-a,verify/claims/N2-r1-05.md
N2-r1-06,VERIFIED,3,3,2,t3-n2-a,verify/claims/N2-r1-06.md
N2-r1-09,UNVERIFIABLE,3,2,1,t3-n2-a,verify/claims/N2-r1-09.md
N2-r1-10,VERIFIED,4,2,1,t3,verify/claims/N2-r1-10.md
N3-r1-03,UNVERIFIABLE,3,2,2,N3-r1-03-verifier,verify/claims/N3-r1-03.md
N3-r1-07,VERIFIED,2,1,1,N3-r1-07-verifier,verify/claims/N3-r1-07.md
N3-r1-10,UNVERIFIABLE,2,1,1,t3-n3-b,verify/claims/N3-r1-10.md
N3-r1-12,VERIFIED,3,1,1,t3-n3-b,verify/claims/N3-r1-12.md
N7-r1-04,VERIFIED,3,1,1,t3-n3-c,verify/claims/N7-r1-04.md
N1-r1-10,VERIFIED,4,2,0,N1-r1-10-verifier,verify/claims/N1-r1-10.md
N1-r1-12,UNVERIFIABLE,4,2,1,N1-r1-12-verifier,verify/claims/N1-r1-12.md
N1-r1-01,VERIFIED,3,2,1,t3,verify/claims/N1-r1-01.md
N1-r1-02,VERIFIED,3,1,1,t3,verify/claims/N1-r1-02.md
N2-r1-01,VERIFIED,4,1,2,N2-r1-01-verifier,verify/claims/N2-r1-01.md
N2-r1-02,VERIFIED,3,1,2,N2-r1-02-verifier,verify/claims/N2-r1-02.md
N2-r1-03,VERIFIED,3,1,0,N2-r1-03-verifier,verify/claims/N2-r1-03.md
N1-r1-09,VERIFIED,4,1,2,N1-r1-09-verifier,verify/claims/N1-r1-09.md
N5-r2-01,VERIFIED,3,2,1,N5-r2-01-verifier,verify/claims/N5-r2-01.md
N5-r2-02,REFUTED,1,2,1,N5-r2-02-verifier,verify/claims/N5-r2-02.md
N5-r2-03,VERIFIED,3,2,1,N5-r2-03-verifier,verify/claims/N5-r2-03.md
N4-r2-05,VERIFIED,3,2,1,t3,verify/claims/N4-r2-05.md
N4-r2-06,VERIFIED,3,2,0,t3,verify/claims/N4-r2-06.md
N4-r2-10,VERIFIED,3,1,1,t3,verify/claims/N4-r2-10.md
N6-r2-01,VERIFIED,4,2,2,N6-verifier,verify/claims/N6-r2-01.md
N6-r2-03,VERIFIED,3,2,0,N6-verifier,verify/claims/N6-r2-03.md
N6-r2-04,VERIFIED,4,2,0,N6-verifier,verify/claims/N6-r2-04.md
N6-r2-09,VERIFIED,3,2,0,N6-verifier,verify/claims/N6-r2-09.md
N6-r2-12,VERIFIED,3,1,2,N6-verifier,verify/claims/N6-r2-12.md
N6-r2-13,VERIFIED,4,1,2,N6-verifier,verify/claims/N6-r2-13.md
N6-r2-01,UNVERIFIABLE,4,2,2,N6-verifier,verify/claims/N6-r2-01.md
N6-r2-03,VERIFIED,3,2,0,N6-verifier,verify/claims/N6-r2-03.md
N6-r2-04,UNVERIFIABLE,4,2,0,N6-verifier,verify/claims/N6-r2-04.md
N6-r2-09,UNVERIFIABLE,3,2,0,N6-verifier,verify/claims/N6-r2-09.md
N2-r3-06,UNVERIFIABLE,,,,t3-n2r3-a,verify/claims/N2-r3-06.md
N2-r3-07,UNVERIFIABLE,,,,t3-n2r3-a,verify/claims/N2-r3-07.md
N2-r3-08,UNVERIFIABLE,,,,t3-n2r3-a,verify/claims/N2-r3-08.md
N2-r3-01,VERIFIED,4,2,2,N2-r3-verifier,verify/claims/N2-r3-01.md
N2-r3-02,VERIFIED,4,2,1,N2-r3-verifier,verify/claims/N2-r3-02.md
N2-r3-10,VERIFIED,4,2,0,N2-r3-verifier,verify/claims/N2-r3-10.md
N2-r3-03,UNVERIFIABLE,4,1,1,N2-r3-verifier,verify/claims/N2-r3-03.md
N2-r3-04,UNVERIFIABLE,4,1,1,N2-r3-verifier,verify/claims/N2-r3-04.md
N2-r3-05,UNVERIFIABLE,4,1,1,N2-r3-verifier,verify/claims/N2-r3-05.md
N1-r3-01,VERIFIED,4,1,2,N1-r3-verifier,verify/claims/N1-r3-01.md
N1-r3-02,VERIFIED,4,1,1,N1-r3-verifier,verify/claims/N1-r3-02.md
N1-r3-03,VERIFIED,4,1,2,N1-r3-verifier,verify/claims/N1-r3-03.md
N1-r3-05,UNVERIFIABLE,4,2,2,N1-r3-verifier,verify/claims/N1-r3-05.md
N1-r3-06,UNVERIFIABLE,4,2,2,N1-r3-verifier,verify/claims/N1-r3-06.md
N1-r3-07,UNVERIFIABLE,3,1,0,N1-r3-verifier,verify/claims/N1-r3-07.md
N1-r3-11,VERIFIED,3,1,1,N1-r3-verifier,verify/claims/N1-r3-11.md
N1-r3-12,REFUTED,3,2,0,N1-r3-verifier,verify/claims/N1-r3-12.md
N3-r3-02,VERIFIED,3,2,0,t3-n3-verify,verify/claims/N3-r3-02.md
N3-r3-04,VERIFIED,3,2,1,t3-n3-verify,verify/claims/N3-r3-04.md
N3-r3-05,UNVERIFIABLE,3,1,1,t3-n3-verify,verify/claims/N3-r3-05.md
N3-r3-06,VERIFIED,4,2,0,t3-n3-verify,verify/claims/N3-r3-06.md
N3-r3-08,UNVERIFIABLE,3,1,1,t3-n3-verify,verify/claims/N3-r3-08.md
N3-r3-09,UNVERIFIABLE,3,1,1,t3-n3-verify,verify/claims/N3-r3-09.md
N3-r3-10,UNVERIFIABLE,3,1,1,t3-n3-verify,verify/claims/N3-r3-10.md
N7-r3-01,VERIFIED,3,3,1,t3-n7-a,verify/claims/N7-r3-01.md
N7-r3-02,VERIFIED,3,1,1,t3-n7-a,verify/claims/N7-r3-02.md
N7-r3-04,REFUTED,3,3,2,t3-n7-a,verify/claims/N7-r3-04.md
N7-r3-05,REFUTED,3,2,1,t3-n7-a,verify/claims/N7-r3-05.md
N7-r3-04c,VERIFIED,3,3,2,t3-n7-a,verify/claims/N7-r3-04c.md
N7-r3-05c,VERIFIED,3,2,1,t3-n7-a,verify/claims/N7-r3-05c.md
N7-r3-03,VERIFIED,3,2,1,t3-n7r3-b,verify/claims/N7-r3-03.md
N7-r3-06,VERIFIED,3,2,0,t3-n7r3-b,verify/claims/N7-r3-06.md
N7-r3-07,VERIFIED,3,1,1,t3-n7r3-b,verify/claims/N7-r3-07.md
N7-r3-08,VERIFIED,3,2,0,t3-n7r3-b,verify/claims/N7-r3-08.md
N7-r3-11,VERIFIED,3,1,1,t3-n7r3-b,verify/claims/N7-r3-11.md
N4-r3-01,VERIFIED,3,1,0,t3-n7r3-b,verify/claims/N4-r3-01.md
N4-r3-02,VERIFIED,1,1,0,t3-n7r3-b,verify/claims/N4-r3-02.md
N6-r3-01,UNVERIFIABLE,3,1,0,t3-n6-a,verify/claims/N6-r3-01.md
N6-r3-02,UNVERIFIABLE,3,1,0,t3-n6-a,verify/claims/N6-r3-02.md
N6-r3-03,UNVERIFIABLE,3,1,0,t3-n6-a,verify/claims/N6-r3-03.md
N6-r3-04,VERIFIED,3,1,1,t3-n6-a,verify/claims/N6-r3-04.md
N6-r3-10,UNVERIFIABLE,3,2,2,t3-n6-a,verify/claims/N6-r3-10.md
N6-r3-11,VERIFIED,3,3,0,t3-n6-a,verify/claims/N6-r3-11.md
N5-r3-13,VERIFIED,3,2,0,t3-n6-a,verify/claims/N5-r3-13.md
